sample.interval=10000
"findLocals1" "lapply" "FUN" "lapply" "findLocalsList1" "findLocalsList" "findLocals" ".set_ops_need_as_vector" "union" "addCenvVars" "compile" "doTryCatch" "tryCatchOne" "tryCatchList" "tryCatch" "compiler:::tryCompile" 
"findCenvVar" "getInlineInfo" "isBaseVar" "isLoopTopFun" "checkSkipLoopCntxt" "checkSkipLoopCntxtList" "checkSkipLoopCntxt" "checkSkipLoopCntxtList" "checkSkipLoopCntxt" "checkSkipLoopCntxtList" "checkSkipLoopCntxt" "checkSkipLoopCntxtList" "checkSkipLoopCntxt" "h" "tryInline" "cmpCall" "cmp" "genCode" "compile" "doTryCatch" "tryCatchOne" "tryCatchList" "tryCatch" "compiler:::tryCompile" 
"findCenvVar" "getInlineInfo" "tryInline" "cmpCall" "cmp" "h" "tryInline" "cmpCall" "cmp" "cmpForBody" "h" "tryInline" "cmpCall" "cmp" "genCode" "compile" "doTryCatch" "tryCatchOne" "tryCatchList" "tryCatch" "compiler:::tryCompile" 
"findCenvVar" "getInlineInfo" "tryInline" "cmpCall" "cmp" "cmpPrim2" "h" "tryInline" "cmpCall" "cmp" "h" "tryInline" "cmpCall" "cmp" "cmpPrim2" "h" "tryInline" "cmpCall" "cmp" "cmpBuiltinArgs" "cmpDispatch" "h" "tryInline" "cmpCall" "cmp" "cmpSymbolAssign" "h" "tryInline" "cmpCall" "cmp" "h" "tryInline" "cmpCall" "cmp" "cmpForBody" "h" "tryInline" "cmpCall" "cmp" "genCode" "compile" "doTryCatch" "tryCatchOne" "tryCatchList" "tryCatch" "compiler:::tryCompile" 
"findCenvVar" "getInlineInfo" "isBaseVar" "getFoldFun" "constantFoldCall" "constantFold" "cmp" "h" "tryInline" "cmpCall" "cmp" "cmpPrim2" "h" "tryInline" "cmpCall" "cmp" "cmpBuiltinArgs" "cmpDispatch" "h" "tryInline" "cmpCall" "cmp" "cmpSymbolAssign" "h" "tryInline" "cmpCall" "cmp" "h" "tryInline" "cmpCall" "cmp" "cmpForBody" "h" "tryInline" "cmpCall" "cmp" "genCode" "compile" "doTryCatch" "tryCatchOne" "tryCatchList" "tryCatch" "compiler:::tryCompile" 
"anyDots" "h" "tryInline" "cmpCall" "cmp" "cmpCallExprFun" "cmpCall" "cmp" "cmpSymbolAssign" "h" "tryInline" "cmpCall" "cmp" "h" "tryInline" "cmpCall" "cmp" "cmpForBody" "h" "tryInline" "cmpCall" "cmp" "genCode" "compile" "doTryCatch" "tryCatchOne" "tryCatchList" "tryCatch" "compiler:::tryCompile" 
"anyDots" "h" "tryInline" "cmpCall" "cmp" "cmpCallExprFun" "cmpCall" "cmp" "cmpSymbolAssign" "h" "tryInline" "cmpCall" "cmp" "h" "tryInline" "cmpCall" "cmp" "cmpForBody" "h" "tryInline" "cmpCall" "cmp" "genCode" "compile" "doTryCatch" "tryCatchOne" "tryCatchList" "tryCatch" "compiler:::tryCompile" 
"findCenvVar" "getInlineInfo" "isBaseVar" "FUN" "lapply" "unlist" "Filter" "findLocalsList" "funEnv" "make.functionContext" "h" "tryInline" "cmpCall" "cmp" "genCode" "cb$putconst" "cmpCallArgs" "cmpCallExprFun" "cmpCall" "cmp" "h" "tryInline" "cmpCall" "cmp" "cmpForBody" "h" "tryInline" "cmpCall" "cmp" "genCode" "compile" "doTryCatch" "tryCatchOne" "tryCatchList" "tryCatch" "compiler:::tryCompile" 
"findCenvVar" "getInlineInfo" "isBaseVar" "FUN" "lapply" "unlist" "Filter" "findLocalsList" "funEnv" "make.functionContext" "h" "tryInline" "cmpCall" "cmp" "genCode" "cb$putconst" "cmpCallArgs" "cmpCallExprFun" "cmpCall" "cmp" "h" "tryInline" "cmpCall" "cmp" "cmpForBody" "h" "tryInline" "cmpCall" "cmp" "genCode" "compile" "doTryCatch" "tryCatchOne" "tryCatchList" "tryCatch" "compiler:::tryCompile" 
"exists" "findCenvVar" "findLocVar" "cmpCall" "cmp" "genCode" "h" "tryInline" "cmpCall" "cmp" "genCode" "cb$putconst" "cmpCallArgs" "cmpCallExprFun" "cmpCall" "cmp" "h" "tryInline" "cmpCall" "cmp" "cmpForBody" "h" "tryInline" "cmpCall" "cmp" "genCode" "compile" "doTryCatch" "tryCatchOne" "tryCatchList" "tryCatch" "compiler:::tryCompile" 
"$" "findCenvVar" "getInlineInfo" "isBaseVar" "getFoldFun" "constantFoldCall" "constantFold" "cmp" "genCode" "cb$putconst" "cmpCallArgs" "cmpCallSymFun" "cmpCall" "cmp" "genCode" "h" "tryInline" "cmpCall" "cmp" "genCode" "cb$putconst" "cmpCallArgs" "cmpCallExprFun" "cmpCall" "cmp" "h" "tryInline" "cmpCall" "cmp" "cmpForBody" "h" "tryInline" "cmpCall" "cmp" "genCode" "compile" "doTryCatch" "tryCatchOne" "tryCatchList" "tryCatch" "compiler:::tryCompile" 
"[.data.frame" "[" "na.omit.data.frame" "na.omit" ".External2" "model.frame.default" "model.frame" "model.matrix.default" "model.matrix" "private$build_design_matrix" "self$WangShaoKim2014" "initialize" "EBMRAlgorithmFast4$new" 
"[.data.frame" "[" "na.omit.data.frame" "na.omit" ".External2" "model.frame.default" "model.frame" "model.matrix.default" "model.matrix" "private$build_design_matrix" "self$WangShaoKim2014" "initialize" "EBMRAlgorithmFast4$new" 
"[.data.frame" "[" "na.omit.data.frame" "na.omit" ".External2" "model.frame.default" "model.frame" "model.matrix.default" "model.matrix" "private$build_design_matrix" "self$WangShaoKim2014" "initialize" "EBMRAlgorithmFast4$new" 
"[.data.frame" "[" "na.omit.data.frame" "na.omit" ".External2" "model.frame.default" "model.frame" "model.matrix.default" "model.matrix" "private$build_design_matrix" "self$WangShaoKim2014" "initialize" "EBMRAlgorithmFast4$new" 
"factor" "as.factor" "self$WangShaoKim2014" "initialize" "EBMRAlgorithmFast4$new" 
"as.vector" "self$WangShaoKim2014" "initialize" "EBMRAlgorithmFast4$new" 
"exp" "compute_pi" "g" "cache" "fn" "<Anonymous>" ".External2" "optim" "private$gmm" "self$WangShaoKim2014" "initialize" "EBMRAlgorithmFast4$new" 
"exp" "compute_pi" "g" "cache" "fn" "<Anonymous>" ".External2" "optim" "private$gmm" "self$WangShaoKim2014" "initialize" "EBMRAlgorithmFast4$new" 
"fn" "<Anonymous>" ".External2" "optim" "private$gmm" "self$WangShaoKim2014" "initialize" "EBMRAlgorithmFast4$new" 
"as.vector" "g" "cache" "fn" "<Anonymous>" ".External2" "optim" "private$gmm" "self$WangShaoKim2014" "initialize" "EBMRAlgorithmFast4$new" 
"crossprod" "Gamma_direct" "gr" "<Anonymous>" ".External2" "optim" "private$gmm" "self$WangShaoKim2014" "initialize" "EBMRAlgorithmFast4$new" 
"crossprod" "Gamma_direct" "gr" "<Anonymous>" ".External2" "optim" "private$gmm" "self$WangShaoKim2014" "initialize" "EBMRAlgorithmFast4$new" 
"%*%" "g" "cache" "fn" "<Anonymous>" ".External2" "optim" "private$gmm" "self$WangShaoKim2014" "initialize" "EBMRAlgorithmFast4$new" 
"mostattributes<-" "pmin" "compute_pi" "g" "cache" "fn" "<Anonymous>" ".External2" "optim" "private$gmm" "self$WangShaoKim2014" "initialize" "EBMRAlgorithmFast4$new" 
"mostattributes<-" "pmin" "compute_pi" "g" "cache" "fn" "<Anonymous>" ".External2" "optim" "private$gmm" "self$WangShaoKim2014" "initialize" "EBMRAlgorithmFast4$new" 
"as.vector" "g" "cache" "fn" "<Anonymous>" ".External2" "optim" "private$gmm" "self$WangShaoKim2014" "initialize" "EBMRAlgorithmFast4$new" 
"vapply" "pmin" "compute_pi" "as.vector" "Gamma_direct" "conv_grad" "private$gmm" "self$WangShaoKim2014" "initialize" "EBMRAlgorithmFast4$new" 
"exp" "compute_pi" "as.vector" "Gamma_direct" "gr" "<Anonymous>" ".External2" "optim" "private$gmm" "self$WangShaoKim2014" "initialize" "EBMRAlgorithmFast4$new" 
"mostattributes<-" "pmin" "compute_pi" "as.vector" "Gamma_direct" "gr" "<Anonymous>" ".External2" "optim" "private$gmm" "self$WangShaoKim2014" "initialize" "EBMRAlgorithmFast4$new" 
"t.default" "t" "solve" "W" "doTryCatch" "tryCatchOne" "tryCatchList" "tryCatch" "conv_grad" "private$gmm" "self$WangShaoKim2014" "initialize" "EBMRAlgorithmFast4$new" 
"*" "Gamma_direct" "gr" "<Anonymous>" ".External2" "optim" "private$gmm" "self$WangShaoKim2014" "initialize" "EBMRAlgorithmFast4$new" 
"*" "Gamma_direct" "gr" "<Anonymous>" ".External2" "optim" "private$gmm" "self$WangShaoKim2014" "initialize" "EBMRAlgorithmFast4$new" 
"exp" "compute_pi" "g" "cache" "fn" "<Anonymous>" ".External2" "optim" "private$gmm" "self$WangShaoKim2014" "initialize" "EBMRAlgorithmFast4$new" 
"mostattributes<-" "pmax" "pmin" "compute_pi" "g" "cache" "fn" "<Anonymous>" ".External2" "optim" "private$gmm" "self$WangShaoKim2014" "initialize" "EBMRAlgorithmFast4$new" 
"mostattributes<-" "pmax" "pmin" "compute_pi" "g" "cache" "fn" "<Anonymous>" ".External2" "optim" "private$gmm" "self$WangShaoKim2014" "initialize" "EBMRAlgorithmFast4$new" 
"FUN" "vapply" "pmin" "compute_pi" "g" "cache" "fn" "<Anonymous>" ".External2" "optim" "private$gmm" "self$WangShaoKim2014" "initialize" "EBMRAlgorithmFast4$new" 
"%*%" "as.vector" "Gamma_direct" "gr" "<Anonymous>" ".External2" "optim" "private$gmm" "self$WangShaoKim2014" "initialize" "EBMRAlgorithmFast4$new" 
"exp" "compute_pi" "as.vector" "Gamma_direct" "gr" "<Anonymous>" ".External2" "optim" "private$gmm" "self$WangShaoKim2014" "initialize" "EBMRAlgorithmFast4$new" 
"*" "g" "cache" "fn" "<Anonymous>" ".External2" "optim" "private$gmm" "self$WangShaoKim2014" "initialize" "EBMRAlgorithmFast4$new" 
"crossprod" "Gamma_direct" "gr" "<Anonymous>" ".External2" "optim" "private$gmm" "self$WangShaoKim2014" "initialize" "EBMRAlgorithmFast4$new" 
"exp" "compute_pi" "g" "cache" "fn" "<Anonymous>" ".External2" "optim" "private$gmm" "self$WangShaoKim2014" "initialize" "EBMRAlgorithmFast4$new" 
"exp" "compute_pi" "g" "cache" "fn" "<Anonymous>" ".External2" "optim" "private$gmm" "self$WangShaoKim2014" "initialize" "EBMRAlgorithmFast4$new" 
"*" "g" "cache" "fn" "<Anonymous>" ".External2" "optim" "private$gmm" "self$WangShaoKim2014" "initialize" "EBMRAlgorithmFast4$new" 
"*" "Gamma_direct" "gr" "<Anonymous>" ".External2" "optim" "private$gmm" "self$WangShaoKim2014" "initialize" "EBMRAlgorithmFast4$new" 
"as.vector" "g" "func" "genD.default" "genD" "hessian.default" "hessian" "doTryCatch" "tryCatchOne" "tryCatchList" "tryCatch" "private$gmm" "self$WangShaoKim2014" "initialize" "EBMRAlgorithmFast4$new" 
"as.vector" "g" "func" "genD.default" "genD" "hessian.default" "hessian" "doTryCatch" "tryCatchOne" "tryCatchList" "tryCatch" "private$gmm" "self$WangShaoKim2014" "initialize" "EBMRAlgorithmFast4$new" 
"as.vector" "g" "func" "genD.default" "genD" "hessian.default" "hessian" "doTryCatch" "tryCatchOne" "tryCatchList" "tryCatch" "private$gmm" "self$WangShaoKim2014" "initialize" "EBMRAlgorithmFast4$new" 
"diag" "solve.default" "solve" "W" "doTryCatch" "tryCatchOne" "tryCatchList" "tryCatch" "func" "genD.default" "genD" "hessian.default" "hessian" "doTryCatch" "tryCatchOne" "tryCatchList" "tryCatch" "private$gmm" "self$WangShaoKim2014" "initialize" "EBMRAlgorithmFast4$new" 
"%*%" "solve" "W" "doTryCatch" "tryCatchOne" "tryCatchList" "tryCatch" "func" "genD.default" "genD" "hessian.default" "hessian" "doTryCatch" "tryCatchOne" "tryCatchList" "tryCatch" "private$gmm" "self$WangShaoKim2014" "initialize" "EBMRAlgorithmFast4$new" 
"exp" "compute_pi" "g" "func" "genD.default" "genD" "hessian.default" "hessian" "doTryCatch" "tryCatchOne" "tryCatchList" "tryCatch" "private$gmm" "self$WangShaoKim2014" "initialize" "EBMRAlgorithmFast4$new" 
"mostattributes<-" "pmin" "compute_pi" "g" "func" "genD.default" "genD" "hessian.default" "hessian" "doTryCatch" "tryCatchOne" "tryCatchList" "tryCatch" "private$gmm" "self$WangShaoKim2014" "initialize" "EBMRAlgorithmFast4$new" 
"doTryCatch" "tryCatchOne" "tryCatchList" "tryCatch" "func" "genD.default" "genD" "hessian.default" "hessian" "doTryCatch" "tryCatchOne" "tryCatchList" "tryCatch" "private$gmm" "self$WangShaoKim2014" "initialize" "EBMRAlgorithmFast4$new" 
"mostattributes<-" "pmax" "pmin" "compute_pi" "g" "func" "genD.default" "genD" "hessian.default" "hessian" "doTryCatch" "tryCatchOne" "tryCatchList" "tryCatch" "private$gmm" "self$WangShaoKim2014" "initialize" "EBMRAlgorithmFast4$new" 
"as.vector" "g" "func" "genD.default" "genD" "hessian.default" "hessian" "doTryCatch" "tryCatchOne" "tryCatchList" "tryCatch" "private$gmm" "self$WangShaoKim2014" "initialize" "EBMRAlgorithmFast4$new" 
"%*%" "g" "func" "genD.default" "genD" "hessian.default" "hessian" "doTryCatch" "tryCatchOne" "tryCatchList" "tryCatch" "private$gmm" "self$WangShaoKim2014" "initialize" "EBMRAlgorithmFast4$new" 
"t.default" "t" "solve" "W" "doTryCatch" "tryCatchOne" "tryCatchList" "tryCatch" "func" "genD.default" "genD" "hessian.default" "hessian" "doTryCatch" "tryCatchOne" "tryCatchList" "tryCatch" "private$gmm" "self$WangShaoKim2014" "initialize" "EBMRAlgorithmFast4$new" 
"pmin" "compute_pi" "g" "func" "genD.default" "genD" "hessian.default" "hessian" "doTryCatch" "tryCatchOne" "tryCatchList" "tryCatch" "private$gmm" "self$WangShaoKim2014" "initialize" "EBMRAlgorithmFast4$new" 
"/" "g" "func" "genD.default" "genD" "hessian.default" "hessian" "doTryCatch" "tryCatchOne" "tryCatchList" "tryCatch" "private$gmm" "self$WangShaoKim2014" "initialize" "EBMRAlgorithmFast4$new" 
"solve.default" "solve" "W" "doTryCatch" "tryCatchOne" "tryCatchList" "tryCatch" "func" "genD.default" "genD" "hessian.default" "hessian" "doTryCatch" "tryCatchOne" "tryCatchList" "tryCatch" "private$gmm" "self$WangShaoKim2014" "initialize" "EBMRAlgorithmFast4$new" 
"*" "g" "func" "genD.default" "genD" "hessian.default" "hessian" "doTryCatch" "tryCatchOne" "tryCatchList" "tryCatch" "private$gmm" "self$WangShaoKim2014" "initialize" "EBMRAlgorithmFast4$new" 
"*" "g" "func" "genD.default" "genD" "hessian.default" "hessian" "doTryCatch" "tryCatchOne" "tryCatchList" "tryCatch" "private$gmm" "self$WangShaoKim2014" "initialize" "EBMRAlgorithmFast4$new" 
"*" "g" "func" "genD.default" "genD" "hessian.default" "hessian" "doTryCatch" "tryCatchOne" "tryCatchList" "tryCatch" "private$gmm" "self$WangShaoKim2014" "initialize" "EBMRAlgorithmFast4$new" 
"as.matrix" "solve.default" "solve" "W" "doTryCatch" "tryCatchOne" "tryCatchList" "tryCatch" "func" "genD.default" "genD" "hessian.default" "hessian" "doTryCatch" "tryCatchOne" "tryCatchList" "tryCatch" "private$gmm" "self$WangShaoKim2014" "initialize" "EBMRAlgorithmFast4$new" 
"-" "g" "func" "genD.default" "genD" "hessian.default" "hessian" "doTryCatch" "tryCatchOne" "tryCatchList" "tryCatch" "private$gmm" "self$WangShaoKim2014" "initialize" "EBMRAlgorithmFast4$new" 
"-" "g" "func" "genD.default" "genD" "hessian.default" "hessian" "doTryCatch" "tryCatchOne" "tryCatchList" "tryCatch" "private$gmm" "self$WangShaoKim2014" "initialize" "EBMRAlgorithmFast4$new" 
"solve.default" "solve" "W" "doTryCatch" "tryCatchOne" "tryCatchList" "tryCatch" "func" "genD.default" "genD" "hessian.default" "hessian" "doTryCatch" "tryCatchOne" "tryCatchList" "tryCatch" "private$gmm" "self$WangShaoKim2014" "initialize" "EBMRAlgorithmFast4$new" 
"*" "dg" "t_Gamma_i" "private$gmm" "self$WangShaoKim2014" "initialize" "EBMRAlgorithmFast4$new" 
"*" "dg" "t_Gamma_i" "private$gmm" "self$WangShaoKim2014" "initialize" "EBMRAlgorithmFast4$new" 
"*" "dg" "t_Gamma_i" "private$gmm" "self$WangShaoKim2014" "initialize" "EBMRAlgorithmFast4$new" 
"*" "dg" "t_Gamma_i" "private$gmm" "self$WangShaoKim2014" "initialize" "EBMRAlgorithmFast4$new" 
"standardGeneric" "solve" "doTryCatch" "tryCatchOne" "tryCatchList" "tryCatch" "private$gmm" "self$WangShaoKim2014" "initialize" "EBMRAlgorithmFast4$new" 
"%*%" "private$gmm" "self$WangShaoKim2014" "initialize" "EBMRAlgorithmFast4$new" 
"as.matrix.data.frame" "as.matrix" "standardGeneric" "as.matrix" "standardGeneric" "mean" "self$WangShaoKim2014" "initialize" "EBMRAlgorithmFast4$new" 
"as.vector" "ebmr2$EBMR_IPW" 
"factor" "as.factor" "self$WangShaoKim2014" "initialize" "EBMRAlgorithmFast4$new" 
"crossprod" "Gamma_direct" "gr" "<Anonymous>" ".External2" "optim" "private$gmm" "self$WangShaoKim2014" "initialize" "EBMRAlgorithmFast4$new" 
".External2" "optim" "private$gmm" "self$WangShaoKim2014" "initialize" "EBMRAlgorithmFast4$new" 
"mostattributes<-" "pmin" "compute_pi" "g" "cache" "fn" "<Anonymous>" ".External2" "optim" "private$gmm" "self$WangShaoKim2014" "initialize" "EBMRAlgorithmFast4$new" 
"FUN" "vapply" "pmax" "pmin" "compute_pi" "g" "cache" "fn" "<Anonymous>" ".External2" "optim" "private$gmm" "self$WangShaoKim2014" "initialize" "EBMRAlgorithmFast4$new" 
"mostattributes<-" "pmin" "compute_pi" "g" "cache" "fn" "<Anonymous>" ".External2" "optim" "private$gmm" "self$WangShaoKim2014" "initialize" "EBMRAlgorithmFast4$new" 
"exp" "compute_pi" "as.vector" "Gamma_direct" "gr" "<Anonymous>" ".External2" "optim" "private$gmm" "self$WangShaoKim2014" "initialize" "EBMRAlgorithmFast4$new" 
"gr" "<Anonymous>" ".External2" "optim" "private$gmm" "self$WangShaoKim2014" "initialize" "EBMRAlgorithmFast4$new" 
"*" "g" "cache" "fn" "<Anonymous>" ".External2" "optim" "private$gmm" "self$WangShaoKim2014" "initialize" "EBMRAlgorithmFast4$new" 
"cache" "fn" "<Anonymous>" ".External2" "optim" "private$gmm" "self$WangShaoKim2014" "initialize" "EBMRAlgorithmFast4$new" 
"cache" "fn" "<Anonymous>" ".External2" "optim" "private$gmm" "self$WangShaoKim2014" "initialize" "EBMRAlgorithmFast4$new" 
"*" "g" "cache" "fn" "<Anonymous>" ".External2" "optim" "private$gmm" "self$WangShaoKim2014" "initialize" "EBMRAlgorithmFast4$new" 
"crossprod" "Gamma_direct" "gr" "<Anonymous>" ".External2" "optim" "private$gmm" "self$WangShaoKim2014" "initialize" "EBMRAlgorithmFast4$new" 
".colMeans" "matrix" "cache" "fn" "<Anonymous>" ".External2" "optim" "private$gmm" "self$WangShaoKim2014" "initialize" "EBMRAlgorithmFast4$new" 
".colMeans" "matrix" "cache" "fn" "<Anonymous>" ".External2" "optim" "private$gmm" "self$WangShaoKim2014" "initialize" "EBMRAlgorithmFast4$new" 
"/" "g" "cache" "fn" "<Anonymous>" ".External2" "optim" "private$gmm" "self$WangShaoKim2014" "initialize" "EBMRAlgorithmFast4$new" 
"as.vector" "Gamma_direct" "gr" "<Anonymous>" ".External2" "optim" "private$gmm" "self$WangShaoKim2014" "initialize" "EBMRAlgorithmFast4$new" 
"as.vector" "Gamma_direct" "gr" "<Anonymous>" ".External2" "optim" "private$gmm" "self$WangShaoKim2014" "initialize" "EBMRAlgorithmFast4$new" 
"*" "g" "cache" "fn" "<Anonymous>" ".External2" "optim" "private$gmm" "self$WangShaoKim2014" "initialize" "EBMRAlgorithmFast4$new" 
"*" "g" "cache" "fn" "<Anonymous>" ".External2" "optim" "private$gmm" "self$WangShaoKim2014" "initialize" "EBMRAlgorithmFast4$new" 
"%*%" "g" "cache" "fn" "<Anonymous>" ".External2" "optim" "private$gmm" "self$WangShaoKim2014" "initialize" "EBMRAlgorithmFast4$new" 
"%*%" "g" "cache" "fn" "<Anonymous>" ".External2" "optim" "private$gmm" "self$WangShaoKim2014" "initialize" "EBMRAlgorithmFast4$new" 
"exp" "compute_pi" "as.vector" "Gamma_direct" "gr" "<Anonymous>" ".External2" "optim" "private$gmm" "self$WangShaoKim2014" "initialize" "EBMRAlgorithmFast4$new" 
"exp" "compute_pi" "g" "cache" "fn" "<Anonymous>" ".External2" "optim" "private$gmm" "self$WangShaoKim2014" "initialize" "EBMRAlgorithmFast4$new" 
"colnames<-" "solve.default" "solve" "W" "doTryCatch" "tryCatchOne" "tryCatchList" "tryCatch" "private$gmm" "self$WangShaoKim2014" "initialize" "EBMRAlgorithmFast4$new" 
"t" "solve" "W" "doTryCatch" "tryCatchOne" "tryCatchList" "tryCatch" "private$gmm" "self$WangShaoKim2014" "initialize" "EBMRAlgorithmFast4$new" 
"doTryCatch" "tryCatchOne" "tryCatchList" "tryCatch" "conv_grad" "private$gmm" "self$WangShaoKim2014" "initialize" "EBMRAlgorithmFast4$new" 
"%*%" "solve" "W" "doTryCatch" "tryCatchOne" "tryCatchList" "tryCatch" "conv_grad" "private$gmm" "self$WangShaoKim2014" "initialize" "EBMRAlgorithmFast4$new" 
"exp" "compute_pi" "as.vector" "Gamma_direct" "gr" "<Anonymous>" ".External2" "optim" "private$gmm" "self$WangShaoKim2014" "initialize" "EBMRAlgorithmFast4$new" 
"optim" "private$gmm" "self$WangShaoKim2014" "initialize" "EBMRAlgorithmFast4$new" 
"pmax" "pmin" "compute_pi" "g" "cache" "fn" "<Anonymous>" ".External2" "optim" "private$gmm" "self$WangShaoKim2014" "initialize" "EBMRAlgorithmFast4$new" 
"as.vector" "Gamma_direct" "gr" "<Anonymous>" ".External2" "optim" "private$gmm" "self$WangShaoKim2014" "initialize" "EBMRAlgorithmFast4$new" 
"exp" "compute_pi" "as.vector" "Gamma_direct" "gr" "<Anonymous>" ".External2" "optim" "private$gmm" "self$WangShaoKim2014" "initialize" "EBMRAlgorithmFast4$new" 
"exp" "compute_pi" "as.vector" "Gamma_direct" "gr" "<Anonymous>" ".External2" "optim" "private$gmm" "self$WangShaoKim2014" "initialize" "EBMRAlgorithmFast4$new" 
"*" "g" "cache" "fn" "<Anonymous>" ".External2" "optim" "private$gmm" "self$WangShaoKim2014" "initialize" "EBMRAlgorithmFast4$new" 
"Gamma_direct" "conv_grad" "private$gmm" "self$WangShaoKim2014" "initialize" "EBMRAlgorithmFast4$new" 
"Gamma_direct" "conv_grad" "private$gmm" "self$WangShaoKim2014" "initialize" "EBMRAlgorithmFast4$new" 
"tryCatchList" "tryCatch" "func" "hessian.default" "hessian" "doTryCatch" "tryCatchOne" "tryCatchList" "tryCatch" "private$gmm" "self$WangShaoKim2014" "initialize" "EBMRAlgorithmFast4$new" 
"%*%" "solve" "W" "doTryCatch" "tryCatchOne" "tryCatchList" "tryCatch" "func" "genD.default" "genD" "hessian.default" "hessian" "doTryCatch" "tryCatchOne" "tryCatchList" "tryCatch" "private$gmm" "self$WangShaoKim2014" "initialize" "EBMRAlgorithmFast4$new" 
"g" "func" "genD.default" "genD" "hessian.default" "hessian" "doTryCatch" "tryCatchOne" "tryCatchList" "tryCatch" "private$gmm" "self$WangShaoKim2014" "initialize" "EBMRAlgorithmFast4$new" 
"%*%" "solve" "W" "doTryCatch" "tryCatchOne" "tryCatchList" "tryCatch" "func" "genD.default" "genD" "hessian.default" "hessian" "doTryCatch" "tryCatchOne" "tryCatchList" "tryCatch" "private$gmm" "self$WangShaoKim2014" "initialize" "EBMRAlgorithmFast4$new" 
"/" "compute_pi" "g" "func" "genD.default" "genD" "hessian.default" "hessian" "doTryCatch" "tryCatchOne" "tryCatchList" "tryCatch" "private$gmm" "self$WangShaoKim2014" "initialize" "EBMRAlgorithmFast4$new" 
"*" "g" "func" "genD.default" "genD" "hessian.default" "hessian" "doTryCatch" "tryCatchOne" "tryCatchList" "tryCatch" "private$gmm" "self$WangShaoKim2014" "initialize" "EBMRAlgorithmFast4$new" 
"mostattributes<-" "pmax" "pmin" "compute_pi" "g" "func" "genD.default" "genD" "hessian.default" "hessian" "doTryCatch" "tryCatchOne" "tryCatchList" "tryCatch" "private$gmm" "self$WangShaoKim2014" "initialize" "EBMRAlgorithmFast4$new" 
"length" "mostattributes<-" "pmax" "pmin" "compute_pi" "g" "func" "genD.default" "genD" "hessian.default" "hessian" "doTryCatch" "tryCatchOne" "tryCatchList" "tryCatch" "private$gmm" "self$WangShaoKim2014" "initialize" "EBMRAlgorithmFast4$new" 
"exp" "compute_pi" "g" "func" "genD.default" "genD" "hessian.default" "hessian" "doTryCatch" "tryCatchOne" "tryCatchList" "tryCatch" "private$gmm" "self$WangShaoKim2014" "initialize" "EBMRAlgorithmFast4$new" 
"exp" "compute_pi" "g" "func" "genD.default" "genD" "hessian.default" "hessian" "doTryCatch" "tryCatchOne" "tryCatchList" "tryCatch" "private$gmm" "self$WangShaoKim2014" "initialize" "EBMRAlgorithmFast4$new" 
"%*%" "solve" "W" "doTryCatch" "tryCatchOne" "tryCatchList" "tryCatch" "func" "genD.default" "genD" "hessian.default" "hessian" "doTryCatch" "tryCatchOne" "tryCatchList" "tryCatch" "private$gmm" "self$WangShaoKim2014" "initialize" "EBMRAlgorithmFast4$new" 
"%*%" "solve" "W" "doTryCatch" "tryCatchOne" "tryCatchList" "tryCatch" "func" "genD.default" "genD" "hessian.default" "hessian" "doTryCatch" "tryCatchOne" "tryCatchList" "tryCatch" "private$gmm" "self$WangShaoKim2014" "initialize" "EBMRAlgorithmFast4$new" 
"%*%" "g" "func" "genD.default" "genD" "hessian.default" "hessian" "doTryCatch" "tryCatchOne" "tryCatchList" "tryCatch" "private$gmm" "self$WangShaoKim2014" "initialize" "EBMRAlgorithmFast4$new" 
"exp" "compute_pi" "g" "func" "genD.default" "genD" "hessian.default" "hessian" "doTryCatch" "tryCatchOne" "tryCatchList" "tryCatch" "private$gmm" "self$WangShaoKim2014" "initialize" "EBMRAlgorithmFast4$new" 
"mostattributes<-" "pmin" "compute_pi" "g" "func" "genD.default" "genD" "hessian.default" "hessian" "doTryCatch" "tryCatchOne" "tryCatchList" "tryCatch" "private$gmm" "self$WangShaoKim2014" "initialize" "EBMRAlgorithmFast4$new" 
"%*%" "solve" "W" "doTryCatch" "tryCatchOne" "tryCatchList" "tryCatch" "func" "genD.default" "genD" "hessian.default" "hessian" "doTryCatch" "tryCatchOne" "tryCatchList" "tryCatch" "private$gmm" "self$WangShaoKim2014" "initialize" "EBMRAlgorithmFast4$new" 
"exp" "compute_pi" "g" "func" "genD.default" "genD" "hessian.default" "hessian" "doTryCatch" "tryCatchOne" "tryCatchList" "tryCatch" "private$gmm" "self$WangShaoKim2014" "initialize" "EBMRAlgorithmFast4$new" 
"%*%" "solve" "W" "doTryCatch" "tryCatchOne" "tryCatchList" "tryCatch" "func" "genD.default" "genD" "hessian.default" "hessian" "doTryCatch" "tryCatchOne" "tryCatchList" "tryCatch" "private$gmm" "self$WangShaoKim2014" "initialize" "EBMRAlgorithmFast4$new" 
"dg" "t_Gamma_i" "private$gmm" "self$WangShaoKim2014" "initialize" "EBMRAlgorithmFast4$new" 
"matrix" "private$gmm" "self$WangShaoKim2014" "initialize" "EBMRAlgorithmFast4$new" 
"matrix" "private$gmm" "self$WangShaoKim2014" "initialize" "EBMRAlgorithmFast4$new" 
"as.vector" "ebmr2$EBMR_IPW" 
"factor" "as.factor" "self$WangShaoKim2014" "initialize" "EBMRAlgorithmFast4$new" 
"factor" "as.factor" "self$WangShaoKim2014" "initialize" "EBMRAlgorithmFast4$new" 
"[[<-.data.frame" "[[<-" "model.matrix.default" "model.matrix" "lm" "model.matrix" "self$WangShaoKim2014" "initialize" "EBMRAlgorithmFast4$new" 
"as.vector" "g" "cache" "fn" "<Anonymous>" ".External2" "optim" "private$gmm" "self$WangShaoKim2014" "initialize" "EBMRAlgorithmFast4$new" 
"as.vector" "gr" "<Anonymous>" ".External2" "optim" "private$gmm" "self$WangShaoKim2014" "initialize" "EBMRAlgorithmFast4$new" 
"pmin" "compute_pi" "g" "cache" "fn" "<Anonymous>" ".External2" "optim" "private$gmm" "self$WangShaoKim2014" "initialize" "EBMRAlgorithmFast4$new" 
"exp" "compute_pi" "g" "cache" "fn" "<Anonymous>" ".External2" "optim" "private$gmm" "self$WangShaoKim2014" "initialize" "EBMRAlgorithmFast4$new" 
"pmax" "pmin" "compute_pi" "as.vector" "Gamma_direct" "gr" "<Anonymous>" ".External2" "optim" "private$gmm" "self$WangShaoKim2014" "initialize" "EBMRAlgorithmFast4$new" 
"*" "g" "cache" "fn" "<Anonymous>" ".External2" "optim" "private$gmm" "self$WangShaoKim2014" "initialize" "EBMRAlgorithmFast4$new" 
"exp" "compute_pi" "g" "cache" "fn" "<Anonymous>" ".External2" "optim" "private$gmm" "self$WangShaoKim2014" "initialize" "EBMRAlgorithmFast4$new" 
"all" "pmax" "pmin" "compute_pi" "g" "cache" "fn" "<Anonymous>" ".External2" "optim" "private$gmm" "self$WangShaoKim2014" "initialize" "EBMRAlgorithmFast4$new" 
"%*%" "as.vector" "Gamma_direct" "gr" "<Anonymous>" ".External2" "optim" "private$gmm" "self$WangShaoKim2014" "initialize" "EBMRAlgorithmFast4$new" 
"FUN" "vapply" "pmin" "compute_pi" "g" "cache" "fn" "<Anonymous>" ".External2" "optim" "private$gmm" "self$WangShaoKim2014" "initialize" "EBMRAlgorithmFast4$new" 
"*" "g" "cache" "fn" "<Anonymous>" ".External2" "optim" "private$gmm" "self$WangShaoKim2014" "initialize" "EBMRAlgorithmFast4$new" 
"pmin" "compute_pi" "as.vector" "Gamma_direct" "gr" "<Anonymous>" ".External2" "optim" "private$gmm" "self$WangShaoKim2014" "initialize" "EBMRAlgorithmFast4$new" 
"%*%" "solve" "W" "doTryCatch" "tryCatchOne" "tryCatchList" "tryCatch" "conv_grad" "private$gmm" "self$WangShaoKim2014" "initialize" "EBMRAlgorithmFast4$new" 
"proj_grad_norm" "private$gmm" "self$WangShaoKim2014" "initialize" "EBMRAlgorithmFast4$new" 
"-" "g" "cache" "fn" "<Anonymous>" ".External2" "optim" "private$gmm" "self$WangShaoKim2014" "initialize" "EBMRAlgorithmFast4$new" 
"pmin" "compute_pi" "as.vector" "Gamma_direct" "gr" "<Anonymous>" ".External2" "optim" "private$gmm" "self$WangShaoKim2014" "initialize" "EBMRAlgorithmFast4$new" 
"*" "g" "cache" "fn" "<Anonymous>" ".External2" "optim" "private$gmm" "self$WangShaoKim2014" "initialize" "EBMRAlgorithmFast4$new" 
"t.default" "t" "solve" "W" "doTryCatch" "tryCatchOne" "tryCatchList" "tryCatch" "private$gmm" "self$WangShaoKim2014" "initialize" "EBMRAlgorithmFast4$new" 
"conv_grad" "private$gmm" "self$WangShaoKim2014" "initialize" "EBMRAlgorithmFast4$new" 
"t.default" "t" "solve" "W" "doTryCatch" "tryCatchOne" "tryCatchList" "tryCatch" "conv_grad" "private$gmm" "self$WangShaoKim2014" "initialize" "EBMRAlgorithmFast4$new" 
"*" "g" "cache" "fn" "<Anonymous>" ".External2" "optim" "private$gmm" "self$WangShaoKim2014" "initialize" "EBMRAlgorithmFast4$new" 
"%*%" "solve" "W" "doTryCatch" "tryCatchOne" "tryCatchList" "tryCatch" "conv_grad" "private$gmm" "self$WangShaoKim2014" "initialize" "EBMRAlgorithmFast4$new" 
"cache" "gr" "<Anonymous>" ".External2" "optim" "private$gmm" "self$WangShaoKim2014" "initialize" "EBMRAlgorithmFast4$new" 
"cache" "fn" "<Anonymous>" ".External2" "optim" "private$gmm" "self$WangShaoKim2014" "initialize" "EBMRAlgorithmFast4$new" 
"matrix" "conv_grad" "private$gmm" "self$WangShaoKim2014" "initialize" "EBMRAlgorithmFast4$new" 
"*" "Gamma_direct" "gr" "<Anonymous>" ".External2" "optim" "private$gmm" "self$WangShaoKim2014" "initialize" "EBMRAlgorithmFast4$new" 
"exp" "compute_pi" "as.vector" "Gamma_direct" "gr" "<Anonymous>" ".External2" "optim" "private$gmm" "self$WangShaoKim2014" "initialize" "EBMRAlgorithmFast4$new" 
"crossprod" "Gamma_direct" "conv_grad" "private$gmm" "self$WangShaoKim2014" "initialize" "EBMRAlgorithmFast4$new" 
"%*%" "as.vector" "Gamma_direct" "gr" "<Anonymous>" ".External2" "optim" "private$gmm" "self$WangShaoKim2014" "initialize" "EBMRAlgorithmFast4$new" 
"compute_pi" "g" "cache" "fn" "<Anonymous>" ".External2" "optim" "private$gmm" "self$WangShaoKim2014" "initialize" "EBMRAlgorithmFast4$new" 
"*" "g" "cache" "fn" "<Anonymous>" ".External2" "optim" "private$gmm" "self$WangShaoKim2014" "initialize" "EBMRAlgorithmFast4$new" 
"%*%" "solve" "W" "doTryCatch" "tryCatchOne" "tryCatchList" "tryCatch" "private$gmm" "self$WangShaoKim2014" "initialize" "EBMRAlgorithmFast4$new" 
"%*%" "as.vector" "Gamma_direct" "gr" "<Anonymous>" ".External2" "optim" "private$gmm" "self$WangShaoKim2014" "initialize" "EBMRAlgorithmFast4$new" 
"exp" "compute_pi" "as.vector" "Gamma_direct" "gr" "<Anonymous>" ".External2" "optim" "private$gmm" "self$WangShaoKim2014" "initialize" "EBMRAlgorithmFast4$new" 
"exp" "compute_pi" "g" "cache" "fn" "<Anonymous>" ".External2" "optim" "private$gmm" "self$WangShaoKim2014" "initialize" "EBMRAlgorithmFast4$new" 
"as.vector" "g" "cache" "fn" "<Anonymous>" ".External2" "optim" "private$gmm" "self$WangShaoKim2014" "initialize" "EBMRAlgorithmFast4$new" 
"crossprod" "Gamma_direct" "gr" "<Anonymous>" ".External2" "optim" "private$gmm" "self$WangShaoKim2014" "initialize" "EBMRAlgorithmFast4$new" 
"*" "g" "cache" "fn" "<Anonymous>" ".External2" "optim" "private$gmm" "self$WangShaoKim2014" "initialize" "EBMRAlgorithmFast4$new" 
"exp" "compute_pi" "as.vector" "Gamma_direct" "gr" "<Anonymous>" ".External2" "optim" "private$gmm" "self$WangShaoKim2014" "initialize" "EBMRAlgorithmFast4$new" 
"*" "Gamma_direct" "gr" "<Anonymous>" ".External2" "optim" "private$gmm" "self$WangShaoKim2014" "initialize" "EBMRAlgorithmFast4$new" 
"%*%" "as.vector" "Gamma_direct" "conv_grad" "private$gmm" "self$WangShaoKim2014" "initialize" "EBMRAlgorithmFast4$new" 
"%*%" "g" "cache" "fn" "<Anonymous>" ".External2" "optim" "private$gmm" "self$WangShaoKim2014" "initialize" "EBMRAlgorithmFast4$new" 
"%*%" "g" "cache" "fn" "<Anonymous>" ".External2" "optim" "private$gmm" "self$WangShaoKim2014" "initialize" "EBMRAlgorithmFast4$new" 
"pmin" "compute_pi" "as.vector" "Gamma_direct" "gr" "<Anonymous>" ".External2" "optim" "private$gmm" "self$WangShaoKim2014" "initialize" "EBMRAlgorithmFast4$new" 
"g" "cache" "fn" "<Anonymous>" ".External2" "optim" "private$gmm" "self$WangShaoKim2014" "initialize" "EBMRAlgorithmFast4$new" 
"crossprod" "Gamma_direct" "gr" "<Anonymous>" ".External2" "optim" "private$gmm" "self$WangShaoKim2014" "initialize" "EBMRAlgorithmFast4$new" 
"as.vector" "Gamma_direct" "gr" "<Anonymous>" ".External2" "optim" "private$gmm" "self$WangShaoKim2014" "initialize" "EBMRAlgorithmFast4$new" 
"cache" "gr" "<Anonymous>" ".External2" "optim" "private$gmm" "self$WangShaoKim2014" "initialize" "EBMRAlgorithmFast4$new" 
"t.default" "t" "solve" "W" "doTryCatch" "tryCatchOne" "tryCatchList" "tryCatch" "conv_grad" "private$gmm" "self$WangShaoKim2014" "initialize" "EBMRAlgorithmFast4$new" 
"matrix" "cache" "fn" "<Anonymous>" ".External2" "optim" "private$gmm" "self$WangShaoKim2014" "initialize" "EBMRAlgorithmFast4$new" 
"exp" "compute_pi" "as.vector" "Gamma_direct" "gr" "<Anonymous>" ".External2" "optim" "private$gmm" "self$WangShaoKim2014" "initialize" "EBMRAlgorithmFast4$new" 
"t" "solve" "W" "doTryCatch" "tryCatchOne" "tryCatchList" "tryCatch" "func" "genD.default" "genD" "hessian.default" "hessian" "doTryCatch" "tryCatchOne" "tryCatchList" "tryCatch" "private$gmm" "self$WangShaoKim2014" "initialize" "EBMRAlgorithmFast4$new" 
"t" "solve" "W" "doTryCatch" "tryCatchOne" "tryCatchList" "tryCatch" "func" "genD.default" "genD" "hessian.default" "hessian" "doTryCatch" "tryCatchOne" "tryCatchList" "tryCatch" "private$gmm" "self$WangShaoKim2014" "initialize" "EBMRAlgorithmFast4$new" 
"doTryCatch" "tryCatchOne" "tryCatchList" "tryCatch" "func" "genD.default" "genD" "hessian.default" "hessian" "doTryCatch" "tryCatchOne" "tryCatchList" "tryCatch" "private$gmm" "self$WangShaoKim2014" "initialize" "EBMRAlgorithmFast4$new" 
"%*%" "solve" "W" "doTryCatch" "tryCatchOne" "tryCatchList" "tryCatch" "func" "genD.default" "genD" "hessian.default" "hessian" "doTryCatch" "tryCatchOne" "tryCatchList" "tryCatch" "private$gmm" "self$WangShaoKim2014" "initialize" "EBMRAlgorithmFast4$new" 
"lengths" "mostattributes<-" "pmax" "pmin" "compute_pi" "g" "func" "genD.default" "genD" "hessian.default" "hessian" "doTryCatch" "tryCatchOne" "tryCatchList" "tryCatch" "private$gmm" "self$WangShaoKim2014" "initialize" "EBMRAlgorithmFast4$new" 
"t.default" "t" "solve" "W" "doTryCatch" "tryCatchOne" "tryCatchList" "tryCatch" "func" "genD.default" "genD" "hessian.default" "hessian" "doTryCatch" "tryCatchOne" "tryCatchList" "tryCatch" "private$gmm" "self$WangShaoKim2014" "initialize" "EBMRAlgorithmFast4$new" 
"g" "func" "genD.default" "genD" "hessian.default" "hessian" "doTryCatch" "tryCatchOne" "tryCatchList" "tryCatch" "private$gmm" "self$WangShaoKim2014" "initialize" "EBMRAlgorithmFast4$new" 
"%*%" "solve" "W" "doTryCatch" "tryCatchOne" "tryCatchList" "tryCatch" "func" "genD.default" "genD" "hessian.default" "hessian" "doTryCatch" "tryCatchOne" "tryCatchList" "tryCatch" "private$gmm" "self$WangShaoKim2014" "initialize" "EBMRAlgorithmFast4$new" 
"func" "genD.default" "genD" "hessian.default" "hessian" "doTryCatch" "tryCatchOne" "tryCatchList" "tryCatch" "private$gmm" "self$WangShaoKim2014" "initialize" "EBMRAlgorithmFast4$new" 
"t.default" "t" "solve" "W" "doTryCatch" "tryCatchOne" "tryCatchList" "tryCatch" "func" "genD.default" "genD" "hessian.default" "hessian" "doTryCatch" "tryCatchOne" "tryCatchList" "tryCatch" "private$gmm" "self$WangShaoKim2014" "initialize" "EBMRAlgorithmFast4$new" 
"%*%" "g" "private$gmm" "self$WangShaoKim2014" "initialize" "EBMRAlgorithmFast4$new" 
"sys.call" "%in%" "[[.data.frame" "[[" "[.data.frame" "[" 
"factor" "as.factor" "self$WangShaoKim2014" "initialize" "EBMRAlgorithmFast4$new" 
"pmatch" ".deparseOpts" "deparse" "paste" "FUN" "vapply" ".getXlevels" "lm" "model.matrix" "self$WangShaoKim2014" "initialize" "EBMRAlgorithmFast4$new" 
"as.matrix.data.frame" "as.matrix" "standardGeneric" "as.matrix" "self$WangShaoKim2014" "initialize" "EBMRAlgorithmFast4$new" 
"as.vector" "g" "cache" "fn" "<Anonymous>" ".External2" "optim" "private$gmm" "self$WangShaoKim2014" "initialize" "EBMRAlgorithmFast4$new" 
"pmin" "compute_pi" "as.vector" "Gamma_direct" "gr" "<Anonymous>" ".External2" "optim" "private$gmm" "self$WangShaoKim2014" "initialize" "EBMRAlgorithmFast4$new" 
"FUN" "vapply" "pmin" "compute_pi" "as.vector" "Gamma_direct" "gr" "<Anonymous>" ".External2" "optim" "private$gmm" "self$WangShaoKim2014" "initialize" "EBMRAlgorithmFast4$new" 
"pmax" "pmin" "compute_pi" "g" "cache" "fn" "<Anonymous>" ".External2" "optim" "private$gmm" "self$WangShaoKim2014" "initialize" "EBMRAlgorithmFast4$new" 
"%*%" "solve" "W" "doTryCatch" "tryCatchOne" "tryCatchList" "tryCatch" "private$gmm" "self$WangShaoKim2014" "initialize" "EBMRAlgorithmFast4$new" 
"as.vector" "gr" "<Anonymous>" ".External2" "optim" "private$gmm" "self$WangShaoKim2014" "initialize" "EBMRAlgorithmFast4$new" 
"as.vector" "gr" "<Anonymous>" ".External2" "optim" "private$gmm" "self$WangShaoKim2014" "initialize" "EBMRAlgorithmFast4$new" 
"%*%" "fn" "<Anonymous>" ".External2" "optim" "private$gmm" "self$WangShaoKim2014" "initialize" "EBMRAlgorithmFast4$new" 
"exp" "compute_pi" "as.vector" "Gamma_direct" "gr" "<Anonymous>" ".External2" "optim" "private$gmm" "self$WangShaoKim2014" "initialize" "EBMRAlgorithmFast4$new" 
"*" "Gamma_direct" "gr" "<Anonymous>" ".External2" "optim" "private$gmm" "self$WangShaoKim2014" "initialize" "EBMRAlgorithmFast4$new" 
"exp" "compute_pi" "g" "cache" "fn" "<Anonymous>" ".External2" "optim" "private$gmm" "self$WangShaoKim2014" "initialize" "EBMRAlgorithmFast4$new" 
"%*%" "as.vector" "Gamma_direct" "gr" "<Anonymous>" ".External2" "optim" "private$gmm" "self$WangShaoKim2014" "initialize" "EBMRAlgorithmFast4$new" 
"!" "fn" "<Anonymous>" ".External2" "optim" "private$gmm" "self$WangShaoKim2014" "initialize" "EBMRAlgorithmFast4$new" 
"%*%" "as.vector" "Gamma_direct" "gr" "<Anonymous>" ".External2" "optim" "private$gmm" "self$WangShaoKim2014" "initialize" "EBMRAlgorithmFast4$new" 
"%*%" "as.vector" "Gamma_direct" "gr" "<Anonymous>" ".External2" "optim" "private$gmm" "self$WangShaoKim2014" "initialize" "EBMRAlgorithmFast4$new" 
"%*%" "as.vector" "Gamma_direct" "gr" "<Anonymous>" ".External2" "optim" "private$gmm" "self$WangShaoKim2014" "initialize" "EBMRAlgorithmFast4$new" 
"%*%" "as.vector" "Gamma_direct" "gr" "<Anonymous>" ".External2" "optim" "private$gmm" "self$WangShaoKim2014" "initialize" "EBMRAlgorithmFast4$new" 
"crossprod" "Gamma_direct" "gr" "<Anonymous>" ".External2" "optim" "private$gmm" "self$WangShaoKim2014" "initialize" "EBMRAlgorithmFast4$new" 
"exp" "compute_pi" "as.vector" "Gamma_direct" "conv_grad" "private$gmm" "self$WangShaoKim2014" "initialize" "EBMRAlgorithmFast4$new" 
"exp" "compute_pi" "as.vector" "Gamma_direct" "conv_grad" "private$gmm" "self$WangShaoKim2014" "initialize" "EBMRAlgorithmFast4$new" 
"tryCatch" "conv_grad" "private$gmm" "self$WangShaoKim2014" "initialize" "EBMRAlgorithmFast4$new" 
"exp" "compute_pi" "g" "cache" "fn" "<Anonymous>" ".External2" "optim" "private$gmm" "self$WangShaoKim2014" "initialize" "EBMRAlgorithmFast4$new" 
"exp" "compute_pi" "g" "cache" "fn" "<Anonymous>" ".External2" "optim" "private$gmm" "self$WangShaoKim2014" "initialize" "EBMRAlgorithmFast4$new" 
"*" "g" "cache" "fn" "<Anonymous>" ".External2" "optim" "private$gmm" "self$WangShaoKim2014" "initialize" "EBMRAlgorithmFast4$new" 
".colMeans" "matrix" "cache" "fn" "<Anonymous>" ".External2" "optim" "private$gmm" "self$WangShaoKim2014" "initialize" "EBMRAlgorithmFast4$new" 
"*" "g" "conv_grad" "private$gmm" "self$WangShaoKim2014" "initialize" "EBMRAlgorithmFast4$new" 
"vapply" "pmin" "compute_pi" "as.vector" "Gamma_direct" "conv_grad" "private$gmm" "self$WangShaoKim2014" "initialize" "EBMRAlgorithmFast4$new" 
"mostattributes<-" "pmax" "pmin" "compute_pi" "g" "func" "genD.default" "genD" "hessian.default" "hessian" "doTryCatch" "tryCatchOne" "tryCatchList" "tryCatch" "private$gmm" "self$WangShaoKim2014" "initialize" "EBMRAlgorithmFast4$new" 
"mostattributes<-" "pmax" "pmin" "compute_pi" "g" "func" "genD.default" "genD" "hessian.default" "hessian" "doTryCatch" "tryCatchOne" "tryCatchList" "tryCatch" "private$gmm" "self$WangShaoKim2014" "initialize" "EBMRAlgorithmFast4$new" 
".colMeans" "matrix" "func" "genD.default" "genD" "hessian.default" "hessian" "doTryCatch" "tryCatchOne" "tryCatchList" "tryCatch" "private$gmm" "self$WangShaoKim2014" "initialize" "EBMRAlgorithmFast4$new" 
".colMeans" "matrix" "func" "genD.default" "genD" "hessian.default" "hessian" "doTryCatch" "tryCatchOne" "tryCatchList" "tryCatch" "private$gmm" "self$WangShaoKim2014" "initialize" "EBMRAlgorithmFast4$new" 
".colMeans" "matrix" "func" "genD.default" "genD" "hessian.default" "hessian" "doTryCatch" "tryCatchOne" "tryCatchList" "tryCatch" "private$gmm" "self$WangShaoKim2014" "initialize" "EBMRAlgorithmFast4$new" 
"*" "g" "func" "genD.default" "genD" "hessian.default" "hessian" "doTryCatch" "tryCatchOne" "tryCatchList" "tryCatch" "private$gmm" "self$WangShaoKim2014" "initialize" "EBMRAlgorithmFast4$new" 
"mostattributes<-" "pmax" "pmin" "compute_pi" "g" "func" "genD.default" "genD" "hessian.default" "hessian" "doTryCatch" "tryCatchOne" "tryCatchList" "tryCatch" "private$gmm" "self$WangShaoKim2014" "initialize" "EBMRAlgorithmFast4$new" 
"vapply" "pmax" "pmin" "compute_pi" "g" "func" "genD.default" "genD" "hessian.default" "hessian" "doTryCatch" "tryCatchOne" "tryCatchList" "tryCatch" "private$gmm" "self$WangShaoKim2014" "initialize" "EBMRAlgorithmFast4$new" 
"t.default" "t" "solve" "W" "doTryCatch" "tryCatchOne" "tryCatchList" "tryCatch" "func" "genD.default" "genD" "hessian.default" "hessian" "doTryCatch" "tryCatchOne" "tryCatchList" "tryCatch" "private$gmm" "self$WangShaoKim2014" "initialize" "EBMRAlgorithmFast4$new" 
"attributes" "pmax" "pmin" "compute_pi" "g" "func" "genD.default" "genD" "hessian.default" "hessian" "doTryCatch" "tryCatchOne" "tryCatchList" "tryCatch" "private$gmm" "self$WangShaoKim2014" "initialize" "EBMRAlgorithmFast4$new" 
"attributes" "pmax" "pmin" "compute_pi" "g" "func" "genD.default" "genD" "hessian.default" "hessian" "doTryCatch" "tryCatchOne" "tryCatchList" "tryCatch" "private$gmm" "self$WangShaoKim2014" "initialize" "EBMRAlgorithmFast4$new" 
"%*%" "solve" "W" "doTryCatch" "tryCatchOne" "tryCatchList" "tryCatch" "func" "genD.default" "genD" "hessian.default" "hessian" "doTryCatch" "tryCatchOne" "tryCatchList" "tryCatch" "private$gmm" "self$WangShaoKim2014" "initialize" "EBMRAlgorithmFast4$new" 
"%*%" "solve" "W" "doTryCatch" "tryCatchOne" "tryCatchList" "tryCatch" "func" "genD.default" "genD" "hessian.default" "hessian" "doTryCatch" "tryCatchOne" "tryCatchList" "tryCatch" "private$gmm" "self$WangShaoKim2014" "initialize" "EBMRAlgorithmFast4$new" 
"exp" "compute_pi" "g" "func" "genD.default" "genD" "hessian.default" "hessian" "doTryCatch" "tryCatchOne" "tryCatchList" "tryCatch" "private$gmm" "self$WangShaoKim2014" "initialize" "EBMRAlgorithmFast4$new" 
"exp" "compute_pi" "g" "func" "genD.default" "genD" "hessian.default" "hessian" "doTryCatch" "tryCatchOne" "tryCatchList" "tryCatch" "private$gmm" "self$WangShaoKim2014" "initialize" "EBMRAlgorithmFast4$new" 
".colMeans" "matrix" "func" "genD.default" "genD" "hessian.default" "hessian" "doTryCatch" "tryCatchOne" "tryCatchList" "tryCatch" "private$gmm" "self$WangShaoKim2014" "initialize" "EBMRAlgorithmFast4$new" 
"t.default" "t" "solve" "W" "doTryCatch" "tryCatchOne" "tryCatchList" "tryCatch" "func" "genD.default" "genD" "hessian.default" "hessian" "doTryCatch" "tryCatchOne" "tryCatchList" "tryCatch" "private$gmm" "self$WangShaoKim2014" "initialize" "EBMRAlgorithmFast4$new" 
"t.default" "t" "solve" "W" "doTryCatch" "tryCatchOne" "tryCatchList" "tryCatch" "func" "genD.default" "genD" "hessian.default" "hessian" "doTryCatch" "tryCatchOne" "tryCatchList" "tryCatch" "private$gmm" "self$WangShaoKim2014" "initialize" "EBMRAlgorithmFast4$new" 
"%*%" "g" "func" "genD.default" "genD" "hessian.default" "hessian" "doTryCatch" "tryCatchOne" "tryCatchList" "tryCatch" "private$gmm" "self$WangShaoKim2014" "initialize" "EBMRAlgorithmFast4$new" 
"%*%" "g" "func" "genD.default" "genD" "hessian.default" "hessian" "doTryCatch" "tryCatchOne" "tryCatchList" "tryCatch" "private$gmm" "self$WangShaoKim2014" "initialize" "EBMRAlgorithmFast4$new" 
"g" "func" "genD.default" "genD" "hessian.default" "hessian" "doTryCatch" "tryCatchOne" "tryCatchList" "tryCatch" "private$gmm" "self$WangShaoKim2014" "initialize" "EBMRAlgorithmFast4$new" 
"exp" "compute_pi" "g" "func" "genD.default" "genD" "hessian.default" "hessian" "doTryCatch" "tryCatchOne" "tryCatchList" "tryCatch" "private$gmm" "self$WangShaoKim2014" "initialize" "EBMRAlgorithmFast4$new" 
"%*%" "private$gmm" "self$WangShaoKim2014" "initialize" "EBMRAlgorithmFast4$new" 
"unique.default" "unique" "factor" "as.factor" "self$WangShaoKim2014" "initialize" "EBMRAlgorithmFast4$new" 
"unique.default" "unique" "model.frame.default" "stats::model.frame" "eval" "eval" "lm" "model.matrix" "self$WangShaoKim2014" "initialize" "EBMRAlgorithmFast4$new" 
"as.vector" "self$WangShaoKim2014" "initialize" "EBMRAlgorithmFast4$new" 
"crossprod" "Gamma_direct" "gr" "<Anonymous>" ".External2" "optim" "private$gmm" "self$WangShaoKim2014" "initialize" "EBMRAlgorithmFast4$new" 
"as.vector" "Gamma_direct" "gr" "<Anonymous>" ".External2" "optim" "private$gmm" "self$WangShaoKim2014" "initialize" "EBMRAlgorithmFast4$new" 
"/" "Gamma_direct" "gr" "<Anonymous>" ".External2" "optim" "private$gmm" "self$WangShaoKim2014" "initialize" "EBMRAlgorithmFast4$new" 
"mostattributes<-" "pmax" "pmin" "compute_pi" "g" "cache" "fn" "<Anonymous>" ".External2" "optim" "private$gmm" "self$WangShaoKim2014" "initialize" "EBMRAlgorithmFast4$new" 
"pmin" "compute_pi" "as.vector" "Gamma_direct" "gr" "<Anonymous>" ".External2" "optim" "private$gmm" "self$WangShaoKim2014" "initialize" "EBMRAlgorithmFast4$new" 
"exp" "compute_pi" "g" "cache" "fn" "<Anonymous>" ".External2" "optim" "private$gmm" "self$WangShaoKim2014" "initialize" "EBMRAlgorithmFast4$new" 
"exp" "compute_pi" "g" "conv_grad" "private$gmm" "self$WangShaoKim2014" "initialize" "EBMRAlgorithmFast4$new" 
"exp" "compute_pi" "as.vector" "Gamma_direct" "gr" "<Anonymous>" ".External2" "optim" "private$gmm" "self$WangShaoKim2014" "initialize" "EBMRAlgorithmFast4$new" 
"crossprod" "Gamma_direct" "gr" "<Anonymous>" ".External2" "optim" "private$gmm" "self$WangShaoKim2014" "initialize" "EBMRAlgorithmFast4$new" 
"*" "Gamma_direct" "gr" "<Anonymous>" ".External2" "optim" "private$gmm" "self$WangShaoKim2014" "initialize" "EBMRAlgorithmFast4$new" 
"as.vector" "Gamma_direct" "gr" "<Anonymous>" ".External2" "optim" "private$gmm" "self$WangShaoKim2014" "initialize" "EBMRAlgorithmFast4$new" 
"as.vector" "g" "cache" "fn" "<Anonymous>" ".External2" "optim" "private$gmm" "self$WangShaoKim2014" "initialize" "EBMRAlgorithmFast4$new" 
"crossprod" "Gamma_direct" "gr" "<Anonymous>" ".External2" "optim" "private$gmm" "self$WangShaoKim2014" "initialize" "EBMRAlgorithmFast4$new" 
"%*%" "solve" "W" "doTryCatch" "tryCatchOne" "tryCatchList" "tryCatch" "conv_grad" "private$gmm" "self$WangShaoKim2014" "initialize" "EBMRAlgorithmFast4$new" 
"vapply" "pmax" "pmin" "compute_pi" "as.vector" "Gamma_direct" "gr" "<Anonymous>" ".External2" "optim" "private$gmm" "self$WangShaoKim2014" "initialize" "EBMRAlgorithmFast4$new" 
"solve.default" "solve" "W" "doTryCatch" "tryCatchOne" "tryCatchList" "tryCatch" "private$gmm" "self$WangShaoKim2014" "initialize" "EBMRAlgorithmFast4$new" 
"exp" "compute_pi" "as.vector" "Gamma_direct" "conv_grad" "private$gmm" "self$WangShaoKim2014" "initialize" "EBMRAlgorithmFast4$new" 
"names" "mostattributes<-" "pmax" "pmin" "compute_pi" "g" "func" "genD.default" "genD" "hessian.default" "hessian" "doTryCatch" "tryCatchOne" "tryCatchList" "tryCatch" "private$gmm" "self$WangShaoKim2014" "initialize" "EBMRAlgorithmFast4$new" 
"vapply" "pmax" "pmin" "compute_pi" "g" "func" "genD.default" "genD" "hessian.default" "hessian" "doTryCatch" "tryCatchOne" "tryCatchList" "tryCatch" "private$gmm" "self$WangShaoKim2014" "initialize" "EBMRAlgorithmFast4$new" 
"exp" "compute_pi" "g" "func" "genD.default" "genD" "hessian.default" "hessian" "doTryCatch" "tryCatchOne" "tryCatchList" "tryCatch" "private$gmm" "self$WangShaoKim2014" "initialize" "EBMRAlgorithmFast4$new" 
"exp" "compute_pi" "g" "func" "genD.default" "genD" "hessian.default" "hessian" "doTryCatch" "tryCatchOne" "tryCatchList" "tryCatch" "private$gmm" "self$WangShaoKim2014" "initialize" "EBMRAlgorithmFast4$new" 
"*" "g" "func" "genD.default" "genD" "hessian.default" "hessian" "doTryCatch" "tryCatchOne" "tryCatchList" "tryCatch" "private$gmm" "self$WangShaoKim2014" "initialize" "EBMRAlgorithmFast4$new" 
"genD.default" "genD" "hessian.default" "hessian" "doTryCatch" "tryCatchOne" "tryCatchList" "tryCatch" "private$gmm" "self$WangShaoKim2014" "initialize" "EBMRAlgorithmFast4$new" 
"t.default" "t" "solve" "W" "doTryCatch" "tryCatchOne" "tryCatchList" "tryCatch" "func" "genD.default" "genD" "hessian.default" "hessian" "doTryCatch" "tryCatchOne" "tryCatchList" "tryCatch" "private$gmm" "self$WangShaoKim2014" "initialize" "EBMRAlgorithmFast4$new" 
"t_Gamma_i" "private$gmm" "self$WangShaoKim2014" "initialize" "EBMRAlgorithmFast4$new" 
"as.vector" "ebmr2$EBMR_IPW" 
"factor" "as.factor" "self$WangShaoKim2014" "initialize" "EBMRAlgorithmFast4$new" 
"structure" "lm.fit" "lm" "model.matrix" "self$WangShaoKim2014" "initialize" "EBMRAlgorithmFast4$new" 
"exp" "compute_pi" "g" "cache" "fn" "<Anonymous>" ".External2" "optim" "private$gmm" "self$WangShaoKim2014" "initialize" "EBMRAlgorithmFast4$new" 
"-" "g" "cache" "fn" "<Anonymous>" ".External2" "optim" "private$gmm" "self$WangShaoKim2014" "initialize" "EBMRAlgorithmFast4$new" 
"exp" "compute_pi" "as.vector" "Gamma_direct" "gr" "<Anonymous>" ".External2" "optim" "private$gmm" "self$WangShaoKim2014" "initialize" "EBMRAlgorithmFast4$new" 
"%*%" "g" "cache" "fn" "<Anonymous>" ".External2" "optim" "private$gmm" "self$WangShaoKim2014" "initialize" "EBMRAlgorithmFast4$new" 
"crossprod" "Gamma_direct" "gr" "<Anonymous>" ".External2" "optim" "private$gmm" "self$WangShaoKim2014" "initialize" "EBMRAlgorithmFast4$new" 
"crossprod" "Gamma_direct" "gr" "<Anonymous>" ".External2" "optim" "private$gmm" "self$WangShaoKim2014" "initialize" "EBMRAlgorithmFast4$new" 
"-" "g" "cache" "fn" "<Anonymous>" ".External2" "optim" "private$gmm" "self$WangShaoKim2014" "initialize" "EBMRAlgorithmFast4$new" 
"*" "Gamma_direct" "gr" "<Anonymous>" ".External2" "optim" "private$gmm" "self$WangShaoKim2014" "initialize" "EBMRAlgorithmFast4$new" 
"%*%" "as.vector" "Gamma_direct" "gr" "<Anonymous>" ".External2" "optim" "private$gmm" "self$WangShaoKim2014" "initialize" "EBMRAlgorithmFast4$new" 
"crossprod" "Gamma_direct" "gr" "<Anonymous>" ".External2" "optim" "private$gmm" "self$WangShaoKim2014" "initialize" "EBMRAlgorithmFast4$new" 
"*" "Gamma_direct" "gr" "<Anonymous>" ".External2" "optim" "private$gmm" "self$WangShaoKim2014" "initialize" "EBMRAlgorithmFast4$new" 
"pmax" "pmin" "compute_pi" "g" "conv_grad" "private$gmm" "self$WangShaoKim2014" "initialize" "EBMRAlgorithmFast4$new" 
"*" "g" "cache" "fn" "<Anonymous>" ".External2" "optim" "private$gmm" "self$WangShaoKim2014" "initialize" "EBMRAlgorithmFast4$new" 
"%*%" "solve" "W" "doTryCatch" "tryCatchOne" "tryCatchList" "tryCatch" "conv_grad" "private$gmm" "self$WangShaoKim2014" "initialize" "EBMRAlgorithmFast4$new" 
"crossprod" "Gamma_direct" "gr" "<Anonymous>" ".External2" "optim" "private$gmm" "self$WangShaoKim2014" "initialize" "EBMRAlgorithmFast4$new" 
"t" "solve" "W" "doTryCatch" "tryCatchOne" "tryCatchList" "tryCatch" "private$gmm" "self$WangShaoKim2014" "initialize" "EBMRAlgorithmFast4$new" 
"exp" "compute_pi" "as.vector" "Gamma_direct" "gr" "<Anonymous>" ".External2" "optim" "private$gmm" "self$WangShaoKim2014" "initialize" "EBMRAlgorithmFast4$new" 
"%*%" "solve" "W" "doTryCatch" "tryCatchOne" "tryCatchList" "tryCatch" "conv_grad" "private$gmm" "self$WangShaoKim2014" "initialize" "EBMRAlgorithmFast4$new" 
"exp" "compute_pi" "as.vector" "Gamma_direct" "gr" "<Anonymous>" ".External2" "optim" "private$gmm" "self$WangShaoKim2014" "initialize" "EBMRAlgorithmFast4$new" 
"crossprod" "Gamma_direct" "gr" "<Anonymous>" ".External2" "optim" "private$gmm" "self$WangShaoKim2014" "initialize" "EBMRAlgorithmFast4$new" 
"Gamma_direct" "gr" "<Anonymous>" ".External2" "optim" "private$gmm" "self$WangShaoKim2014" "initialize" "EBMRAlgorithmFast4$new" 
"exp" "compute_pi" "as.vector" "Gamma_direct" "gr" "<Anonymous>" ".External2" "optim" "private$gmm" "self$WangShaoKim2014" "initialize" "EBMRAlgorithmFast4$new" 
"cache" "fn" "<Anonymous>" ".External2" "optim" "private$gmm" "self$WangShaoKim2014" "initialize" "EBMRAlgorithmFast4$new" 
"crossprod" "Gamma_direct" "gr" "<Anonymous>" ".External2" "optim" "private$gmm" "self$WangShaoKim2014" "initialize" "EBMRAlgorithmFast4$new" 
"pmax" "pmin" "compute_pi" "as.vector" "Gamma_direct" "gr" "<Anonymous>" ".External2" "optim" "private$gmm" "self$WangShaoKim2014" "initialize" "EBMRAlgorithmFast4$new" 
"g" "cache" "fn" "<Anonymous>" ".External2" "optim" "private$gmm" "self$WangShaoKim2014" "initialize" "EBMRAlgorithmFast4$new" 
"*" "g" "cache" "fn" "<Anonymous>" ".External2" "optim" "private$gmm" "self$WangShaoKim2014" "initialize" "EBMRAlgorithmFast4$new" 
"exp" "compute_pi" "as.vector" "Gamma_direct" "conv_grad" "private$gmm" "self$WangShaoKim2014" "initialize" "EBMRAlgorithmFast4$new" 
"pmax" "pmin" "compute_pi" "g" "cache" "fn" "<Anonymous>" ".External2" "optim" "private$gmm" "self$WangShaoKim2014" "initialize" "EBMRAlgorithmFast4$new" 
"%*%" "as.vector" "Gamma_direct" "gr" "<Anonymous>" ".External2" "optim" "private$gmm" "self$WangShaoKim2014" "initialize" "EBMRAlgorithmFast4$new" 
"exp" "compute_pi" "g" "cache" "fn" "<Anonymous>" ".External2" "optim" "private$gmm" "self$WangShaoKim2014" "initialize" "EBMRAlgorithmFast4$new" 
"exp" "compute_pi" "g" "conv_grad" "private$gmm" "self$WangShaoKim2014" "initialize" "EBMRAlgorithmFast4$new" 
"exp" "compute_pi" "as.vector" "Gamma_direct" "gr" "<Anonymous>" ".External2" "optim" "private$gmm" "self$WangShaoKim2014" "initialize" "EBMRAlgorithmFast4$new" 
"solve" "W" "doTryCatch" "tryCatchOne" "tryCatchList" "tryCatch" "conv_grad" "private$gmm" "self$WangShaoKim2014" "initialize" "EBMRAlgorithmFast4$new" 
"%*%" "solve" "W" "doTryCatch" "tryCatchOne" "tryCatchList" "tryCatch" "private$gmm" "self$WangShaoKim2014" "initialize" "EBMRAlgorithmFast4$new" 
"tryCatch" "private$gmm" "self$WangShaoKim2014" "initialize" "EBMRAlgorithmFast4$new" 
"crossprod" "Gamma_direct" "gr" "<Anonymous>" ".External2" "optim" "private$gmm" "self$WangShaoKim2014" "initialize" "EBMRAlgorithmFast4$new" 
"crossprod" "Gamma_direct" "gr" "<Anonymous>" ".External2" "optim" "private$gmm" "self$WangShaoKim2014" "initialize" "EBMRAlgorithmFast4$new" 
"exp" "compute_pi" "as.vector" "Gamma_direct" "conv_grad" "private$gmm" "self$WangShaoKim2014" "initialize" "EBMRAlgorithmFast4$new" 
"pmax" "pmin" "compute_pi" "as.vector" "Gamma_direct" "gr" "<Anonymous>" ".External2" "optim" "private$gmm" "self$WangShaoKim2014" "initialize" "EBMRAlgorithmFast4$new" 
"pmax" "pmin" "compute_pi" "as.vector" "Gamma_direct" "gr" "<Anonymous>" ".External2" "optim" "private$gmm" "self$WangShaoKim2014" "initialize" "EBMRAlgorithmFast4$new" 
"exp" "compute_pi" "g" "cache" "fn" "<Anonymous>" ".External2" "optim" "private$gmm" "self$WangShaoKim2014" "initialize" "EBMRAlgorithmFast4$new" 
"as.vector" "Gamma_direct" "conv_grad" "private$gmm" "self$WangShaoKim2014" "initialize" "EBMRAlgorithmFast4$new" 
"%*%" "solve" "W" "doTryCatch" "tryCatchOne" "tryCatchList" "tryCatch" "private$gmm" "self$WangShaoKim2014" "initialize" "EBMRAlgorithmFast4$new" 
"t.default" "t" "solve" "W" "doTryCatch" "tryCatchOne" "tryCatchList" "tryCatch" "private$gmm" "self$WangShaoKim2014" "initialize" "EBMRAlgorithmFast4$new" 
"exp" "compute_pi" "g" "cache" "fn" "<Anonymous>" ".External2" "optim" "private$gmm" "self$WangShaoKim2014" "initialize" "EBMRAlgorithmFast4$new" 
"eval" "eval" "match.arg" "optim" "private$gmm" "self$WangShaoKim2014" "initialize" "EBMRAlgorithmFast4$new" 
"eval" "match.arg" "optim" "private$gmm" "self$WangShaoKim2014" "initialize" "EBMRAlgorithmFast4$new" 
"mostattributes<-" "pmin" "compute_pi" "g" "cache" "fn" "<Anonymous>" ".External2" "optim" "private$gmm" "self$WangShaoKim2014" "initialize" "EBMRAlgorithmFast4$new" 
"t.default" "t" "solve" "W" "doTryCatch" "tryCatchOne" "tryCatchList" "tryCatch" "private$gmm" "self$WangShaoKim2014" "initialize" "EBMRAlgorithmFast4$new" 
"*" "g" "cache" "fn" "<Anonymous>" ".External2" "optim" "private$gmm" "self$WangShaoKim2014" "initialize" "EBMRAlgorithmFast4$new" 
"crossprod" "Gamma_direct" "conv_grad" "private$gmm" "self$WangShaoKim2014" "initialize" "EBMRAlgorithmFast4$new" 
"*" "g" "func" "genD.default" "genD" "hessian.default" "hessian" "doTryCatch" "tryCatchOne" "tryCatchList" "tryCatch" "private$gmm" "self$WangShaoKim2014" "initialize" "EBMRAlgorithmFast4$new" 
"*" "g" "func" "genD.default" "genD" "hessian.default" "hessian" "doTryCatch" "tryCatchOne" "tryCatchList" "tryCatch" "private$gmm" "self$WangShaoKim2014" "initialize" "EBMRAlgorithmFast4$new" 
"length" "mostattributes<-" "pmin" "compute_pi" "g" "func" "genD.default" "genD" "hessian.default" "hessian" "doTryCatch" "tryCatchOne" "tryCatchList" "tryCatch" "private$gmm" "self$WangShaoKim2014" "initialize" "EBMRAlgorithmFast4$new" 
"*" "g" "func" "genD.default" "genD" "hessian.default" "hessian" "doTryCatch" "tryCatchOne" "tryCatchList" "tryCatch" "private$gmm" "self$WangShaoKim2014" "initialize" "EBMRAlgorithmFast4$new" 
"as.vector" "g" "func" "genD.default" "genD" "hessian.default" "hessian" "doTryCatch" "tryCatchOne" "tryCatchList" "tryCatch" "private$gmm" "self$WangShaoKim2014" "initialize" "EBMRAlgorithmFast4$new" 
"/" "g" "func" "genD.default" "genD" "hessian.default" "hessian" "doTryCatch" "tryCatchOne" "tryCatchList" "tryCatch" "private$gmm" "self$WangShaoKim2014" "initialize" "EBMRAlgorithmFast4$new" 
"t.default" "t" "solve" "W" "doTryCatch" "tryCatchOne" "tryCatchList" "tryCatch" "func" "genD.default" "genD" "hessian.default" "hessian" "doTryCatch" "tryCatchOne" "tryCatchList" "tryCatch" "private$gmm" "self$WangShaoKim2014" "initialize" "EBMRAlgorithmFast4$new" 
"*" "g" "func" "genD.default" "genD" "hessian.default" "hessian" "doTryCatch" "tryCatchOne" "tryCatchList" "tryCatch" "private$gmm" "self$WangShaoKim2014" "initialize" "EBMRAlgorithmFast4$new" 
".colMeans" "matrix" "func" "genD.default" "genD" "hessian.default" "hessian" "doTryCatch" "tryCatchOne" "tryCatchList" "tryCatch" "private$gmm" "self$WangShaoKim2014" "initialize" "EBMRAlgorithmFast4$new" 
"t" "solve" "W" "doTryCatch" "tryCatchOne" "tryCatchList" "tryCatch" "func" "genD.default" "genD" "hessian.default" "hessian" "doTryCatch" "tryCatchOne" "tryCatchList" "tryCatch" "private$gmm" "self$WangShaoKim2014" "initialize" "EBMRAlgorithmFast4$new" 
"+" "private$gmm" "self$WangShaoKim2014" "initialize" "EBMRAlgorithmFast4$new" 
"mean" "standardGeneric" "mean" "ifelse" "ebmr2$EBMR_IPW" 
"factor" "as.factor" "self$WangShaoKim2014" "initialize" "EBMRAlgorithmFast4$new" 
"model.response" "lm" "model.matrix" "self$WangShaoKim2014" "initialize" "EBMRAlgorithmFast4$new" 
"Gamma_direct" "gr" "<Anonymous>" ".External2" "optim" "private$gmm" "self$WangShaoKim2014" "initialize" "EBMRAlgorithmFast4$new" 
"exp" "compute_pi" "g" "cache" "fn" "<Anonymous>" ".External2" "optim" "private$gmm" "self$WangShaoKim2014" "initialize" "EBMRAlgorithmFast4$new" 
"/" "Gamma_direct" "gr" "<Anonymous>" ".External2" "optim" "private$gmm" "self$WangShaoKim2014" "initialize" "EBMRAlgorithmFast4$new" 
"crossprod" "Gamma_direct" "gr" "<Anonymous>" ".External2" "optim" "private$gmm" "self$WangShaoKim2014" "initialize" "EBMRAlgorithmFast4$new" 
"pmax" "pmin" "compute_pi" "as.vector" "Gamma_direct" "gr" "<Anonymous>" ".External2" "optim" "private$gmm" "self$WangShaoKim2014" "initialize" "EBMRAlgorithmFast4$new" 
"exp" "compute_pi" "g" "cache" "fn" "<Anonymous>" ".External2" "optim" "private$gmm" "self$WangShaoKim2014" "initialize" "EBMRAlgorithmFast4$new" 
"cache" "gr" "<Anonymous>" ".External2" "optim" "private$gmm" "self$WangShaoKim2014" "initialize" "EBMRAlgorithmFast4$new" 
"*" "g" "cache" "fn" "<Anonymous>" ".External2" "optim" "private$gmm" "self$WangShaoKim2014" "initialize" "EBMRAlgorithmFast4$new" 
"g" "conv_grad" "private$gmm" "self$WangShaoKim2014" "initialize" "EBMRAlgorithmFast4$new" 
"crossprod" "Gamma_direct" "gr" "<Anonymous>" ".External2" "optim" "private$gmm" "self$WangShaoKim2014" "initialize" "EBMRAlgorithmFast4$new" 
"crossprod" "Gamma_direct" "gr" "<Anonymous>" ".External2" "optim" "private$gmm" "self$WangShaoKim2014" "initialize" "EBMRAlgorithmFast4$new" 
"optim" "private$gmm" "self$WangShaoKim2014" "initialize" "EBMRAlgorithmFast4$new" 
"optim" "private$gmm" "self$WangShaoKim2014" "initialize" "EBMRAlgorithmFast4$new" 
"*" "Gamma_direct" "gr" "<Anonymous>" ".External2" "optim" "private$gmm" "self$WangShaoKim2014" "initialize" "EBMRAlgorithmFast4$new" 
"*" "g" "cache" "fn" "<Anonymous>" ".External2" "optim" "private$gmm" "self$WangShaoKim2014" "initialize" "EBMRAlgorithmFast4$new" 
"exp" "compute_pi" "as.vector" "Gamma_direct" "conv_grad" "private$gmm" "self$WangShaoKim2014" "initialize" "EBMRAlgorithmFast4$new" 
"exp" "compute_pi" "g" "cache" "fn" "<Anonymous>" ".External2" "optim" "private$gmm" "self$WangShaoKim2014" "initialize" "EBMRAlgorithmFast4$new" 
"lengths" "mostattributes<-" "pmax" "pmin" "compute_pi" "g" "func" "genD.default" "genD" "hessian.default" "hessian" "doTryCatch" "tryCatchOne" "tryCatchList" "tryCatch" "private$gmm" "self$WangShaoKim2014" "initialize" "EBMRAlgorithmFast4$new" 
"t.default" "t" "solve" "W" "doTryCatch" "tryCatchOne" "tryCatchList" "tryCatch" "func" "genD.default" "genD" "hessian.default" "hessian" "doTryCatch" "tryCatchOne" "tryCatchList" "tryCatch" "private$gmm" "self$WangShaoKim2014" "initialize" "EBMRAlgorithmFast4$new" 
"%*%" "solve" "W" "doTryCatch" "tryCatchOne" "tryCatchList" "tryCatch" "func" "genD.default" "genD" "hessian.default" "hessian" "doTryCatch" "tryCatchOne" "tryCatchList" "tryCatch" "private$gmm" "self$WangShaoKim2014" "initialize" "EBMRAlgorithmFast4$new" 
"g" "func" "genD.default" "genD" "hessian.default" "hessian" "doTryCatch" "tryCatchOne" "tryCatchList" "tryCatch" "private$gmm" "self$WangShaoKim2014" "initialize" "EBMRAlgorithmFast4$new" 
"exp" "compute_pi" "g" "func" "genD.default" "genD" "hessian.default" "hessian" "doTryCatch" "tryCatchOne" "tryCatchList" "tryCatch" "private$gmm" "self$WangShaoKim2014" "initialize" "EBMRAlgorithmFast4$new" 
"%*%" "g" "func" "genD.default" "genD" "hessian.default" "hessian" "doTryCatch" "tryCatchOne" "tryCatchList" "tryCatch" "private$gmm" "self$WangShaoKim2014" "initialize" "EBMRAlgorithmFast4$new" 
"solve.default" "solve" "W" "doTryCatch" "tryCatchOne" "tryCatchList" "tryCatch" "func" "genD.default" "genD" "hessian.default" "hessian" "doTryCatch" "tryCatchOne" "tryCatchList" "tryCatch" "private$gmm" "self$WangShaoKim2014" "initialize" "EBMRAlgorithmFast4$new" 
"func" "genD.default" "genD" "hessian.default" "hessian" "doTryCatch" "tryCatchOne" "tryCatchList" "tryCatch" "private$gmm" "self$WangShaoKim2014" "initialize" "EBMRAlgorithmFast4$new" 
"%*%" "g" "func" "genD.default" "genD" "hessian.default" "hessian" "doTryCatch" "tryCatchOne" "tryCatchList" "tryCatch" "private$gmm" "self$WangShaoKim2014" "initialize" "EBMRAlgorithmFast4$new" 
"g" "func" "genD.default" "genD" "hessian.default" "hessian" "doTryCatch" "tryCatchOne" "tryCatchList" "tryCatch" "private$gmm" "self$WangShaoKim2014" "initialize" "EBMRAlgorithmFast4$new" 
"%*%" "g" "func" "genD.default" "genD" "hessian.default" "hessian" "doTryCatch" "tryCatchOne" "tryCatchList" "tryCatch" "private$gmm" "self$WangShaoKim2014" "initialize" "EBMRAlgorithmFast4$new" 
"exp" "compute_pi" "g" "func" "genD.default" "genD" "hessian.default" "hessian" "doTryCatch" "tryCatchOne" "tryCatchList" "tryCatch" "private$gmm" "self$WangShaoKim2014" "initialize" "EBMRAlgorithmFast4$new" 
"solve.default" "solve" "W" "doTryCatch" "tryCatchOne" "tryCatchList" "tryCatch" "func" "genD.default" "genD" "hessian.default" "hessian" "doTryCatch" "tryCatchOne" "tryCatchList" "tryCatch" "private$gmm" "self$WangShaoKim2014" "initialize" "EBMRAlgorithmFast4$new" 
"d2g" "Gamma_2" "private$gmm" "self$WangShaoKim2014" "initialize" "EBMRAlgorithmFast4$new" 
"anyDuplicated.default" "anyDuplicated" "[.data.frame" "[" "na.omit.data.frame" "na.omit" ".External2" "model.frame.default" "model.frame" "model.matrix.default" "model.matrix" "private$build_design_matrix" "self$WangShaoKim2014" "initialize" "EBMRAlgorithmFast4$new" 
"as.data.frame.list" "as.data.frame" "private$separate_variable_types" "self$WangShaoKim2014" "initialize" "EBMRAlgorithmFast4$new" 
"factor" "as.factor" "self$WangShaoKim2014" "initialize" "EBMRAlgorithmFast4$new" 
"as.vector" "g" "cache" "fn" "<Anonymous>" ".External2" "optim" "private$gmm" "self$WangShaoKim2014" "initialize" "EBMRAlgorithmFast4$new" 
"exp" "compute_pi" "as.vector" "Gamma_direct" "gr" "<Anonymous>" ".External2" "optim" "private$gmm" "self$WangShaoKim2014" "initialize" "EBMRAlgorithmFast4$new" 
"exp" "compute_pi" "g" "cache" "fn" "<Anonymous>" ".External2" "optim" "private$gmm" "self$WangShaoKim2014" "initialize" "EBMRAlgorithmFast4$new" 
"vapply" "pmax" "pmin" "compute_pi" "as.vector" "Gamma_direct" "gr" "<Anonymous>" ".External2" "optim" "private$gmm" "self$WangShaoKim2014" "initialize" "EBMRAlgorithmFast4$new" 
"exp" "compute_pi" "g" "cache" "fn" "<Anonymous>" ".External2" "optim" "private$gmm" "self$WangShaoKim2014" "initialize" "EBMRAlgorithmFast4$new" 
"/" "g" "cache" "fn" "<Anonymous>" ".External2" "optim" "private$gmm" "self$WangShaoKim2014" "initialize" "EBMRAlgorithmFast4$new" 
"exp" "compute_pi" "as.vector" "Gamma_direct" "gr" "<Anonymous>" ".External2" "optim" "private$gmm" "self$WangShaoKim2014" "initialize" "EBMRAlgorithmFast4$new" 
"mostattributes<-" "pmax" "pmin" "compute_pi" "g" "cache" "fn" "<Anonymous>" ".External2" "optim" "private$gmm" "self$WangShaoKim2014" "initialize" "EBMRAlgorithmFast4$new" 
"exp" "compute_pi" "g" "cache" "fn" "<Anonymous>" ".External2" "optim" "private$gmm" "self$WangShaoKim2014" "initialize" "EBMRAlgorithmFast4$new" 
"pmax" "pmin" "compute_pi" "g" "cache" "fn" "<Anonymous>" ".External2" "optim" "private$gmm" "self$WangShaoKim2014" "initialize" "EBMRAlgorithmFast4$new" 
"crossprod" "Gamma_direct" "gr" "<Anonymous>" ".External2" "optim" "private$gmm" "self$WangShaoKim2014" "initialize" "EBMRAlgorithmFast4$new" 
"exp" "compute_pi" "as.vector" "Gamma_direct" "gr" "<Anonymous>" ".External2" "optim" "private$gmm" "self$WangShaoKim2014" "initialize" "EBMRAlgorithmFast4$new" 
"crossprod" "Gamma_direct" "gr" "<Anonymous>" ".External2" "optim" "private$gmm" "self$WangShaoKim2014" "initialize" "EBMRAlgorithmFast4$new" 
"*" "g" "cache" "fn" "<Anonymous>" ".External2" "optim" "private$gmm" "self$WangShaoKim2014" "initialize" "EBMRAlgorithmFast4$new" 
"exp" "compute_pi" "as.vector" "Gamma_direct" "gr" "<Anonymous>" ".External2" "optim" "private$gmm" "self$WangShaoKim2014" "initialize" "EBMRAlgorithmFast4$new" 
"exp" "compute_pi" "g" "conv_grad" "private$gmm" "self$WangShaoKim2014" "initialize" "EBMRAlgorithmFast4$new" 
"exp" "compute_pi" "g" "cache" "fn" "<Anonymous>" ".External2" "optim" "private$gmm" "self$WangShaoKim2014" "initialize" "EBMRAlgorithmFast4$new" 
"match.arg" "optim" "private$gmm" "self$WangShaoKim2014" "initialize" "EBMRAlgorithmFast4$new" 
"exp" "compute_pi" "g" "cache" "fn" "<Anonymous>" ".External2" "optim" "private$gmm" "self$WangShaoKim2014" "initialize" "EBMRAlgorithmFast4$new" 
"g" "cache" "fn" "<Anonymous>" ".External2" "optim" "private$gmm" "self$WangShaoKim2014" "initialize" "EBMRAlgorithmFast4$new" 
"exp" "compute_pi" "g" "cache" "fn" "<Anonymous>" ".External2" "optim" "private$gmm" "self$WangShaoKim2014" "initialize" "EBMRAlgorithmFast4$new" 
"exp" "compute_pi" "as.vector" "Gamma_direct" "gr" "<Anonymous>" ".External2" "optim" "private$gmm" "self$WangShaoKim2014" "initialize" "EBMRAlgorithmFast4$new" 
"compute_pi" "as.vector" "Gamma_direct" "conv_grad" "private$gmm" "self$WangShaoKim2014" "initialize" "EBMRAlgorithmFast4$new" 
"exp" "compute_pi" "g" "conv_grad" "private$gmm" "self$WangShaoKim2014" "initialize" "EBMRAlgorithmFast4$new" 
"crossprod" "Gamma_direct" "gr" "<Anonymous>" ".External2" "optim" "private$gmm" "self$WangShaoKim2014" "initialize" "EBMRAlgorithmFast4$new" 
"exp" "compute_pi" "g" "conv_grad" "private$gmm" "self$WangShaoKim2014" "initialize" "EBMRAlgorithmFast4$new" 
"crossprod" "Gamma_direct" "gr" "<Anonymous>" ".External2" "optim" "private$gmm" "self$WangShaoKim2014" "initialize" "EBMRAlgorithmFast4$new" 
"*" "g" "conv_grad" "private$gmm" "self$WangShaoKim2014" "initialize" "EBMRAlgorithmFast4$new" 
"mostattributes<-" "pmax" "pmin" "compute_pi" "g" "cache" "fn" "<Anonymous>" ".External2" "optim" "private$gmm" "self$WangShaoKim2014" "initialize" "EBMRAlgorithmFast4$new" 
"*" "Gamma_direct" "gr" "<Anonymous>" ".External2" "optim" "private$gmm" "self$WangShaoKim2014" "initialize" "EBMRAlgorithmFast4$new" 
"t.default" "t" "solve" "W" "doTryCatch" "tryCatchOne" "tryCatchList" "tryCatch" "conv_grad" "private$gmm" "self$WangShaoKim2014" "initialize" "EBMRAlgorithmFast4$new" 
"t.default" "t" "solve" "W" "doTryCatch" "tryCatchOne" "tryCatchList" "tryCatch" "conv_grad" "private$gmm" "self$WangShaoKim2014" "initialize" "EBMRAlgorithmFast4$new" 
"func" "genD.default" "genD" "hessian.default" "hessian" "doTryCatch" "tryCatchOne" "tryCatchList" "tryCatch" "private$gmm" "self$WangShaoKim2014" "initialize" "EBMRAlgorithmFast4$new" 
"%*%" "g" "func" "genD.default" "genD" "hessian.default" "hessian" "doTryCatch" "tryCatchOne" "tryCatchList" "tryCatch" "private$gmm" "self$WangShaoKim2014" "initialize" "EBMRAlgorithmFast4$new" 
"%*%" "solve" "W" "doTryCatch" "tryCatchOne" "tryCatchList" "tryCatch" "func" "genD.default" "genD" "hessian.default" "hessian" "doTryCatch" "tryCatchOne" "tryCatchList" "tryCatch" "private$gmm" "self$WangShaoKim2014" "initialize" "EBMRAlgorithmFast4$new" 
"tryCatch" "func" "genD.default" "genD" "hessian.default" "hessian" "doTryCatch" "tryCatchOne" "tryCatchList" "tryCatch" "private$gmm" "self$WangShaoKim2014" "initialize" "EBMRAlgorithmFast4$new" 
"all" "pmax" "pmin" "compute_pi" "g" "func" "genD.default" "genD" "hessian.default" "hessian" "doTryCatch" "tryCatchOne" "tryCatchList" "tryCatch" "private$gmm" "self$WangShaoKim2014" "initialize" "EBMRAlgorithmFast4$new" 
"exp" "compute_pi" "g" "func" "genD.default" "genD" "hessian.default" "hessian" "doTryCatch" "tryCatchOne" "tryCatchList" "tryCatch" "private$gmm" "self$WangShaoKim2014" "initialize" "EBMRAlgorithmFast4$new" 
"%*%" "g" "func" "genD.default" "genD" "hessian.default" "hessian" "doTryCatch" "tryCatchOne" "tryCatchList" "tryCatch" "private$gmm" "self$WangShaoKim2014" "initialize" "EBMRAlgorithmFast4$new" 
"as.vector" "ebmr2$EBMR_IPW" 
"array" ".Diag" "ctrfn" "contrasts" ".External2" "model.matrix.default" "NextMethod" "model.matrix.lm" "model.matrix" "self$WangShaoKim2014" "initialize" "EBMRAlgorithmFast4$new" 
"%*%" "as.vector" "Gamma_direct" "gr" "<Anonymous>" ".External2" "optim" "private$gmm" "self$WangShaoKim2014" "initialize" "EBMRAlgorithmFast4$new" 
"exp" "compute_pi" "g" "cache" "fn" "<Anonymous>" ".External2" "optim" "private$gmm" "self$WangShaoKim2014" "initialize" "EBMRAlgorithmFast4$new" 
"pmax" "pmin" "compute_pi" "g" "cache" "fn" "<Anonymous>" ".External2" "optim" "private$gmm" "self$WangShaoKim2014" "initialize" "EBMRAlgorithmFast4$new" 
"exp" "compute_pi" "g" "cache" "fn" "<Anonymous>" ".External2" "optim" "private$gmm" "self$WangShaoKim2014" "initialize" "EBMRAlgorithmFast4$new" 
"*" "g" "cache" "fn" "<Anonymous>" ".External2" "optim" "private$gmm" "self$WangShaoKim2014" "initialize" "EBMRAlgorithmFast4$new" 
"exp" "compute_pi" "g" "cache" "fn" "<Anonymous>" ".External2" "optim" "private$gmm" "self$WangShaoKim2014" "initialize" "EBMRAlgorithmFast4$new" 
"exp" "compute_pi" "g" "cache" "fn" "<Anonymous>" ".External2" "optim" "private$gmm" "self$WangShaoKim2014" "initialize" "EBMRAlgorithmFast4$new" 
"exp" "compute_pi" "g" "cache" "fn" "<Anonymous>" ".External2" "optim" "private$gmm" "self$WangShaoKim2014" "initialize" "EBMRAlgorithmFast4$new" 
"cache" "private$gmm" "self$WangShaoKim2014" "initialize" "EBMRAlgorithmFast4$new" 
"proj_grad_norm" "private$gmm" "self$WangShaoKim2014" "initialize" "EBMRAlgorithmFast4$new" 
"exp" "compute_pi" "g" "cache" "fn" "<Anonymous>" ".External2" "optim" "private$gmm" "self$WangShaoKim2014" "initialize" "EBMRAlgorithmFast4$new" 
"matrix" "cache" "fn" "<Anonymous>" ".External2" "optim" "private$gmm" "self$WangShaoKim2014" "initialize" "EBMRAlgorithmFast4$new" 
"crossprod" "Gamma_direct" "gr" "<Anonymous>" ".External2" "optim" "private$gmm" "self$WangShaoKim2014" "initialize" "EBMRAlgorithmFast4$new" 
"exp" "compute_pi" "as.vector" "Gamma_direct" "conv_grad" "private$gmm" "self$WangShaoKim2014" "initialize" "EBMRAlgorithmFast4$new" 
"Gamma_direct" "gr" "<Anonymous>" ".External2" "optim" "private$gmm" "self$WangShaoKim2014" "initialize" "EBMRAlgorithmFast4$new" 
"pmin" "compute_pi" "as.vector" "Gamma_direct" "gr" "<Anonymous>" ".External2" "optim" "private$gmm" "self$WangShaoKim2014" "initialize" "EBMRAlgorithmFast4$new" 
"pmin" "compute_pi" "as.vector" "Gamma_direct" "gr" "<Anonymous>" ".External2" "optim" "private$gmm" "self$WangShaoKim2014" "initialize" "EBMRAlgorithmFast4$new" 
"pmin" "compute_pi" "as.vector" "Gamma_direct" "gr" "<Anonymous>" ".External2" "optim" "private$gmm" "self$WangShaoKim2014" "initialize" "EBMRAlgorithmFast4$new" 
"*" "Gamma_direct" "gr" "<Anonymous>" ".External2" "optim" "private$gmm" "self$WangShaoKim2014" "initialize" "EBMRAlgorithmFast4$new" 
"as.matrix" "solve.default" "solve" "W" "doTryCatch" "tryCatchOne" "tryCatchList" "tryCatch" "private$gmm" "self$WangShaoKim2014" "initialize" "EBMRAlgorithmFast4$new" 
"*" "g" "conv_grad" "private$gmm" "self$WangShaoKim2014" "initialize" "EBMRAlgorithmFast4$new" 
"*" "Gamma_direct" "gr" "<Anonymous>" ".External2" "optim" "private$gmm" "self$WangShaoKim2014" "initialize" "EBMRAlgorithmFast4$new" 
"*" "g" "cache" "fn" "<Anonymous>" ".External2" "optim" "private$gmm" "self$WangShaoKim2014" "initialize" "EBMRAlgorithmFast4$new" 
"pmin" "compute_pi" "g" "cache" "fn" "<Anonymous>" ".External2" "optim" "private$gmm" "self$WangShaoKim2014" "initialize" "EBMRAlgorithmFast4$new" 
"crossprod" "Gamma_direct" "gr" "<Anonymous>" ".External2" "optim" "private$gmm" "self$WangShaoKim2014" "initialize" "EBMRAlgorithmFast4$new" 
"crossprod" "Gamma_direct" "gr" "<Anonymous>" ".External2" "optim" "private$gmm" "self$WangShaoKim2014" "initialize" "EBMRAlgorithmFast4$new" 
"*" "g" "conv_grad" "private$gmm" "self$WangShaoKim2014" "initialize" "EBMRAlgorithmFast4$new" 
"Gamma_direct" "gr" "<Anonymous>" ".External2" "optim" "private$gmm" "self$WangShaoKim2014" "initialize" "EBMRAlgorithmFast4$new" 
"mostattributes<-" "pmax" "pmin" "compute_pi" "g" "cache" "fn" "<Anonymous>" ".External2" "optim" "private$gmm" "self$WangShaoKim2014" "initialize" "EBMRAlgorithmFast4$new" 
"vapply" "pmax" "pmin" "compute_pi" "g" "func" "genD.default" "genD" "hessian.default" "hessian" "doTryCatch" "tryCatchOne" "tryCatchList" "tryCatch" "private$gmm" "self$WangShaoKim2014" "initialize" "EBMRAlgorithmFast4$new" 
"pmax" "pmin" "compute_pi" "g" "func" "genD.default" "genD" "hessian.default" "hessian" "doTryCatch" "tryCatchOne" "tryCatchList" "tryCatch" "private$gmm" "self$WangShaoKim2014" "initialize" "EBMRAlgorithmFast4$new" 
"exp" "compute_pi" "g" "func" "genD.default" "genD" "hessian.default" "hessian" "doTryCatch" "tryCatchOne" "tryCatchList" "tryCatch" "private$gmm" "self$WangShaoKim2014" "initialize" "EBMRAlgorithmFast4$new" 
"solve" "W" "doTryCatch" "tryCatchOne" "tryCatchList" "tryCatch" "func" "genD.default" "genD" "hessian.default" "hessian" "doTryCatch" "tryCatchOne" "tryCatchList" "tryCatch" "private$gmm" "self$WangShaoKim2014" "initialize" "EBMRAlgorithmFast4$new" 
"func" "genD.default" "genD" "hessian.default" "hessian" "doTryCatch" "tryCatchOne" "tryCatchList" "tryCatch" "private$gmm" "self$WangShaoKim2014" "initialize" "EBMRAlgorithmFast4$new" 
"+" "compute_pi" "g" "func" "genD.default" "genD" "hessian.default" "hessian" "doTryCatch" "tryCatchOne" "tryCatchList" "tryCatch" "private$gmm" "self$WangShaoKim2014" "initialize" "EBMRAlgorithmFast4$new" 
"d2g" "Gamma_2" "private$gmm" "self$WangShaoKim2014" "initialize" "EBMRAlgorithmFast4$new" 
"is.factor" "FUN" "vapply" "model.frame.default" "model.frame" "model.matrix.default" "model.matrix" "private$build_design_matrix" "self$WangShaoKim2014" "initialize" "EBMRAlgorithmFast4$new" 
"standardGeneric" "as.matrix" "self$WangShaoKim2014" "initialize" "EBMRAlgorithmFast4$new" 
"crossprod" "Gamma_direct" "gr" "<Anonymous>" ".External2" "optim" "private$gmm" "self$WangShaoKim2014" "initialize" "EBMRAlgorithmFast4$new" 
"*" "Gamma_direct" "gr" "<Anonymous>" ".External2" "optim" "private$gmm" "self$WangShaoKim2014" "initialize" "EBMRAlgorithmFast4$new" 
"crossprod" "Gamma_direct" "gr" "<Anonymous>" ".External2" "optim" "private$gmm" "self$WangShaoKim2014" "initialize" "EBMRAlgorithmFast4$new" 
"*" "g" "cache" "fn" "<Anonymous>" ".External2" "optim" "private$gmm" "self$WangShaoKim2014" "initialize" "EBMRAlgorithmFast4$new" 
"%*%" "solve" "W" "doTryCatch" "tryCatchOne" "tryCatchList" "tryCatch" "private$gmm" "self$WangShaoKim2014" "initialize" "EBMRAlgorithmFast4$new" 
"*" "Gamma_direct" "gr" "<Anonymous>" ".External2" "optim" "private$gmm" "self$WangShaoKim2014" "initialize" "EBMRAlgorithmFast4$new" 
"exp" "compute_pi" "g" "cache" "fn" "<Anonymous>" ".External2" "optim" "private$gmm" "self$WangShaoKim2014" "initialize" "EBMRAlgorithmFast4$new" 
"proj_grad_norm" "private$gmm" "self$WangShaoKim2014" "initialize" "EBMRAlgorithmFast4$new" 
"solve" "W" "doTryCatch" "tryCatchOne" "tryCatchList" "tryCatch" "conv_grad" "private$gmm" "self$WangShaoKim2014" "initialize" "EBMRAlgorithmFast4$new" 
"eval" "match.arg" "optim" "private$gmm" "self$WangShaoKim2014" "initialize" "EBMRAlgorithmFast4$new" 
"cache" "fn" "<Anonymous>" ".External2" "optim" "private$gmm" "self$WangShaoKim2014" "initialize" "EBMRAlgorithmFast4$new" 
"exp" "compute_pi" "as.vector" "Gamma_direct" "gr" "<Anonymous>" ".External2" "optim" "private$gmm" "self$WangShaoKim2014" "initialize" "EBMRAlgorithmFast4$new" 
"*" "Gamma_direct" "gr" "<Anonymous>" ".External2" "optim" "private$gmm" "self$WangShaoKim2014" "initialize" "EBMRAlgorithmFast4$new" 
"*" "Gamma_direct" "gr" "<Anonymous>" ".External2" "optim" "private$gmm" "self$WangShaoKim2014" "initialize" "EBMRAlgorithmFast4$new" 
"as.matrix" "solve.default" "solve" "W" "doTryCatch" "tryCatchOne" "tryCatchList" "tryCatch" "private$gmm" "self$WangShaoKim2014" "initialize" "EBMRAlgorithmFast4$new" 
"*" "g" "cache" "fn" "<Anonymous>" ".External2" "optim" "private$gmm" "self$WangShaoKim2014" "initialize" "EBMRAlgorithmFast4$new" 
"pmax" "pmin" "compute_pi" "as.vector" "Gamma_direct" "gr" "<Anonymous>" ".External2" "optim" "private$gmm" "self$WangShaoKim2014" "initialize" "EBMRAlgorithmFast4$new" 
"nrow" "solve" "W" "doTryCatch" "tryCatchOne" "tryCatchList" "tryCatch" "private$gmm" "self$WangShaoKim2014" "initialize" "EBMRAlgorithmFast4$new" 
"mostattributes<-" "pmax" "pmin" "compute_pi" "g" "func" "genD.default" "genD" "hessian.default" "hessian" "doTryCatch" "tryCatchOne" "tryCatchList" "tryCatch" "private$gmm" "self$WangShaoKim2014" "initialize" "EBMRAlgorithmFast4$new" 
"%*%" "solve" "W" "doTryCatch" "tryCatchOne" "tryCatchList" "tryCatch" "func" "genD.default" "genD" "hessian.default" "hessian" "doTryCatch" "tryCatchOne" "tryCatchList" "tryCatch" "private$gmm" "self$WangShaoKim2014" "initialize" "EBMRAlgorithmFast4$new" 
"exp" "compute_pi" "g" "func" "genD.default" "genD" "hessian.default" "hessian" "doTryCatch" "tryCatchOne" "tryCatchList" "tryCatch" "private$gmm" "self$WangShaoKim2014" "initialize" "EBMRAlgorithmFast4$new" 
"exp" "compute_pi" "g" "func" "genD.default" "genD" "hessian.default" "hessian" "doTryCatch" "tryCatchOne" "tryCatchList" "tryCatch" "private$gmm" "self$WangShaoKim2014" "initialize" "EBMRAlgorithmFast4$new" 
"%*%" "solve" "W" "doTryCatch" "tryCatchOne" "tryCatchList" "tryCatch" "func" "genD.default" "genD" "hessian.default" "hessian" "doTryCatch" "tryCatchOne" "tryCatchList" "tryCatch" "private$gmm" "self$WangShaoKim2014" "initialize" "EBMRAlgorithmFast4$new" 
"deparse" "paste" "FUN" "vapply" "model.frame.default" "model.frame" "model.matrix.default" "model.matrix" "private$build_design_matrix" "self$WangShaoKim2014" "initialize" "EBMRAlgorithmFast4$new" 
"pmax" "pmin" "compute_pi" "as.vector" "Gamma_direct" "gr" "<Anonymous>" ".External2" "optim" "private$gmm" "self$WangShaoKim2014" "initialize" "EBMRAlgorithmFast4$new" 
"as.vector" "g" "cache" "fn" "<Anonymous>" ".External2" "optim" "private$gmm" "self$WangShaoKim2014" "initialize" "EBMRAlgorithmFast4$new" 
"crossprod" "Gamma_direct" "gr" "<Anonymous>" ".External2" "optim" "private$gmm" "self$WangShaoKim2014" "initialize" "EBMRAlgorithmFast4$new" 
"pmax" "pmin" "compute_pi" "g" "cache" "fn" "<Anonymous>" ".External2" "optim" "private$gmm" "self$WangShaoKim2014" "initialize" "EBMRAlgorithmFast4$new" 
"as.vector" "g" "cache" "fn" "<Anonymous>" ".External2" "optim" "private$gmm" "self$WangShaoKim2014" "initialize" "EBMRAlgorithmFast4$new" 
"%*%" "g" "cache" "fn" "<Anonymous>" ".External2" "optim" "private$gmm" "self$WangShaoKim2014" "initialize" "EBMRAlgorithmFast4$new" 
"fn" "<Anonymous>" ".External2" "optim" "private$gmm" "self$WangShaoKim2014" "initialize" "EBMRAlgorithmFast4$new" 
"-" "g" "cache" "fn" "<Anonymous>" ".External2" "optim" "private$gmm" "self$WangShaoKim2014" "initialize" "EBMRAlgorithmFast4$new" 
"mostattributes<-" "pmin" "compute_pi" "g" "cache" "fn" "<Anonymous>" ".External2" "optim" "private$gmm" "self$WangShaoKim2014" "initialize" "EBMRAlgorithmFast4$new" 
"exp" "compute_pi" "g" "cache" "fn" "<Anonymous>" ".External2" "optim" "private$gmm" "self$WangShaoKim2014" "initialize" "EBMRAlgorithmFast4$new" 
"as.vector" "g" "cache" "fn" "<Anonymous>" ".External2" "optim" "private$gmm" "self$WangShaoKim2014" "initialize" "EBMRAlgorithmFast4$new" 
"pmin" "compute_pi" "as.vector" "Gamma_direct" "gr" "<Anonymous>" ".External2" "optim" "private$gmm" "self$WangShaoKim2014" "initialize" "EBMRAlgorithmFast4$new" 
".colMeans" "matrix" "conv_grad" "private$gmm" "self$WangShaoKim2014" "initialize" "EBMRAlgorithmFast4$new" 
"exp" "compute_pi" "g" "cache" "fn" "<Anonymous>" ".External2" "optim" "private$gmm" "self$WangShaoKim2014" "initialize" "EBMRAlgorithmFast4$new" 
".colMeans" "matrix" "cache" "fn" "<Anonymous>" ".External2" "optim" "private$gmm" "self$WangShaoKim2014" "initialize" "EBMRAlgorithmFast4$new" 
"as.vector" "Gamma_direct" "gr" "<Anonymous>" ".External2" "optim" "private$gmm" "self$WangShaoKim2014" "initialize" "EBMRAlgorithmFast4$new" 
"as.vector" "conv_grad" "private$gmm" "self$WangShaoKim2014" "initialize" "EBMRAlgorithmFast4$new" 
"*" "Gamma_direct" "gr" "<Anonymous>" ".External2" "optim" "private$gmm" "self$WangShaoKim2014" "initialize" "EBMRAlgorithmFast4$new" 
"exp" "compute_pi" "as.vector" "Gamma_direct" "gr" "<Anonymous>" ".External2" "optim" "private$gmm" "self$WangShaoKim2014" "initialize" "EBMRAlgorithmFast4$new" 
"*" "g" "cache" "fn" "<Anonymous>" ".External2" "optim" "private$gmm" "self$WangShaoKim2014" "initialize" "EBMRAlgorithmFast4$new" 
"match.fun" "vapply" "pmax" "pmin" "compute_pi" "g" "cache" "fn" "<Anonymous>" ".External2" "optim" "private$gmm" "self$WangShaoKim2014" "initialize" "EBMRAlgorithmFast4$new" 
"Gamma_direct" "conv_grad" "private$gmm" "self$WangShaoKim2014" "initialize" "EBMRAlgorithmFast4$new" 
"crossprod" "Gamma_direct" "gr" "<Anonymous>" ".External2" "optim" "private$gmm" "self$WangShaoKim2014" "initialize" "EBMRAlgorithmFast4$new" 
"exp" "compute_pi" "g" "cache" "fn" "<Anonymous>" ".External2" "optim" "private$gmm" "self$WangShaoKim2014" "initialize" "EBMRAlgorithmFast4$new" 
"exp" "compute_pi" "as.vector" "Gamma_direct" "gr" "<Anonymous>" ".External2" "optim" "private$gmm" "self$WangShaoKim2014" "initialize" "EBMRAlgorithmFast4$new" 
"pmax" "pmin" "compute_pi" "g" "cache" "fn" "<Anonymous>" ".External2" "optim" "private$gmm" "self$WangShaoKim2014" "initialize" "EBMRAlgorithmFast4$new" 
"%*%" "as.vector" "Gamma_direct" "gr" "<Anonymous>" ".External2" "optim" "private$gmm" "self$WangShaoKim2014" "initialize" "EBMRAlgorithmFast4$new" 
"crossprod" "Gamma_direct" "gr" "<Anonymous>" ".External2" "optim" "private$gmm" "self$WangShaoKim2014" "initialize" "EBMRAlgorithmFast4$new" 
"*" "g" "cache" "fn" "<Anonymous>" ".External2" "optim" "private$gmm" "self$WangShaoKim2014" "initialize" "EBMRAlgorithmFast4$new" 
"vapply" "pmax" "pmin" "compute_pi" "as.vector" "Gamma_direct" "conv_grad" "private$gmm" "self$WangShaoKim2014" "initialize" "EBMRAlgorithmFast4$new" 
"crossprod" "Gamma_direct" "gr" "<Anonymous>" ".External2" "optim" "private$gmm" "self$WangShaoKim2014" "initialize" "EBMRAlgorithmFast4$new" 
"%*%" "solve" "W" "doTryCatch" "tryCatchOne" "tryCatchList" "tryCatch" "conv_grad" "private$gmm" "self$WangShaoKim2014" "initialize" "EBMRAlgorithmFast4$new" 
"pmin" "compute_pi" "as.vector" "Gamma_direct" "gr" "<Anonymous>" ".External2" "optim" "private$gmm" "self$WangShaoKim2014" "initialize" "EBMRAlgorithmFast4$new" 
"t.default" "t" "solve" "W" "doTryCatch" "tryCatchOne" "tryCatchList" "tryCatch" "conv_grad" "private$gmm" "self$WangShaoKim2014" "initialize" "EBMRAlgorithmFast4$new" 
"exp" "compute_pi" "g" "cache" "fn" "<Anonymous>" ".External2" "optim" "private$gmm" "self$WangShaoKim2014" "initialize" "EBMRAlgorithmFast4$new" 
"crossprod" "Gamma_direct" "gr" "<Anonymous>" ".External2" "optim" "private$gmm" "self$WangShaoKim2014" "initialize" "EBMRAlgorithmFast4$new" 
"crossprod" "Gamma_direct" "gr" "<Anonymous>" ".External2" "optim" "private$gmm" "self$WangShaoKim2014" "initialize" "EBMRAlgorithmFast4$new" 
"crossprod" "Gamma_direct" "gr" "<Anonymous>" ".External2" "optim" "private$gmm" "self$WangShaoKim2014" "initialize" "EBMRAlgorithmFast4$new" 
"%*%" "func" "genD.default" "genD" "hessian.default" "hessian" "doTryCatch" "tryCatchOne" "tryCatchList" "tryCatch" "private$gmm" "self$WangShaoKim2014" "initialize" "EBMRAlgorithmFast4$new" 
"%*%" "solve" "W" "doTryCatch" "tryCatchOne" "tryCatchList" "tryCatch" "func" "genD.default" "genD" "hessian.default" "hessian" "doTryCatch" "tryCatchOne" "tryCatchList" "tryCatch" "private$gmm" "self$WangShaoKim2014" "initialize" "EBMRAlgorithmFast4$new" 
"exp" "compute_pi" "g" "func" "genD.default" "genD" "hessian.default" "hessian" "doTryCatch" "tryCatchOne" "tryCatchList" "tryCatch" "private$gmm" "self$WangShaoKim2014" "initialize" "EBMRAlgorithmFast4$new" 
"genD.default" "genD" "hessian.default" "hessian" "doTryCatch" "tryCatchOne" "tryCatchList" "tryCatch" "private$gmm" "self$WangShaoKim2014" "initialize" "EBMRAlgorithmFast4$new" 
"mostattributes<-" "pmin" "compute_pi" "g" "func" "genD.default" "genD" "hessian.default" "hessian" "doTryCatch" "tryCatchOne" "tryCatchList" "tryCatch" "private$gmm" "self$WangShaoKim2014" "initialize" "EBMRAlgorithmFast4$new" 
"mostattributes<-" "pmax" "pmin" "compute_pi" "g" "func" "genD.default" "genD" "hessian.default" "hessian" "doTryCatch" "tryCatchOne" "tryCatchList" "tryCatch" "private$gmm" "self$WangShaoKim2014" "initialize" "EBMRAlgorithmFast4$new" 
"doTryCatch" "tryCatchOne" "tryCatchList" "tryCatch" "private$gmm" "self$WangShaoKim2014" "initialize" "EBMRAlgorithmFast4$new" 
"solve" "doTryCatch" "tryCatchOne" "tryCatchList" "tryCatch" "private$gmm" "self$WangShaoKim2014" "initialize" "EBMRAlgorithmFast4$new" 
"names" "names" "as.matrix.data.frame" "as.matrix" "standardGeneric" "as.matrix" "ebmr2$EBMR_IPW" 
"as.vector" "g" "cache" "fn" "<Anonymous>" ".External2" "optim" "private$gmm" "self$WangShaoKim2014" "initialize" "EBMRAlgorithmFast4$new" 
"!" "cache" "gr" "<Anonymous>" ".External2" "optim" "private$gmm" "self$WangShaoKim2014" "initialize" "EBMRAlgorithmFast4$new" 
"as.vector" "gr" "<Anonymous>" ".External2" "optim" "private$gmm" "self$WangShaoKim2014" "initialize" "EBMRAlgorithmFast4$new" 
"*" "Gamma_direct" "gr" "<Anonymous>" ".External2" "optim" "private$gmm" "self$WangShaoKim2014" "initialize" "EBMRAlgorithmFast4$new" 
"exp" "compute_pi" "g" "cache" "fn" "<Anonymous>" ".External2" "optim" "private$gmm" "self$WangShaoKim2014" "initialize" "EBMRAlgorithmFast4$new" 
"exp" "compute_pi" "g" "cache" "fn" "<Anonymous>" ".External2" "optim" "private$gmm" "self$WangShaoKim2014" "initialize" "EBMRAlgorithmFast4$new" 
"pmax" "pmin" "compute_pi" "g" "cache" "fn" "<Anonymous>" ".External2" "optim" "private$gmm" "self$WangShaoKim2014" "initialize" "EBMRAlgorithmFast4$new" 
"*" "Gamma_direct" "gr" "<Anonymous>" ".External2" "optim" "private$gmm" "self$WangShaoKim2014" "initialize" "EBMRAlgorithmFast4$new" 
"%*%" "as.vector" "Gamma_direct" "conv_grad" "private$gmm" "self$WangShaoKim2014" "initialize" "EBMRAlgorithmFast4$new" 
"Gamma_direct" "gr" "<Anonymous>" ".External2" "optim" "private$gmm" "self$WangShaoKim2014" "initialize" "EBMRAlgorithmFast4$new" 
"crossprod" "Gamma_direct" "gr" "<Anonymous>" ".External2" "optim" "private$gmm" "self$WangShaoKim2014" "initialize" "EBMRAlgorithmFast4$new" 
"pmin" "compute_pi" "g" "cache" "fn" "<Anonymous>" ".External2" "optim" "private$gmm" "self$WangShaoKim2014" "initialize" "EBMRAlgorithmFast4$new" 
"==" "Gamma_direct" "conv_grad" "private$gmm" "self$WangShaoKim2014" "initialize" "EBMRAlgorithmFast4$new" 
"*" "Gamma_direct" "gr" "<Anonymous>" ".External2" "optim" "private$gmm" "self$WangShaoKim2014" "initialize" "EBMRAlgorithmFast4$new" 
"exp" "compute_pi" "as.vector" "Gamma_direct" "gr" "<Anonymous>" ".External2" "optim" "private$gmm" "self$WangShaoKim2014" "initialize" "EBMRAlgorithmFast4$new" 
"solve" "W" "doTryCatch" "tryCatchOne" "tryCatchList" "tryCatch" "func" "genD.default" "genD" "hessian.default" "hessian" "doTryCatch" "tryCatchOne" "tryCatchList" "tryCatch" "private$gmm" "self$WangShaoKim2014" "initialize" "EBMRAlgorithmFast4$new" 
"+" "compute_pi" "g" "func" "genD.default" "genD" "hessian.default" "hessian" "doTryCatch" "tryCatchOne" "tryCatchList" "tryCatch" "private$gmm" "self$WangShaoKim2014" "initialize" "EBMRAlgorithmFast4$new" 
"solve" "W" "doTryCatch" "tryCatchOne" "tryCatchList" "tryCatch" "func" "genD.default" "genD" "hessian.default" "hessian" "doTryCatch" "tryCatchOne" "tryCatchList" "tryCatch" "private$gmm" "self$WangShaoKim2014" "initialize" "EBMRAlgorithmFast4$new" 
"as.vector" "g" "func" "genD.default" "genD" "hessian.default" "hessian" "doTryCatch" "tryCatchOne" "tryCatchList" "tryCatch" "private$gmm" "self$WangShaoKim2014" "initialize" "EBMRAlgorithmFast4$new" 
"*" "g" "func" "genD.default" "genD" "hessian.default" "hessian" "doTryCatch" "tryCatchOne" "tryCatchList" "tryCatch" "private$gmm" "self$WangShaoKim2014" "initialize" "EBMRAlgorithmFast4$new" 
"attr" "mostattributes<-" "pmax" "pmin" "compute_pi" "g" "func" "genD.default" "genD" "hessian.default" "hessian" "doTryCatch" "tryCatchOne" "tryCatchList" "tryCatch" "private$gmm" "self$WangShaoKim2014" "initialize" "EBMRAlgorithmFast4$new" 
"%*%" "solve" "W" "doTryCatch" "tryCatchOne" "tryCatchList" "tryCatch" "func" "genD.default" "genD" "hessian.default" "hessian" "doTryCatch" "tryCatchOne" "tryCatchList" "tryCatch" "private$gmm" "self$WangShaoKim2014" "initialize" "EBMRAlgorithmFast4$new" 
"as.vector" "ebmr2$EBMR_IPW" 
"as.data.frame" "<Anonymous>" "do.call" "as.data.frame.list" "as.data.frame" "private$separate_variable_types" "self$WangShaoKim2014" "initialize" "EBMRAlgorithmFast4$new" 
"contrasts<-" "model.matrix.default" "NextMethod" "model.matrix.lm" "model.matrix" "self$WangShaoKim2014" "initialize" "EBMRAlgorithmFast4$new" 
"as.vector" "g" "cache" "fn" "<Anonymous>" ".External2" "optim" "private$gmm" "self$WangShaoKim2014" "initialize" "EBMRAlgorithmFast4$new" 
"cache" "gr" "<Anonymous>" ".External2" "optim" "private$gmm" "self$WangShaoKim2014" "initialize" "EBMRAlgorithmFast4$new" 
"*" "Gamma_direct" "gr" "<Anonymous>" ".External2" "optim" "private$gmm" "self$WangShaoKim2014" "initialize" "EBMRAlgorithmFast4$new" 
"*" "Gamma_direct" "gr" "<Anonymous>" ".External2" "optim" "private$gmm" "self$WangShaoKim2014" "initialize" "EBMRAlgorithmFast4$new" 
"*" "Gamma_direct" "gr" "<Anonymous>" ".External2" "optim" "private$gmm" "self$WangShaoKim2014" "initialize" "EBMRAlgorithmFast4$new" 
"*" "Gamma_direct" "gr" "<Anonymous>" ".External2" "optim" "private$gmm" "self$WangShaoKim2014" "initialize" "EBMRAlgorithmFast4$new" 
"*" "Gamma_direct" "gr" "<Anonymous>" ".External2" "optim" "private$gmm" "self$WangShaoKim2014" "initialize" "EBMRAlgorithmFast4$new" 
"*" "Gamma_direct" "gr" "<Anonymous>" ".External2" "optim" "private$gmm" "self$WangShaoKim2014" "initialize" "EBMRAlgorithmFast4$new" 
"*" "Gamma_direct" "gr" "<Anonymous>" ".External2" "optim" "private$gmm" "self$WangShaoKim2014" "initialize" "EBMRAlgorithmFast4$new" 
"*" "Gamma_direct" "gr" "<Anonymous>" ".External2" "optim" "private$gmm" "self$WangShaoKim2014" "initialize" "EBMRAlgorithmFast4$new" 
"*" "Gamma_direct" "gr" "<Anonymous>" ".External2" "optim" "private$gmm" "self$WangShaoKim2014" "initialize" "EBMRAlgorithmFast4$new" 
"*" "Gamma_direct" "gr" "<Anonymous>" ".External2" "optim" "private$gmm" "self$WangShaoKim2014" "initialize" "EBMRAlgorithmFast4$new" 
"*" "Gamma_direct" "gr" "<Anonymous>" ".External2" "optim" "private$gmm" "self$WangShaoKim2014" "initialize" "EBMRAlgorithmFast4$new" 
"*" "Gamma_direct" "gr" "<Anonymous>" ".External2" "optim" "private$gmm" "self$WangShaoKim2014" "initialize" "EBMRAlgorithmFast4$new" 
"*" "Gamma_direct" "gr" "<Anonymous>" ".External2" "optim" "private$gmm" "self$WangShaoKim2014" "initialize" "EBMRAlgorithmFast4$new" 
"*" "Gamma_direct" "gr" "<Anonymous>" ".External2" "optim" "private$gmm" "self$WangShaoKim2014" "initialize" "EBMRAlgorithmFast4$new" 
"*" "Gamma_direct" "gr" "<Anonymous>" ".External2" "optim" "private$gmm" "self$WangShaoKim2014" "initialize" "EBMRAlgorithmFast4$new" 
"*" "Gamma_direct" "gr" "<Anonymous>" ".External2" "optim" "private$gmm" "self$WangShaoKim2014" "initialize" "EBMRAlgorithmFast4$new" 
"*" "Gamma_direct" "gr" "<Anonymous>" ".External2" "optim" "private$gmm" "self$WangShaoKim2014" "initialize" "EBMRAlgorithmFast4$new" 
"*" "Gamma_direct" "gr" "<Anonymous>" ".External2" "optim" "private$gmm" "self$WangShaoKim2014" "initialize" "EBMRAlgorithmFast4$new" 
"*" "Gamma_direct" "gr" "<Anonymous>" ".External2" "optim" "private$gmm" "self$WangShaoKim2014" "initialize" "EBMRAlgorithmFast4$new" 
"*" "Gamma_direct" "gr" "<Anonymous>" ".External2" "optim" "private$gmm" "self$WangShaoKim2014" "initialize" "EBMRAlgorithmFast4$new" 
"*" "Gamma_direct" "gr" "<Anonymous>" ".External2" "optim" "private$gmm" "self$WangShaoKim2014" "initialize" "EBMRAlgorithmFast4$new" 
"%*%" "as.vector" "gr" "<Anonymous>" ".External2" "optim" "private$gmm" "self$WangShaoKim2014" "initialize" "EBMRAlgorithmFast4$new" 
"exp" "compute_pi" "g" "cache" "fn" "<Anonymous>" ".External2" "optim" "private$gmm" "self$WangShaoKim2014" "initialize" "EBMRAlgorithmFast4$new" 
"cache" "gr" "<Anonymous>" ".External2" "optim" "private$gmm" "self$WangShaoKim2014" "initialize" "EBMRAlgorithmFast4$new" 
"exp" "compute_pi" "as.vector" "Gamma_direct" "gr" "<Anonymous>" ".External2" "optim" "private$gmm" "self$WangShaoKim2014" "initialize" "EBMRAlgorithmFast4$new" 
"cache" "fn" "<Anonymous>" ".External2" "optim" "private$gmm" "self$WangShaoKim2014" "initialize" "EBMRAlgorithmFast4$new" 
"%*%" "g" "cache" "fn" "<Anonymous>" ".External2" "optim" "private$gmm" "self$WangShaoKim2014" "initialize" "EBMRAlgorithmFast4$new" 
"mostattributes<-" "pmin" "compute_pi" "g" "cache" "fn" "<Anonymous>" ".External2" "optim" "private$gmm" "self$WangShaoKim2014" "initialize" "EBMRAlgorithmFast4$new" 
"crossprod" "Gamma_direct" "gr" "<Anonymous>" ".External2" "optim" "private$gmm" "self$WangShaoKim2014" "initialize" "EBMRAlgorithmFast4$new" 
"*" "g" "cache" "fn" "<Anonymous>" ".External2" "optim" "private$gmm" "self$WangShaoKim2014" "initialize" "EBMRAlgorithmFast4$new" 
"vapply" "pmin" "compute_pi" "g" "cache" "fn" "<Anonymous>" ".External2" "optim" "private$gmm" "self$WangShaoKim2014" "initialize" "EBMRAlgorithmFast4$new" 
"vapply" "pmin" "compute_pi" "as.vector" "Gamma_direct" "gr" "<Anonymous>" ".External2" "optim" "private$gmm" "self$WangShaoKim2014" "initialize" "EBMRAlgorithmFast4$new" 
"%*%" "solve" "W" "doTryCatch" "tryCatchOne" "tryCatchList" "tryCatch" "private$gmm" "self$WangShaoKim2014" "initialize" "EBMRAlgorithmFast4$new" 
"exp" "compute_pi" "g" "cache" "fn" "<Anonymous>" ".External2" "optim" "private$gmm" "self$WangShaoKim2014" "initialize" "EBMRAlgorithmFast4$new" 
"*" "Gamma_direct" "gr" "<Anonymous>" ".External2" "optim" "private$gmm" "self$WangShaoKim2014" "initialize" "EBMRAlgorithmFast4$new" 
"match.arg" "optim" "private$gmm" "self$WangShaoKim2014" "initialize" "EBMRAlgorithmFast4$new" 
"exp" "compute_pi" "as.vector" "Gamma_direct" "gr" "<Anonymous>" ".External2" "optim" "private$gmm" "self$WangShaoKim2014" "initialize" "EBMRAlgorithmFast4$new" 
"-" "Gamma_direct" "conv_grad" "private$gmm" "self$WangShaoKim2014" "initialize" "EBMRAlgorithmFast4$new" 
"conv_grad" "private$gmm" "self$WangShaoKim2014" "initialize" "EBMRAlgorithmFast4$new" 
"exp" "compute_pi" "g" "cache" "fn" "<Anonymous>" ".External2" "optim" "private$gmm" "self$WangShaoKim2014" "initialize" "EBMRAlgorithmFast4$new" 
"exp" "compute_pi" "g" "cache" "fn" "<Anonymous>" ".External2" "optim" "private$gmm" "self$WangShaoKim2014" "initialize" "EBMRAlgorithmFast4$new" 
"pmax" "pmin" "compute_pi" "g" "conv_grad" "private$gmm" "self$WangShaoKim2014" "initialize" "EBMRAlgorithmFast4$new" 
".colMeans" "matrix" "cache" "fn" "<Anonymous>" ".External2" "optim" "private$gmm" "self$WangShaoKim2014" "initialize" "EBMRAlgorithmFast4$new" 
"*" "g" "conv_grad" "private$gmm" "self$WangShaoKim2014" "initialize" "EBMRAlgorithmFast4$new" 
"exp" "compute_pi" "g" "cache" "fn" "<Anonymous>" ".External2" "optim" "private$gmm" "self$WangShaoKim2014" "initialize" "EBMRAlgorithmFast4$new" 
"mostattributes<-" "pmax" "pmin" "compute_pi" "g" "cache" "fn" "<Anonymous>" ".External2" "optim" "private$gmm" "self$WangShaoKim2014" "initialize" "EBMRAlgorithmFast4$new" 
"solve.default" "solve" "W" "doTryCatch" "tryCatchOne" "tryCatchList" "tryCatch" "conv_grad" "private$gmm" "self$WangShaoKim2014" "initialize" "EBMRAlgorithmFast4$new" 
"exp" "compute_pi" "g" "cache" "fn" "<Anonymous>" ".External2" "optim" "private$gmm" "self$WangShaoKim2014" "initialize" "EBMRAlgorithmFast4$new" 
"vapply" "pmin" "compute_pi" "g" "cache" "fn" "<Anonymous>" ".External2" "optim" "private$gmm" "self$WangShaoKim2014" "initialize" "EBMRAlgorithmFast4$new" 
"pmin" "compute_pi" "g" "func" "genD.default" "genD" "hessian.default" "hessian" "doTryCatch" "tryCatchOne" "tryCatchList" "tryCatch" "private$gmm" "self$WangShaoKim2014" "initialize" "EBMRAlgorithmFast4$new" 
"%*%" "solve" "W" "doTryCatch" "tryCatchOne" "tryCatchList" "tryCatch" "func" "genD.default" "genD" "hessian.default" "hessian" "doTryCatch" "tryCatchOne" "tryCatchList" "tryCatch" "private$gmm" "self$WangShaoKim2014" "initialize" "EBMRAlgorithmFast4$new" 
"t" "solve" "W" "doTryCatch" "tryCatchOne" "tryCatchList" "tryCatch" "func" "genD.default" "genD" "hessian.default" "hessian" "doTryCatch" "tryCatchOne" "tryCatchList" "tryCatch" "private$gmm" "self$WangShaoKim2014" "initialize" "EBMRAlgorithmFast4$new" 
".colMeans" "matrix" "func" "genD.default" "genD" "hessian.default" "hessian" "doTryCatch" "tryCatchOne" "tryCatchList" "tryCatch" "private$gmm" "self$WangShaoKim2014" "initialize" "EBMRAlgorithmFast4$new" 
"as.vector" "g" "func" "genD.default" "genD" "hessian.default" "hessian" "doTryCatch" "tryCatchOne" "tryCatchList" "tryCatch" "private$gmm" "self$WangShaoKim2014" "initialize" "EBMRAlgorithmFast4$new" 
"%*%" "solve" "W" "doTryCatch" "tryCatchOne" "tryCatchList" "tryCatch" "func" "genD.default" "genD" "hessian.default" "hessian" "doTryCatch" "tryCatchOne" "tryCatchList" "tryCatch" "private$gmm" "self$WangShaoKim2014" "initialize" "EBMRAlgorithmFast4$new" 
"t" "solve" "W" "doTryCatch" "tryCatchOne" "tryCatchList" "tryCatch" "func" "genD.default" "genD" "hessian.default" "hessian" "doTryCatch" "tryCatchOne" "tryCatchList" "tryCatch" "private$gmm" "self$WangShaoKim2014" "initialize" "EBMRAlgorithmFast4$new" 
"%*%" "private$gmm" "self$WangShaoKim2014" "initialize" "EBMRAlgorithmFast4$new" 
"is.atomic" "[<-.data.frame" "[<-" "self$WangShaoKim2014" "initialize" "EBMRAlgorithmFast4$new" 
"matrix" "cache" "fn" "<Anonymous>" ".External2" "optim" "private$gmm" "self$WangShaoKim2014" "initialize" "EBMRAlgorithmFast4$new" 
"pmax" "pmin" "compute_pi" "g" "cache" "fn" "<Anonymous>" ".External2" "optim" "private$gmm" "self$WangShaoKim2014" "initialize" "EBMRAlgorithmFast4$new" 
"exp" "compute_pi" "g" "cache" "fn" "<Anonymous>" ".External2" "optim" "private$gmm" "self$WangShaoKim2014" "initialize" "EBMRAlgorithmFast4$new" 
"pmax" "pmin" "compute_pi" "as.vector" "Gamma_direct" "gr" "<Anonymous>" ".External2" "optim" "private$gmm" "self$WangShaoKim2014" "initialize" "EBMRAlgorithmFast4$new" 
"exp" "compute_pi" "g" "cache" "fn" "<Anonymous>" ".External2" "optim" "private$gmm" "self$WangShaoKim2014" "initialize" "EBMRAlgorithmFast4$new" 
"Gamma_direct" "conv_grad" "private$gmm" "self$WangShaoKim2014" "initialize" "EBMRAlgorithmFast4$new" 
".colMeans" "matrix" "conv_grad" "private$gmm" "self$WangShaoKim2014" "initialize" "EBMRAlgorithmFast4$new" 
"vapply" "pmin" "compute_pi" "g" "cache" "fn" "<Anonymous>" ".External2" "optim" "private$gmm" "self$WangShaoKim2014" "initialize" "EBMRAlgorithmFast4$new" 
"*" "Gamma_direct" "gr" "<Anonymous>" ".External2" "optim" "private$gmm" "self$WangShaoKim2014" "initialize" "EBMRAlgorithmFast4$new" 
"%*%" "solve" "W" "doTryCatch" "tryCatchOne" "tryCatchList" "tryCatch" "private$gmm" "self$WangShaoKim2014" "initialize" "EBMRAlgorithmFast4$new" 
"%*%" "solve" "W" "doTryCatch" "tryCatchOne" "tryCatchList" "tryCatch" "private$gmm" "self$WangShaoKim2014" "initialize" "EBMRAlgorithmFast4$new" 
"mostattributes<-" "pmin" "compute_pi" "g" "conv_grad" "private$gmm" "self$WangShaoKim2014" "initialize" "EBMRAlgorithmFast4$new" 
"pmin" "compute_pi" "as.vector" "Gamma_direct" "gr" "<Anonymous>" ".External2" "optim" "private$gmm" "self$WangShaoKim2014" "initialize" "EBMRAlgorithmFast4$new" 
"%*%" "g" "cache" "fn" "<Anonymous>" ".External2" "optim" "private$gmm" "self$WangShaoKim2014" "initialize" "EBMRAlgorithmFast4$new" 
"*" "g" "cache" "fn" "<Anonymous>" ".External2" "optim" "private$gmm" "self$WangShaoKim2014" "initialize" "EBMRAlgorithmFast4$new" 
"solve" "W" "doTryCatch" "tryCatchOne" "tryCatchList" "tryCatch" "func" "genD.default" "genD" "hessian.default" "hessian" "doTryCatch" "tryCatchOne" "tryCatchList" "tryCatch" "private$gmm" "self$WangShaoKim2014" "initialize" "EBMRAlgorithmFast4$new" 
"g" "func" "genD.default" "genD" "hessian.default" "hessian" "doTryCatch" "tryCatchOne" "tryCatchList" "tryCatch" "private$gmm" "self$WangShaoKim2014" "initialize" "EBMRAlgorithmFast4$new" 
"nrow" "solve" "W" "doTryCatch" "tryCatchOne" "tryCatchList" "tryCatch" "func" "genD.default" "genD" "hessian.default" "hessian" "doTryCatch" "tryCatchOne" "tryCatchList" "tryCatch" "private$gmm" "self$WangShaoKim2014" "initialize" "EBMRAlgorithmFast4$new" 
"%*%" "solve" "W" "doTryCatch" "tryCatchOne" "tryCatchList" "tryCatch" "func" "genD.default" "genD" "hessian.default" "hessian" "doTryCatch" "tryCatchOne" "tryCatchList" "tryCatch" "private$gmm" "self$WangShaoKim2014" "initialize" "EBMRAlgorithmFast4$new" 
"*" "g" "func" "genD.default" "genD" "hessian.default" "hessian" "doTryCatch" "tryCatchOne" "tryCatchList" "tryCatch" "private$gmm" "self$WangShaoKim2014" "initialize" "EBMRAlgorithmFast4$new" 
"t" "solve" "W" "doTryCatch" "tryCatchOne" "tryCatchList" "tryCatch" "func" "genD.default" "genD" "hessian.default" "hessian" "doTryCatch" "tryCatchOne" "tryCatchList" "tryCatch" "private$gmm" "self$WangShaoKim2014" "initialize" "EBMRAlgorithmFast4$new" 
"pmin" "compute_pi" "g" "func" "genD.default" "genD" "hessian.default" "hessian" "doTryCatch" "tryCatchOne" "tryCatchList" "tryCatch" "private$gmm" "self$WangShaoKim2014" "initialize" "EBMRAlgorithmFast4$new" 
"%*%" "solve" "W" "doTryCatch" "tryCatchOne" "tryCatchList" "tryCatch" "func" "genD.default" "genD" "hessian.default" "hessian" "doTryCatch" "tryCatchOne" "tryCatchList" "tryCatch" "private$gmm" "self$WangShaoKim2014" "initialize" "EBMRAlgorithmFast4$new" 
"*" "g" "private$gmm" "self$WangShaoKim2014" "initialize" "EBMRAlgorithmFast4$new" 
"colnames<-" "private$build_design_matrix" "self$WangShaoKim2014" "initialize" "EBMRAlgorithmFast4$new" 
"as.vector" "self$WangShaoKim2014" "initialize" "EBMRAlgorithmFast4$new" 
"mostattributes<-" "pmin" "compute_pi" "g" "cache" "fn" "<Anonymous>" ".External2" "optim" "private$gmm" "self$WangShaoKim2014" "initialize" "EBMRAlgorithmFast4$new" 
"exp" "compute_pi" "g" "cache" "fn" "<Anonymous>" ".External2" "optim" "private$gmm" "self$WangShaoKim2014" "initialize" "EBMRAlgorithmFast4$new" 
"as.vector" "Gamma_direct" "gr" "<Anonymous>" ".External2" "optim" "private$gmm" "self$WangShaoKim2014" "initialize" "EBMRAlgorithmFast4$new" 
"attributes" "pmax" "pmin" "compute_pi" "g" "cache" "fn" "<Anonymous>" ".External2" "optim" "private$gmm" "self$WangShaoKim2014" "initialize" "EBMRAlgorithmFast4$new" 
"as.vector" "Gamma_direct" "gr" "<Anonymous>" ".External2" "optim" "private$gmm" "self$WangShaoKim2014" "initialize" "EBMRAlgorithmFast4$new" 
"vapply" "pmax" "pmin" "compute_pi" "g" "cache" "fn" "<Anonymous>" ".External2" "optim" "private$gmm" "self$WangShaoKim2014" "initialize" "EBMRAlgorithmFast4$new" 
"*" "Gamma_direct" "conv_grad" "private$gmm" "self$WangShaoKim2014" "initialize" "EBMRAlgorithmFast4$new" 
"*" "g" "cache" "fn" "<Anonymous>" ".External2" "optim" "private$gmm" "self$WangShaoKim2014" "initialize" "EBMRAlgorithmFast4$new" 
"identical" "cache" "fn" "<Anonymous>" ".External2" "optim" "private$gmm" "self$WangShaoKim2014" "initialize" "EBMRAlgorithmFast4$new" 
"is.na" "mostattributes<-" "pmin" "compute_pi" "g" "cache" "fn" "<Anonymous>" ".External2" "optim" "private$gmm" "self$WangShaoKim2014" "initialize" "EBMRAlgorithmFast4$new" 
"crossprod" "Gamma_direct" "conv_grad" "private$gmm" "self$WangShaoKim2014" "initialize" "EBMRAlgorithmFast4$new" 
"proj_grad_norm" "private$gmm" "self$WangShaoKim2014" "initialize" "EBMRAlgorithmFast4$new" 
"as.matrix" "solve.default" "solve" "W" "doTryCatch" "tryCatchOne" "tryCatchList" "tryCatch" "private$gmm" "self$WangShaoKim2014" "initialize" "EBMRAlgorithmFast4$new" 
"exp" "compute_pi" "as.vector" "Gamma_direct" "gr" "<Anonymous>" ".External2" "optim" "private$gmm" "self$WangShaoKim2014" "initialize" "EBMRAlgorithmFast4$new" 
"pmin" "compute_pi" "g" "cache" "fn" "<Anonymous>" ".External2" "optim" "private$gmm" "self$WangShaoKim2014" "initialize" "EBMRAlgorithmFast4$new" 
"compute_pi" "as.vector" "Gamma_direct" "conv_grad" "private$gmm" "self$WangShaoKim2014" "initialize" "EBMRAlgorithmFast4$new" 
"*" "g" "cache" "fn" "<Anonymous>" ".External2" "optim" "private$gmm" "self$WangShaoKim2014" "initialize" "EBMRAlgorithmFast4$new" 
"*" "Gamma_direct" "conv_grad" "private$gmm" "self$WangShaoKim2014" "initialize" "EBMRAlgorithmFast4$new" 
".colMeans" "matrix" "cache" "fn" "<Anonymous>" ".External2" "optim" "private$gmm" "self$WangShaoKim2014" "initialize" "EBMRAlgorithmFast4$new" 
"mostattributes<-" "pmin" "compute_pi" "g" "cache" "fn" "<Anonymous>" ".External2" "optim" "private$gmm" "self$WangShaoKim2014" "initialize" "EBMRAlgorithmFast4$new" 
"*" "Gamma_direct" "gr" "<Anonymous>" ".External2" "optim" "private$gmm" "self$WangShaoKim2014" "initialize" "EBMRAlgorithmFast4$new" 
"*" "g" "cache" "fn" "<Anonymous>" ".External2" "optim" "private$gmm" "self$WangShaoKim2014" "initialize" "EBMRAlgorithmFast4$new" 
"crossprod" "Gamma_direct" "gr" "<Anonymous>" ".External2" "optim" "private$gmm" "self$WangShaoKim2014" "initialize" "EBMRAlgorithmFast4$new" 
"%*%" "as.vector" "Gamma_direct" "conv_grad" "private$gmm" "self$WangShaoKim2014" "initialize" "EBMRAlgorithmFast4$new" 
"compute_pi" "g" "cache" "fn" "<Anonymous>" ".External2" "optim" "private$gmm" "self$WangShaoKim2014" "initialize" "EBMRAlgorithmFast4$new" 
"optim" "private$gmm" "self$WangShaoKim2014" "initialize" "EBMRAlgorithmFast4$new" 
"*" "g" "cache" "fn" "<Anonymous>" ".External2" "optim" "private$gmm" "self$WangShaoKim2014" "initialize" "EBMRAlgorithmFast4$new" 
"*" "g" "cache" "fn" "<Anonymous>" ".External2" "optim" "private$gmm" "self$WangShaoKim2014" "initialize" "EBMRAlgorithmFast4$new" 
"%*%" "solve" "W" "doTryCatch" "tryCatchOne" "tryCatchList" "tryCatch" "private$gmm" "self$WangShaoKim2014" "initialize" "EBMRAlgorithmFast4$new" 
"crossprod" "Gamma_direct" "conv_grad" "private$gmm" "self$WangShaoKim2014" "initialize" "EBMRAlgorithmFast4$new" 
"*" "Gamma_direct" "gr" "<Anonymous>" ".External2" "optim" "private$gmm" "self$WangShaoKim2014" "initialize" "EBMRAlgorithmFast4$new" 
"exp" "compute_pi" "g" "cache" "fn" "<Anonymous>" ".External2" "optim" "private$gmm" "self$WangShaoKim2014" "initialize" "EBMRAlgorithmFast4$new" 
"compute_pi" "g" "cache" "fn" "<Anonymous>" ".External2" "optim" "private$gmm" "self$WangShaoKim2014" "initialize" "EBMRAlgorithmFast4$new" 
"as.vector" "g" "cache" "fn" "<Anonymous>" ".External2" "optim" "private$gmm" "self$WangShaoKim2014" "initialize" "EBMRAlgorithmFast4$new" 
"t" "solve" "W" "doTryCatch" "tryCatchOne" "tryCatchList" "tryCatch" "conv_grad" "private$gmm" "self$WangShaoKim2014" "initialize" "EBMRAlgorithmFast4$new" 
"FUN" "vapply" "pmin" "compute_pi" "as.vector" "Gamma_direct" "gr" "<Anonymous>" ".External2" "optim" "private$gmm" "self$WangShaoKim2014" "initialize" "EBMRAlgorithmFast4$new" 
"cache" "fn" "<Anonymous>" ".External2" "optim" "private$gmm" "self$WangShaoKim2014" "initialize" "EBMRAlgorithmFast4$new" 
"exp" "compute_pi" "g" "func" "genD.default" "genD" "hessian.default" "hessian" "doTryCatch" "tryCatchOne" "tryCatchList" "tryCatch" "private$gmm" "self$WangShaoKim2014" "initialize" "EBMRAlgorithmFast4$new" 
"as.matrix.default" "as.matrix" "solve.default" "solve" "W" "doTryCatch" "tryCatchOne" "tryCatchList" "tryCatch" "func" "genD.default" "genD" "hessian.default" "hessian" "doTryCatch" "tryCatchOne" "tryCatchList" "tryCatch" "private$gmm" "self$WangShaoKim2014" "initialize" "EBMRAlgorithmFast4$new" 
"pmax" "pmin" "compute_pi" "g" "func" "genD.default" "genD" "hessian.default" "hessian" "doTryCatch" "tryCatchOne" "tryCatchList" "tryCatch" "private$gmm" "self$WangShaoKim2014" "initialize" "EBMRAlgorithmFast4$new" 
"exp" "compute_pi" "g" "func" "genD.default" "genD" "hessian.default" "hessian" "doTryCatch" "tryCatchOne" "tryCatchList" "tryCatch" "private$gmm" "self$WangShaoKim2014" "initialize" "EBMRAlgorithmFast4$new" 
"exp" "compute_pi" "g" "func" "genD.default" "genD" "hessian.default" "hessian" "doTryCatch" "tryCatchOne" "tryCatchList" "tryCatch" "private$gmm" "self$WangShaoKim2014" "initialize" "EBMRAlgorithmFast4$new" 
"solve.default" "solve" "W" "doTryCatch" "tryCatchOne" "tryCatchList" "tryCatch" "func" "genD.default" "genD" "hessian.default" "hessian" "doTryCatch" "tryCatchOne" "tryCatchList" "tryCatch" "private$gmm" "self$WangShaoKim2014" "initialize" "EBMRAlgorithmFast4$new" 
"unique.default" "unique" "private$separate_variable_types" "self$WangShaoKim2014" "initialize" "EBMRAlgorithmFast4$new" 
"FUN" "vapply" "pmin" "compute_pi" "as.vector" "Gamma_direct" "gr" "<Anonymous>" ".External2" "optim" "private$gmm" "self$WangShaoKim2014" "initialize" "EBMRAlgorithmFast4$new" 
"as.vector" "Gamma_direct" "gr" "<Anonymous>" ".External2" "optim" "private$gmm" "self$WangShaoKim2014" "initialize" "EBMRAlgorithmFast4$new" 
"exp" "compute_pi" "as.vector" "Gamma_direct" "gr" "<Anonymous>" ".External2" "optim" "private$gmm" "self$WangShaoKim2014" "initialize" "EBMRAlgorithmFast4$new" 
"is.null" "cache" "fn" "<Anonymous>" ".External2" "optim" "private$gmm" "self$WangShaoKim2014" "initialize" "EBMRAlgorithmFast4$new" 
"crossprod" "Gamma_direct" "gr" "<Anonymous>" ".External2" "optim" "private$gmm" "self$WangShaoKim2014" "initialize" "EBMRAlgorithmFast4$new" 
"%*%" "fn" "<Anonymous>" ".External2" "optim" "private$gmm" "self$WangShaoKim2014" "initialize" "EBMRAlgorithmFast4$new" 
"lengths" "mostattributes<-" "pmin" "compute_pi" "g" "cache" "fn" "<Anonymous>" ".External2" "optim" "private$gmm" "self$WangShaoKim2014" "initialize" "EBMRAlgorithmFast4$new" 
"Gamma_direct" "gr" "<Anonymous>" ".External2" "optim" "private$gmm" "self$WangShaoKim2014" "initialize" "EBMRAlgorithmFast4$new" 
"names" "mostattributes<-" "pmax" "pmin" "compute_pi" "g" "cache" "fn" "<Anonymous>" ".External2" "optim" "private$gmm" "self$WangShaoKim2014" "initialize" "EBMRAlgorithmFast4$new" 
"crossprod" "Gamma_direct" "gr" "<Anonymous>" ".External2" "optim" "private$gmm" "self$WangShaoKim2014" "initialize" "EBMRAlgorithmFast4$new" 
"-" "g" "cache" "fn" "<Anonymous>" ".External2" "optim" "private$gmm" "self$WangShaoKim2014" "initialize" "EBMRAlgorithmFast4$new" 
"mostattributes<-" "pmin" "compute_pi" "as.vector" "Gamma_direct" "gr" "<Anonymous>" ".External2" "optim" "private$gmm" "self$WangShaoKim2014" "initialize" "EBMRAlgorithmFast4$new" 
"solve" "W" "doTryCatch" "tryCatchOne" "tryCatchList" "tryCatch" "conv_grad" "private$gmm" "self$WangShaoKim2014" "initialize" "EBMRAlgorithmFast4$new" 
"crossprod" "Gamma_direct" "gr" "<Anonymous>" ".External2" "optim" "private$gmm" "self$WangShaoKim2014" "initialize" "EBMRAlgorithmFast4$new" 
"vapply" "pmin" "compute_pi" "as.vector" "Gamma_direct" "conv_grad" "private$gmm" "self$WangShaoKim2014" "initialize" "EBMRAlgorithmFast4$new" 
"*" "g" "func" "genD.default" "genD" "hessian.default" "hessian" "doTryCatch" "tryCatchOne" "tryCatchList" "tryCatch" "private$gmm" "self$WangShaoKim2014" "initialize" "EBMRAlgorithmFast4$new" 
"as.vector" "g" "func" "genD.default" "genD" "hessian.default" "hessian" "doTryCatch" "tryCatchOne" "tryCatchList" "tryCatch" "private$gmm" "self$WangShaoKim2014" "initialize" "EBMRAlgorithmFast4$new" 
"*" "g" "func" "genD.default" "genD" "hessian.default" "hessian" "doTryCatch" "tryCatchOne" "tryCatchList" "tryCatch" "private$gmm" "self$WangShaoKim2014" "initialize" "EBMRAlgorithmFast4$new" 
"func" "genD.default" "genD" "hessian.default" "hessian" "doTryCatch" "tryCatchOne" "tryCatchList" "tryCatch" "private$gmm" "self$WangShaoKim2014" "initialize" "EBMRAlgorithmFast4$new" 
"func" "genD.default" "genD" "hessian.default" "hessian" "doTryCatch" "tryCatchOne" "tryCatchList" "tryCatch" "private$gmm" "self$WangShaoKim2014" "initialize" "EBMRAlgorithmFast4$new" 
"pmin" "compute_pi" "g" "func" "genD.default" "genD" "hessian.default" "hessian" "doTryCatch" "tryCatchOne" "tryCatchList" "tryCatch" "private$gmm" "self$WangShaoKim2014" "initialize" "EBMRAlgorithmFast4$new" 
"%||%" "rownames" "solve.default" "solve" "W" "doTryCatch" "tryCatchOne" "tryCatchList" "tryCatch" "func" "genD.default" "genD" "hessian.default" "hessian" "doTryCatch" "tryCatchOne" "tryCatchList" "tryCatch" "private$gmm" "self$WangShaoKim2014" "initialize" "EBMRAlgorithmFast4$new" 
"solve" "W" "doTryCatch" "tryCatchOne" "tryCatchList" "tryCatch" "func" "genD.default" "genD" "hessian.default" "hessian" "doTryCatch" "tryCatchOne" "tryCatchList" "tryCatch" "private$gmm" "self$WangShaoKim2014" "initialize" "EBMRAlgorithmFast4$new" 
"%*%" "g" "func" "genD.default" "genD" "hessian.default" "hessian" "doTryCatch" "tryCatchOne" "tryCatchList" "tryCatch" "private$gmm" "self$WangShaoKim2014" "initialize" "EBMRAlgorithmFast4$new" 
"dg" "t_Gamma_i" "private$gmm" "self$WangShaoKim2014" "initialize" "EBMRAlgorithmFast4$new" 
"factor" "as.factor" "self$WangShaoKim2014" "initialize" "EBMRAlgorithmFast4$new" 
"pmax" "pmin" "compute_pi" "as.vector" "Gamma_direct" "gr" "<Anonymous>" ".External2" "optim" "private$gmm" "self$WangShaoKim2014" "initialize" "EBMRAlgorithmFast4$new" 
"as.vector" "Gamma_direct" "gr" "<Anonymous>" ".External2" "optim" "private$gmm" "self$WangShaoKim2014" "initialize" "EBMRAlgorithmFast4$new" 
"exp" "compute_pi" "g" "cache" "fn" "<Anonymous>" ".External2" "optim" "private$gmm" "self$WangShaoKim2014" "initialize" "EBMRAlgorithmFast4$new" 
"fn" "<Anonymous>" ".External2" "optim" "private$gmm" "self$WangShaoKim2014" "initialize" "EBMRAlgorithmFast4$new" 
"*" "Gamma_direct" "conv_grad" "private$gmm" "self$WangShaoKim2014" "initialize" "EBMRAlgorithmFast4$new" 
"*" "g" "cache" "fn" "<Anonymous>" ".External2" "optim" "private$gmm" "self$WangShaoKim2014" "initialize" "EBMRAlgorithmFast4$new" 
"*" "Gamma_direct" "gr" "<Anonymous>" ".External2" "optim" "private$gmm" "self$WangShaoKim2014" "initialize" "EBMRAlgorithmFast4$new" 
"crossprod" "Gamma_direct" "gr" "<Anonymous>" ".External2" "optim" "private$gmm" "self$WangShaoKim2014" "initialize" "EBMRAlgorithmFast4$new" 
"*" "g" "func" "genD.default" "genD" "hessian.default" "hessian" "doTryCatch" "tryCatchOne" "tryCatchList" "tryCatch" "private$gmm" "self$WangShaoKim2014" "initialize" "EBMRAlgorithmFast4$new" 
"*" "g" "func" "genD.default" "genD" "hessian.default" "hessian" "doTryCatch" "tryCatchOne" "tryCatchList" "tryCatch" "private$gmm" "self$WangShaoKim2014" "initialize" "EBMRAlgorithmFast4$new" 
"*" "g" "func" "genD.default" "genD" "hessian.default" "hessian" "doTryCatch" "tryCatchOne" "tryCatchList" "tryCatch" "private$gmm" "self$WangShaoKim2014" "initialize" "EBMRAlgorithmFast4$new" 
"*" "g" "func" "genD.default" "genD" "hessian.default" "hessian" "doTryCatch" "tryCatchOne" "tryCatchList" "tryCatch" "private$gmm" "self$WangShaoKim2014" "initialize" "EBMRAlgorithmFast4$new" 
"exp" "compute_pi" "g" "func" "genD.default" "genD" "hessian.default" "hessian" "doTryCatch" "tryCatchOne" "tryCatchList" "tryCatch" "private$gmm" "self$WangShaoKim2014" "initialize" "EBMRAlgorithmFast4$new" 
"solve.default" "solve" "W" "doTryCatch" "tryCatchOne" "tryCatchList" "tryCatch" "func" "genD.default" "genD" "hessian.default" "hessian" "doTryCatch" "tryCatchOne" "tryCatchList" "tryCatch" "private$gmm" "self$WangShaoKim2014" "initialize" "EBMRAlgorithmFast4$new" 
"mostattributes<-" "pmin" "compute_pi" "g" "func" "genD.default" "genD" "hessian.default" "hessian" "doTryCatch" "tryCatchOne" "tryCatchList" "tryCatch" "private$gmm" "self$WangShaoKim2014" "initialize" "EBMRAlgorithmFast4$new" 
"mostattributes<-" "pmin" "compute_pi" "g" "func" "genD.default" "genD" "hessian.default" "hessian" "doTryCatch" "tryCatchOne" "tryCatchList" "tryCatch" "private$gmm" "self$WangShaoKim2014" "initialize" "EBMRAlgorithmFast4$new" 
"%*%" "g" "func" "genD.default" "genD" "hessian.default" "hessian" "doTryCatch" "tryCatchOne" "tryCatchList" "tryCatch" "private$gmm" "self$WangShaoKim2014" "initialize" "EBMRAlgorithmFast4$new" 
"%*%" "solve" "W" "doTryCatch" "tryCatchOne" "tryCatchList" "tryCatch" "func" "genD.default" "genD" "hessian.default" "hessian" "doTryCatch" "tryCatchOne" "tryCatchList" "tryCatch" "private$gmm" "self$WangShaoKim2014" "initialize" "EBMRAlgorithmFast4$new" 
"*" "g" "func" "genD.default" "genD" "hessian.default" "hessian" "doTryCatch" "tryCatchOne" "tryCatchList" "tryCatch" "private$gmm" "self$WangShaoKim2014" "initialize" "EBMRAlgorithmFast4$new" 
"*" "g" "func" "genD.default" "genD" "hessian.default" "hessian" "doTryCatch" "tryCatchOne" "tryCatchList" "tryCatch" "private$gmm" "self$WangShaoKim2014" "initialize" "EBMRAlgorithmFast4$new" 
"genD.default" "genD" "hessian.default" "hessian" "doTryCatch" "tryCatchOne" "tryCatchList" "tryCatch" "private$gmm" "self$WangShaoKim2014" "initialize" "EBMRAlgorithmFast4$new" 
"%*%" "solve" "W" "doTryCatch" "tryCatchOne" "tryCatchList" "tryCatch" "func" "genD.default" "genD" "hessian.default" "hessian" "doTryCatch" "tryCatchOne" "tryCatchList" "tryCatch" "private$gmm" "self$WangShaoKim2014" "initialize" "EBMRAlgorithmFast4$new" 
".colMeans" "matrix" "func" "genD.default" "genD" "hessian.default" "hessian" "doTryCatch" "tryCatchOne" "tryCatchList" "tryCatch" "private$gmm" "self$WangShaoKim2014" "initialize" "EBMRAlgorithmFast4$new" 
"standardGeneric" "solve" "doTryCatch" "tryCatchOne" "tryCatchList" "tryCatch" "private$gmm" "self$WangShaoKim2014" "initialize" "EBMRAlgorithmFast4$new" 
"getOption" "model.matrix.default" "model.matrix" "private$build_design_matrix" "self$WangShaoKim2014" "initialize" "EBMRAlgorithmFast4$new" 
"as.vector" "g" "cache" "fn" "<Anonymous>" ".External2" "optim" "private$gmm" "self$WangShaoKim2014" "initialize" "EBMRAlgorithmFast4$new" 
"*" "g" "cache" "fn" "<Anonymous>" ".External2" "optim" "private$gmm" "self$WangShaoKim2014" "initialize" "EBMRAlgorithmFast4$new" 
"pmax" "pmin" "compute_pi" "as.vector" "Gamma_direct" "gr" "<Anonymous>" ".External2" "optim" "private$gmm" "self$WangShaoKim2014" "initialize" "EBMRAlgorithmFast4$new" 
"pmax" "pmin" "compute_pi" "g" "cache" "fn" "<Anonymous>" ".External2" "optim" "private$gmm" "self$WangShaoKim2014" "initialize" "EBMRAlgorithmFast4$new" 
"gr" "<Anonymous>" ".External2" "optim" "private$gmm" "self$WangShaoKim2014" "initialize" "EBMRAlgorithmFast4$new" 
"%*%" "as.vector" "Gamma_direct" "gr" "<Anonymous>" ".External2" "optim" "private$gmm" "self$WangShaoKim2014" "initialize" "EBMRAlgorithmFast4$new" 
"%*%" "g" "cache" "fn" "<Anonymous>" ".External2" "optim" "private$gmm" "self$WangShaoKim2014" "initialize" "EBMRAlgorithmFast4$new" 
"crossprod" "Gamma_direct" "gr" "<Anonymous>" ".External2" "optim" "private$gmm" "self$WangShaoKim2014" "initialize" "EBMRAlgorithmFast4$new" 
"all" "match.arg" "optim" "private$gmm" "self$WangShaoKim2014" "initialize" "EBMRAlgorithmFast4$new" 
"*" "Gamma_direct" "gr" "<Anonymous>" ".External2" "optim" "private$gmm" "self$WangShaoKim2014" "initialize" "EBMRAlgorithmFast4$new" 
"*" "g" "cache" "fn" "<Anonymous>" ".External2" "optim" "private$gmm" "self$WangShaoKim2014" "initialize" "EBMRAlgorithmFast4$new" 
"/" "g" "cache" "fn" "<Anonymous>" ".External2" "optim" "private$gmm" "self$WangShaoKim2014" "initialize" "EBMRAlgorithmFast4$new" 
"pmax" "pmin" "compute_pi" "as.vector" "Gamma_direct" "gr" "<Anonymous>" ".External2" "optim" "private$gmm" "self$WangShaoKim2014" "initialize" "EBMRAlgorithmFast4$new" 
"exp" "compute_pi" "g" "cache" "fn" "<Anonymous>" ".External2" "optim" "private$gmm" "self$WangShaoKim2014" "initialize" "EBMRAlgorithmFast4$new" 
"*" "Gamma_direct" "gr" "<Anonymous>" ".External2" "optim" "private$gmm" "self$WangShaoKim2014" "initialize" "EBMRAlgorithmFast4$new" 
"as.vector" "Gamma_direct" "gr" "<Anonymous>" ".External2" "optim" "private$gmm" "self$WangShaoKim2014" "initialize" "EBMRAlgorithmFast4$new" 
"g" "cache" "fn" "<Anonymous>" ".External2" "optim" "private$gmm" "self$WangShaoKim2014" "initialize" "EBMRAlgorithmFast4$new" 
"Gamma_direct" "gr" "<Anonymous>" ".External2" "optim" "private$gmm" "self$WangShaoKim2014" "initialize" "EBMRAlgorithmFast4$new" 
"%*%" "as.vector" "Gamma_direct" "gr" "<Anonymous>" ".External2" "optim" "private$gmm" "self$WangShaoKim2014" "initialize" "EBMRAlgorithmFast4$new" 
"%*%" "solve" "W" "doTryCatch" "tryCatchOne" "tryCatchList" "tryCatch" "conv_grad" "private$gmm" "self$WangShaoKim2014" "initialize" "EBMRAlgorithmFast4$new" 
"*" "Gamma_direct" "conv_grad" "private$gmm" "self$WangShaoKim2014" "initialize" "EBMRAlgorithmFast4$new" 
"*" "g" "conv_grad" "private$gmm" "self$WangShaoKim2014" "initialize" "EBMRAlgorithmFast4$new" 
"*" "g" "cache" "fn" "<Anonymous>" ".External2" "optim" "private$gmm" "self$WangShaoKim2014" "initialize" "EBMRAlgorithmFast4$new" 
"pmin" "compute_pi" "g" "cache" "fn" "<Anonymous>" ".External2" "optim" "private$gmm" "self$WangShaoKim2014" "initialize" "EBMRAlgorithmFast4$new" 
"crossprod" "Gamma_direct" "gr" "<Anonymous>" ".External2" "optim" "private$gmm" "self$WangShaoKim2014" "initialize" "EBMRAlgorithmFast4$new" 
"rownames" "solve.default" "solve" "W" "doTryCatch" "tryCatchOne" "tryCatchList" "tryCatch" "conv_grad" "private$gmm" "self$WangShaoKim2014" "initialize" "EBMRAlgorithmFast4$new" 
"compute_pi" "g" "conv_grad" "private$gmm" "self$WangShaoKim2014" "initialize" "EBMRAlgorithmFast4$new" 
"as.vector" "g" "conv_grad" "proj_grad_norm" "private$gmm" "self$WangShaoKim2014" "initialize" "EBMRAlgorithmFast4$new" 
"mostattributes<-" "pmin" "compute_pi" "g" "func" "genD.default" "genD" "hessian.default" "hessian" "doTryCatch" "tryCatchOne" "tryCatchList" "tryCatch" "private$gmm" "self$WangShaoKim2014" "initialize" "EBMRAlgorithmFast4$new" 
"*" "g" "func" "genD.default" "genD" "hessian.default" "hessian" "doTryCatch" "tryCatchOne" "tryCatchList" "tryCatch" "private$gmm" "self$WangShaoKim2014" "initialize" "EBMRAlgorithmFast4$new" 
"*" "g" "func" "genD.default" "genD" "hessian.default" "hessian" "doTryCatch" "tryCatchOne" "tryCatchList" "tryCatch" "private$gmm" "self$WangShaoKim2014" "initialize" "EBMRAlgorithmFast4$new" 
"mostattributes<-" "pmax" "pmin" "compute_pi" "g" "func" "genD.default" "genD" "hessian.default" "hessian" "doTryCatch" "tryCatchOne" "tryCatchList" "tryCatch" "private$gmm" "self$WangShaoKim2014" "initialize" "EBMRAlgorithmFast4$new" 
"exp" "compute_pi" "g" "func" "genD.default" "genD" "hessian.default" "hessian" "doTryCatch" "tryCatchOne" "tryCatchList" "tryCatch" "private$gmm" "self$WangShaoKim2014" "initialize" "EBMRAlgorithmFast4$new" 
".colMeans" "matrix" "private$gmm" "self$WangShaoKim2014" "initialize" "EBMRAlgorithmFast4$new" 
"%*%" "as.vector" "ebmr2$EBMR_IPW" 
"model.frame.default" "stats::model.frame" "eval" "eval" "lm" "model.matrix" "self$WangShaoKim2014" "initialize" "EBMRAlgorithmFast4$new" 
".External2" "optim" "private$gmm" "self$WangShaoKim2014" "initialize" "EBMRAlgorithmFast4$new" 
"mostattributes<-" "pmax" "pmin" "compute_pi" "g" "cache" "fn" "<Anonymous>" ".External2" "optim" "private$gmm" "self$WangShaoKim2014" "initialize" "EBMRAlgorithmFast4$new" 
"/" "compute_pi" "as.vector" "Gamma_direct" "gr" "<Anonymous>" ".External2" "optim" "private$gmm" "self$WangShaoKim2014" "initialize" "EBMRAlgorithmFast4$new" 
"*" "Gamma_direct" "gr" "<Anonymous>" ".External2" "optim" "private$gmm" "self$WangShaoKim2014" "initialize" "EBMRAlgorithmFast4$new" 
"exp" "compute_pi" "g" "cache" "fn" "<Anonymous>" ".External2" "optim" "private$gmm" "self$WangShaoKim2014" "initialize" "EBMRAlgorithmFast4$new" 
"exp" "compute_pi" "as.vector" "Gamma_direct" "gr" "<Anonymous>" ".External2" "optim" "private$gmm" "self$WangShaoKim2014" "initialize" "EBMRAlgorithmFast4$new" 
"exp" "compute_pi" "as.vector" "Gamma_direct" "gr" "<Anonymous>" ".External2" "optim" "private$gmm" "self$WangShaoKim2014" "initialize" "EBMRAlgorithmFast4$new" 
"pmin" "compute_pi" "as.vector" "Gamma_direct" "gr" "<Anonymous>" ".External2" "optim" "private$gmm" "self$WangShaoKim2014" "initialize" "EBMRAlgorithmFast4$new" 
"identical" "cache" "fn" "<Anonymous>" ".External2" "optim" "private$gmm" "self$WangShaoKim2014" "initialize" "EBMRAlgorithmFast4$new" 
"%*%" "as.vector" "gr" "<Anonymous>" ".External2" "optim" "private$gmm" "self$WangShaoKim2014" "initialize" "EBMRAlgorithmFast4$new" 
"exp" "compute_pi" "g" "cache" "fn" "<Anonymous>" ".External2" "optim" "private$gmm" "self$WangShaoKim2014" "initialize" "EBMRAlgorithmFast4$new" 
"*" "g" "cache" "fn" "<Anonymous>" ".External2" "optim" "private$gmm" "self$WangShaoKim2014" "initialize" "EBMRAlgorithmFast4$new" 
"%*%" "fn" "<Anonymous>" ".External2" "optim" "private$gmm" "self$WangShaoKim2014" "initialize" "EBMRAlgorithmFast4$new" 
"*" "Gamma_direct" "gr" "<Anonymous>" ".External2" "optim" "private$gmm" "self$WangShaoKim2014" "initialize" "EBMRAlgorithmFast4$new" 
"exp" "compute_pi" "g" "cache" "fn" "<Anonymous>" ".External2" "optim" "private$gmm" "self$WangShaoKim2014" "initialize" "EBMRAlgorithmFast4$new" 
"%*%" "solve" "W" "doTryCatch" "tryCatchOne" "tryCatchList" "tryCatch" "private$gmm" "self$WangShaoKim2014" "initialize" "EBMRAlgorithmFast4$new" 
"exp" "compute_pi" "as.vector" "Gamma_direct" "gr" "<Anonymous>" ".External2" "optim" "private$gmm" "self$WangShaoKim2014" "initialize" "EBMRAlgorithmFast4$new" 
"compute_pi" "g" "cache" "fn" "<Anonymous>" ".External2" "optim" "private$gmm" "self$WangShaoKim2014" "initialize" "EBMRAlgorithmFast4$new" 
"proj_grad_norm" "private$gmm" "self$WangShaoKim2014" "initialize" "EBMRAlgorithmFast4$new" 
"*" "g" "func" "genD.default" "genD" "hessian.default" "hessian" "doTryCatch" "tryCatchOne" "tryCatchList" "tryCatch" "private$gmm" "self$WangShaoKim2014" "initialize" "EBMRAlgorithmFast4$new" 
"genD.default" "genD" "hessian.default" "hessian" "doTryCatch" "tryCatchOne" "tryCatchList" "tryCatch" "private$gmm" "self$WangShaoKim2014" "initialize" "EBMRAlgorithmFast4$new" 
"%*%" "solve" "W" "doTryCatch" "tryCatchOne" "tryCatchList" "tryCatch" "func" "genD.default" "genD" "hessian.default" "hessian" "doTryCatch" "tryCatchOne" "tryCatchList" "tryCatch" "private$gmm" "self$WangShaoKim2014" "initialize" "EBMRAlgorithmFast4$new" 
"mostattributes<-" "pmax" "pmin" "compute_pi" "g" "func" "genD.default" "genD" "hessian.default" "hessian" "doTryCatch" "tryCatchOne" "tryCatchList" "tryCatch" "private$gmm" "self$WangShaoKim2014" "initialize" "EBMRAlgorithmFast4$new" 
"solve.default" "solve" "W" "doTryCatch" "tryCatchOne" "tryCatchList" "tryCatch" "func" "genD.default" "genD" "hessian.default" "hessian" "doTryCatch" "tryCatchOne" "tryCatchList" "tryCatch" "private$gmm" "self$WangShaoKim2014" "initialize" "EBMRAlgorithmFast4$new" 
"func" "genD.default" "genD" "hessian.default" "hessian" "doTryCatch" "tryCatchOne" "tryCatchList" "tryCatch" "private$gmm" "self$WangShaoKim2014" "initialize" "EBMRAlgorithmFast4$new" 
"%*%" "private$gmm" "self$WangShaoKim2014" "initialize" "EBMRAlgorithmFast4$new" 
"as.data.frame" "private$separate_variable_types" "self$WangShaoKim2014" "initialize" "EBMRAlgorithmFast4$new" 
"model.frame" "model.matrix.lm" "model.matrix" "self$WangShaoKim2014" "initialize" "EBMRAlgorithmFast4$new" 
"pmax" "pmin" "compute_pi" "as.vector" "Gamma_direct" "gr" "<Anonymous>" ".External2" "optim" "private$gmm" "self$WangShaoKim2014" "initialize" "EBMRAlgorithmFast4$new" 
"*" "g" "cache" "fn" "<Anonymous>" ".External2" "optim" "private$gmm" "self$WangShaoKim2014" "initialize" "EBMRAlgorithmFast4$new" 
"crossprod" "Gamma_direct" "gr" "<Anonymous>" ".External2" "optim" "private$gmm" "self$WangShaoKim2014" "initialize" "EBMRAlgorithmFast4$new" 
"%*%" "as.vector" "Gamma_direct" "gr" "<Anonymous>" ".External2" "optim" "private$gmm" "self$WangShaoKim2014" "initialize" "EBMRAlgorithmFast4$new" 
"*" "g" "cache" "fn" "<Anonymous>" ".External2" "optim" "private$gmm" "self$WangShaoKim2014" "initialize" "EBMRAlgorithmFast4$new" 
".colMeans" "matrix" "cache" "fn" "<Anonymous>" ".External2" "optim" "private$gmm" "self$WangShaoKim2014" "initialize" "EBMRAlgorithmFast4$new" 
"exp" "compute_pi" "g" "cache" "fn" "<Anonymous>" ".External2" "optim" "private$gmm" "self$WangShaoKim2014" "initialize" "EBMRAlgorithmFast4$new" 
"as.vector" "Gamma_direct" "gr" "<Anonymous>" ".External2" "optim" "private$gmm" "self$WangShaoKim2014" "initialize" "EBMRAlgorithmFast4$new" 
"*" "Gamma_direct" "gr" "<Anonymous>" ".External2" "optim" "private$gmm" "self$WangShaoKim2014" "initialize" "EBMRAlgorithmFast4$new" 
"*" "g" "cache" "fn" "<Anonymous>" ".External2" "optim" "private$gmm" "self$WangShaoKim2014" "initialize" "EBMRAlgorithmFast4$new" 
"crossprod" "Gamma_direct" "gr" "<Anonymous>" ".External2" "optim" "private$gmm" "self$WangShaoKim2014" "initialize" "EBMRAlgorithmFast4$new" 
"pmax" "pmin" "compute_pi" "as.vector" "Gamma_direct" "gr" "<Anonymous>" ".External2" "optim" "private$gmm" "self$WangShaoKim2014" "initialize" "EBMRAlgorithmFast4$new" 
"pmin" "compute_pi" "g" "cache" "fn" "<Anonymous>" ".External2" "optim" "private$gmm" "self$WangShaoKim2014" "initialize" "EBMRAlgorithmFast4$new" 
"mostattributes<-" "pmax" "pmin" "compute_pi" "g" "cache" "fn" "<Anonymous>" ".External2" "optim" "private$gmm" "self$WangShaoKim2014" "initialize" "EBMRAlgorithmFast4$new" 
"/" "compute_pi" "as.vector" "Gamma_direct" "gr" "<Anonymous>" ".External2" "optim" "private$gmm" "self$WangShaoKim2014" "initialize" "EBMRAlgorithmFast4$new" 
"doTryCatch" "tryCatchOne" "tryCatchList" "tryCatch" "private$gmm" "self$WangShaoKim2014" "initialize" "EBMRAlgorithmFast4$new" 
"/" "compute_pi" "g" "cache" "fn" "<Anonymous>" ".External2" "optim" "private$gmm" "self$WangShaoKim2014" "initialize" "EBMRAlgorithmFast4$new" 
"crossprod" "Gamma_direct" "gr" "<Anonymous>" ".External2" "optim" "private$gmm" "self$WangShaoKim2014" "initialize" "EBMRAlgorithmFast4$new" 
"t.default" "t" "solve" "W" "doTryCatch" "tryCatchOne" "tryCatchList" "tryCatch" "private$gmm" "self$WangShaoKim2014" "initialize" "EBMRAlgorithmFast4$new" 
"*" "g" "cache" "fn" "<Anonymous>" ".External2" "optim" "private$gmm" "self$WangShaoKim2014" "initialize" "EBMRAlgorithmFast4$new" 
"%*%" "solve" "W" "doTryCatch" "tryCatchOne" "tryCatchList" "tryCatch" "private$gmm" "self$WangShaoKim2014" "initialize" "EBMRAlgorithmFast4$new" 
"%*%" "as.vector" "Gamma_direct" "gr" "<Anonymous>" ".External2" "optim" "private$gmm" "self$WangShaoKim2014" "initialize" "EBMRAlgorithmFast4$new" 
"crossprod" "Gamma_direct" "gr" "<Anonymous>" ".External2" "optim" "private$gmm" "self$WangShaoKim2014" "initialize" "EBMRAlgorithmFast4$new" 
"*" "g" "cache" "fn" "<Anonymous>" ".External2" "optim" "private$gmm" "self$WangShaoKim2014" "initialize" "EBMRAlgorithmFast4$new" 
"exp" "compute_pi" "g" "func" "genD.default" "genD" "hessian.default" "hessian" "doTryCatch" "tryCatchOne" "tryCatchList" "tryCatch" "private$gmm" "self$WangShaoKim2014" "initialize" "EBMRAlgorithmFast4$new" 
"t.default" "t" "solve" "W" "doTryCatch" "tryCatchOne" "tryCatchList" "tryCatch" "func" "genD.default" "genD" "hessian.default" "hessian" "doTryCatch" "tryCatchOne" "tryCatchList" "tryCatch" "private$gmm" "self$WangShaoKim2014" "initialize" "EBMRAlgorithmFast4$new" 
"is.list" "mostattributes<-" "pmin" "compute_pi" "g" "func" "genD.default" "genD" "hessian.default" "hessian" "doTryCatch" "tryCatchOne" "tryCatchList" "tryCatch" "private$gmm" "self$WangShaoKim2014" "initialize" "EBMRAlgorithmFast4$new" 
"%*%" "solve" "W" "doTryCatch" "tryCatchOne" "tryCatchList" "tryCatch" "func" "genD.default" "genD" "hessian.default" "hessian" "doTryCatch" "tryCatchOne" "tryCatchList" "tryCatch" "private$gmm" "self$WangShaoKim2014" "initialize" "EBMRAlgorithmFast4$new" 
"exp" "compute_pi" "g" "func" "genD.default" "genD" "hessian.default" "hessian" "doTryCatch" "tryCatchOne" "tryCatchList" "tryCatch" "private$gmm" "self$WangShaoKim2014" "initialize" "EBMRAlgorithmFast4$new" 
"factor" "as.factor" "self$WangShaoKim2014" "initialize" "EBMRAlgorithmFast4$new" 
"%*%" "as.vector" "Gamma_direct" "gr" "<Anonymous>" ".External2" "optim" "private$gmm" "self$WangShaoKim2014" "initialize" "EBMRAlgorithmFast4$new" 
"pmin" "compute_pi" "as.vector" "Gamma_direct" "gr" "<Anonymous>" ".External2" "optim" "private$gmm" "self$WangShaoKim2014" "initialize" "EBMRAlgorithmFast4$new" 
"crossprod" "Gamma_direct" "gr" "<Anonymous>" ".External2" "optim" "private$gmm" "self$WangShaoKim2014" "initialize" "EBMRAlgorithmFast4$new" 
"*" "Gamma_direct" "gr" "<Anonymous>" ".External2" "optim" "private$gmm" "self$WangShaoKim2014" "initialize" "EBMRAlgorithmFast4$new" 
"as.vector" "g" "cache" "fn" "<Anonymous>" ".External2" "optim" "private$gmm" "self$WangShaoKim2014" "initialize" "EBMRAlgorithmFast4$new" 
"*" "g" "conv_grad" "private$gmm" "self$WangShaoKim2014" "initialize" "EBMRAlgorithmFast4$new" 
"crossprod" "Gamma_direct" "gr" "<Anonymous>" ".External2" "optim" "private$gmm" "self$WangShaoKim2014" "initialize" "EBMRAlgorithmFast4$new" 
"exp" "compute_pi" "g" "cache" "fn" "<Anonymous>" ".External2" "optim" "private$gmm" "self$WangShaoKim2014" "initialize" "EBMRAlgorithmFast4$new" 
"exp" "compute_pi" "as.vector" "Gamma_direct" "gr" "<Anonymous>" ".External2" "optim" "private$gmm" "self$WangShaoKim2014" "initialize" "EBMRAlgorithmFast4$new" 
"*" "Gamma_direct" "gr" "<Anonymous>" ".External2" "optim" "private$gmm" "self$WangShaoKim2014" "initialize" "EBMRAlgorithmFast4$new" 
"*" "g" "cache" "fn" "<Anonymous>" ".External2" "optim" "private$gmm" "self$WangShaoKim2014" "initialize" "EBMRAlgorithmFast4$new" 
"cache" "fn" "<Anonymous>" ".External2" "optim" "private$gmm" "self$WangShaoKim2014" "initialize" "EBMRAlgorithmFast4$new" 
".colMeans" "matrix" "cache" "fn" "<Anonymous>" ".External2" "optim" "private$gmm" "self$WangShaoKim2014" "initialize" "EBMRAlgorithmFast4$new" 
"attr" "mostattributes<-" "pmin" "compute_pi" "g" "cache" "fn" "<Anonymous>" ".External2" "optim" "private$gmm" "self$WangShaoKim2014" "initialize" "EBMRAlgorithmFast4$new" 
"Gamma_direct" "gr" "<Anonymous>" ".External2" "optim" "private$gmm" "self$WangShaoKim2014" "initialize" "EBMRAlgorithmFast4$new" 
"*" "g" "conv_grad" "private$gmm" "self$WangShaoKim2014" "initialize" "EBMRAlgorithmFast4$new" 
"*" "g" "conv_grad" "private$gmm" "self$WangShaoKim2014" "initialize" "EBMRAlgorithmFast4$new" 
"exp" "compute_pi" "g" "func" "genD.default" "genD" "hessian.default" "hessian" "doTryCatch" "tryCatchOne" "tryCatchList" "tryCatch" "private$gmm" "self$WangShaoKim2014" "initialize" "EBMRAlgorithmFast4$new" 
"solve.default" "solve" "W" "doTryCatch" "tryCatchOne" "tryCatchList" "tryCatch" "func" "genD.default" "genD" "hessian.default" "hessian" "doTryCatch" "tryCatchOne" "tryCatchList" "tryCatch" "private$gmm" "self$WangShaoKim2014" "initialize" "EBMRAlgorithmFast4$new" 
"*" "g" "func" "genD.default" "genD" "hessian.default" "hessian" "doTryCatch" "tryCatchOne" "tryCatchList" "tryCatch" "private$gmm" "self$WangShaoKim2014" "initialize" "EBMRAlgorithmFast4$new" 
".colMeans" "matrix" "func" "genD.default" "genD" "hessian.default" "hessian" "doTryCatch" "tryCatchOne" "tryCatchList" "tryCatch" "private$gmm" "self$WangShaoKim2014" "initialize" "EBMRAlgorithmFast4$new" 
"exp" "compute_pi" "g" "func" "genD.default" "genD" "hessian.default" "hessian" "doTryCatch" "tryCatchOne" "tryCatchList" "tryCatch" "private$gmm" "self$WangShaoKim2014" "initialize" "EBMRAlgorithmFast4$new" 
"W" "doTryCatch" "tryCatchOne" "tryCatchList" "tryCatch" "func" "genD.default" "genD" "hessian.default" "hessian" "doTryCatch" "tryCatchOne" "tryCatchList" "tryCatch" "private$gmm" "self$WangShaoKim2014" "initialize" "EBMRAlgorithmFast4$new" 
"sapply" "private$parse_formula" "self$WangShaoKim2014" "initialize" "EBMRAlgorithmFast4$new" 
"as.vector" "self$WangShaoKim2014" "initialize" "EBMRAlgorithmFast4$new" 
"crossprod" "Gamma_direct" "gr" "<Anonymous>" ".External2" "optim" "private$gmm" "self$WangShaoKim2014" "initialize" "EBMRAlgorithmFast4$new" 
"*" "Gamma_direct" "gr" "<Anonymous>" ".External2" "optim" "private$gmm" "self$WangShaoKim2014" "initialize" "EBMRAlgorithmFast4$new" 
"mostattributes<-" "pmin" "compute_pi" "g" "conv_grad" "private$gmm" "self$WangShaoKim2014" "initialize" "EBMRAlgorithmFast4$new" 
"mostattributes<-" "pmin" "compute_pi" "g" "cache" "fn" "<Anonymous>" ".External2" "optim" "private$gmm" "self$WangShaoKim2014" "initialize" "EBMRAlgorithmFast4$new" 
"cache" "gr" "<Anonymous>" ".External2" "optim" "private$gmm" "self$WangShaoKim2014" "initialize" "EBMRAlgorithmFast4$new" 
"cache" "fn" "<Anonymous>" ".External2" "optim" "private$gmm" "self$WangShaoKim2014" "initialize" "EBMRAlgorithmFast4$new" 
"exp" "compute_pi" "as.vector" "Gamma_direct" "gr" "<Anonymous>" ".External2" "optim" "private$gmm" "self$WangShaoKim2014" "initialize" "EBMRAlgorithmFast4$new" 
"match.arg" "optim" "private$gmm" "self$WangShaoKim2014" "initialize" "EBMRAlgorithmFast4$new" 
"mostattributes<-" "pmin" "compute_pi" "g" "cache" "fn" "<Anonymous>" ".External2" "optim" "private$gmm" "self$WangShaoKim2014" "initialize" "EBMRAlgorithmFast4$new" 
"pmax" "pmin" "compute_pi" "g" "cache" "fn" "<Anonymous>" ".External2" "optim" "private$gmm" "self$WangShaoKim2014" "initialize" "EBMRAlgorithmFast4$new" 
"prod" "mostattributes<-" "pmax" "pmin" "compute_pi" "g" "cache" "fn" "<Anonymous>" ".External2" "optim" "private$gmm" "self$WangShaoKim2014" "initialize" "EBMRAlgorithmFast4$new" 
"crossprod" "Gamma_direct" "gr" "<Anonymous>" ".External2" "optim" "private$gmm" "self$WangShaoKim2014" "initialize" "EBMRAlgorithmFast4$new" 
"exp" "compute_pi" "as.vector" "Gamma_direct" "gr" "<Anonymous>" ".External2" "optim" "private$gmm" "self$WangShaoKim2014" "initialize" "EBMRAlgorithmFast4$new" 
"*" "g" "conv_grad" "private$gmm" "self$WangShaoKim2014" "initialize" "EBMRAlgorithmFast4$new" 
"pmax" "pmin" "compute_pi" "g" "cache" "fn" "<Anonymous>" ".External2" "optim" "private$gmm" "self$WangShaoKim2014" "initialize" "EBMRAlgorithmFast4$new" 
"pmax" "pmin" "compute_pi" "g" "cache" "fn" "<Anonymous>" ".External2" "optim" "private$gmm" "self$WangShaoKim2014" "initialize" "EBMRAlgorithmFast4$new" 
"vapply" "pmax" "pmin" "compute_pi" "g" "cache" "fn" "<Anonymous>" ".External2" "optim" "private$gmm" "self$WangShaoKim2014" "initialize" "EBMRAlgorithmFast4$new" 
"exp" "compute_pi" "as.vector" "Gamma_direct" "gr" "<Anonymous>" ".External2" "optim" "private$gmm" "self$WangShaoKim2014" "initialize" "EBMRAlgorithmFast4$new" 
"crossprod" "Gamma_direct" "gr" "<Anonymous>" ".External2" "optim" "private$gmm" "self$WangShaoKim2014" "initialize" "EBMRAlgorithmFast4$new" 
"exp" "compute_pi" "g" "conv_grad" "private$gmm" "self$WangShaoKim2014" "initialize" "EBMRAlgorithmFast4$new" 
"exp" "compute_pi" "g" "conv_grad" "private$gmm" "self$WangShaoKim2014" "initialize" "EBMRAlgorithmFast4$new" 
"exp" "compute_pi" "as.vector" "Gamma_direct" "gr" "<Anonymous>" ".External2" "optim" "private$gmm" "self$WangShaoKim2014" "initialize" "EBMRAlgorithmFast4$new" 
"exp" "compute_pi" "g" "cache" "fn" "<Anonymous>" ".External2" "optim" "private$gmm" "self$WangShaoKim2014" "initialize" "EBMRAlgorithmFast4$new" 
"pmin" "compute_pi" "g" "conv_grad" "private$gmm" "self$WangShaoKim2014" "initialize" "EBMRAlgorithmFast4$new" 
"pmin" "compute_pi" "g" "conv_grad" "private$gmm" "self$WangShaoKim2014" "initialize" "EBMRAlgorithmFast4$new" 
"pmin" "compute_pi" "g" "conv_grad" "private$gmm" "self$WangShaoKim2014" "initialize" "EBMRAlgorithmFast4$new" 
"cache" "fn" "<Anonymous>" ".External2" "optim" "private$gmm" "self$WangShaoKim2014" "initialize" "EBMRAlgorithmFast4$new" 
"pmin" "compute_pi" "as.vector" "Gamma_direct" "gr" "<Anonymous>" ".External2" "optim" "private$gmm" "self$WangShaoKim2014" "initialize" "EBMRAlgorithmFast4$new" 
"*" "g" "cache" "fn" "<Anonymous>" ".External2" "optim" "private$gmm" "self$WangShaoKim2014" "initialize" "EBMRAlgorithmFast4$new" 
"*" "g" "cache" "fn" "<Anonymous>" ".External2" "optim" "private$gmm" "self$WangShaoKim2014" "initialize" "EBMRAlgorithmFast4$new" 
"*" "g" "cache" "fn" "<Anonymous>" ".External2" "optim" "private$gmm" "self$WangShaoKim2014" "initialize" "EBMRAlgorithmFast4$new" 
"sys.function" "formals" "match.arg" "optim" "private$gmm" "self$WangShaoKim2014" "initialize" "EBMRAlgorithmFast4$new" 
"as.vector" "Gamma_direct" "gr" "<Anonymous>" ".External2" "optim" "private$gmm" "self$WangShaoKim2014" "initialize" "EBMRAlgorithmFast4$new" 
"mostattributes<-" "pmax" "pmin" "compute_pi" "g" "conv_grad" "private$gmm" "self$WangShaoKim2014" "initialize" "EBMRAlgorithmFast4$new" 
"*" "g" "cache" "fn" "<Anonymous>" ".External2" "optim" "private$gmm" "self$WangShaoKim2014" "initialize" "EBMRAlgorithmFast4$new" 
"pmax" "pmin" "compute_pi" "as.vector" "Gamma_direct" "gr" "<Anonymous>" ".External2" "optim" "private$gmm" "self$WangShaoKim2014" "initialize" "EBMRAlgorithmFast4$new" 
"pmax" "pmin" "compute_pi" "as.vector" "Gamma_direct" "gr" "<Anonymous>" ".External2" "optim" "private$gmm" "self$WangShaoKim2014" "initialize" "EBMRAlgorithmFast4$new" 
"*" "g" "cache" "fn" "<Anonymous>" ".External2" "optim" "private$gmm" "self$WangShaoKim2014" "initialize" "EBMRAlgorithmFast4$new" 
"crossprod" "Gamma_direct" "gr" "<Anonymous>" ".External2" "optim" "private$gmm" "self$WangShaoKim2014" "initialize" "EBMRAlgorithmFast4$new" 
"crossprod" "Gamma_direct" "conv_grad" "private$gmm" "self$WangShaoKim2014" "initialize" "EBMRAlgorithmFast4$new" 
"pmax" "pmin" "compute_pi" "g" "cache" "fn" "<Anonymous>" ".External2" "optim" "private$gmm" "self$WangShaoKim2014" "initialize" "EBMRAlgorithmFast4$new" 
"exp" "compute_pi" "g" "cache" "fn" "<Anonymous>" ".External2" "optim" "private$gmm" "self$WangShaoKim2014" "initialize" "EBMRAlgorithmFast4$new" 
"gr" "<Anonymous>" ".External2" "optim" "private$gmm" "self$WangShaoKim2014" "initialize" "EBMRAlgorithmFast4$new" 
"gr" "<Anonymous>" ".External2" "optim" "private$gmm" "self$WangShaoKim2014" "initialize" "EBMRAlgorithmFast4$new" 
"mostattributes<-" "pmax" "pmin" "compute_pi" "g" "conv_grad" "private$gmm" "self$WangShaoKim2014" "initialize" "EBMRAlgorithmFast4$new" 
"mostattributes<-" "pmax" "pmin" "compute_pi" "g" "conv_grad" "private$gmm" "self$WangShaoKim2014" "initialize" "EBMRAlgorithmFast4$new" 
"*" "Gamma_direct" "gr" "<Anonymous>" ".External2" "optim" "private$gmm" "self$WangShaoKim2014" "initialize" "EBMRAlgorithmFast4$new" 
"*" "Gamma_direct" "gr" "<Anonymous>" ".External2" "optim" "private$gmm" "self$WangShaoKim2014" "initialize" "EBMRAlgorithmFast4$new" 
"*" "Gamma_direct" "gr" "<Anonymous>" ".External2" "optim" "private$gmm" "self$WangShaoKim2014" "initialize" "EBMRAlgorithmFast4$new" 
"exp" "compute_pi" "g" "cache" "fn" "<Anonymous>" ".External2" "optim" "private$gmm" "self$WangShaoKim2014" "initialize" "EBMRAlgorithmFast4$new" 
"exp" "compute_pi" "g" "cache" "fn" "<Anonymous>" ".External2" "optim" "private$gmm" "self$WangShaoKim2014" "initialize" "EBMRAlgorithmFast4$new" 
"exp" "compute_pi" "g" "cache" "fn" "<Anonymous>" ".External2" "optim" "private$gmm" "self$WangShaoKim2014" "initialize" "EBMRAlgorithmFast4$new" 
"exp" "compute_pi" "g" "cache" "fn" "<Anonymous>" ".External2" "optim" "private$gmm" "self$WangShaoKim2014" "initialize" "EBMRAlgorithmFast4$new" 
"%*%" "solve" "W" "doTryCatch" "tryCatchOne" "tryCatchList" "tryCatch" "conv_grad" "private$gmm" "self$WangShaoKim2014" "initialize" "EBMRAlgorithmFast4$new" 
"%*%" "solve" "W" "doTryCatch" "tryCatchOne" "tryCatchList" "tryCatch" "conv_grad" "private$gmm" "self$WangShaoKim2014" "initialize" "EBMRAlgorithmFast4$new" 
"exp" "compute_pi" "as.vector" "Gamma_direct" "gr" "<Anonymous>" ".External2" "optim" "private$gmm" "self$WangShaoKim2014" "initialize" "EBMRAlgorithmFast4$new" 
"exp" "compute_pi" "as.vector" "Gamma_direct" "gr" "<Anonymous>" ".External2" "optim" "private$gmm" "self$WangShaoKim2014" "initialize" "EBMRAlgorithmFast4$new" 
"exp" "compute_pi" "as.vector" "Gamma_direct" "gr" "<Anonymous>" ".External2" "optim" "private$gmm" "self$WangShaoKim2014" "initialize" "EBMRAlgorithmFast4$new" 
"mostattributes<-" "pmin" "compute_pi" "g" "cache" "fn" "<Anonymous>" ".External2" "optim" "private$gmm" "self$WangShaoKim2014" "initialize" "EBMRAlgorithmFast4$new" 
"mostattributes<-" "pmin" "compute_pi" "g" "cache" "fn" "<Anonymous>" ".External2" "optim" "private$gmm" "self$WangShaoKim2014" "initialize" "EBMRAlgorithmFast4$new" 
"mostattributes<-" "pmin" "compute_pi" "g" "cache" "fn" "<Anonymous>" ".External2" "optim" "private$gmm" "self$WangShaoKim2014" "initialize" "EBMRAlgorithmFast4$new" 
"mostattributes<-" "pmin" "compute_pi" "g" "cache" "fn" "<Anonymous>" ".External2" "optim" "private$gmm" "self$WangShaoKim2014" "initialize" "EBMRAlgorithmFast4$new" 
"*" "g" "cache" "fn" "<Anonymous>" ".External2" "optim" "private$gmm" "self$WangShaoKim2014" "initialize" "EBMRAlgorithmFast4$new" 
"exp" "compute_pi" "g" "cache" "fn" "<Anonymous>" ".External2" "optim" "private$gmm" "self$WangShaoKim2014" "initialize" "EBMRAlgorithmFast4$new" 
"exp" "compute_pi" "g" "cache" "fn" "<Anonymous>" ".External2" "optim" "private$gmm" "self$WangShaoKim2014" "initialize" "EBMRAlgorithmFast4$new" 
"exp" "compute_pi" "g" "cache" "fn" "<Anonymous>" ".External2" "optim" "private$gmm" "self$WangShaoKim2014" "initialize" "EBMRAlgorithmFast4$new" 
"%*%" "g" "cache" "fn" "<Anonymous>" ".External2" "optim" "private$gmm" "self$WangShaoKim2014" "initialize" "EBMRAlgorithmFast4$new" 
"%*%" "g" "cache" "fn" "<Anonymous>" ".External2" "optim" "private$gmm" "self$WangShaoKim2014" "initialize" "EBMRAlgorithmFast4$new" 
"exp" "compute_pi" "g" "cache" "fn" "<Anonymous>" ".External2" "optim" "private$gmm" "self$WangShaoKim2014" "initialize" "EBMRAlgorithmFast4$new" 
"exp" "compute_pi" "g" "cache" "fn" "<Anonymous>" ".External2" "optim" "private$gmm" "self$WangShaoKim2014" "initialize" "EBMRAlgorithmFast4$new" 
".colMeans" "matrix" "cache" "fn" "<Anonymous>" ".External2" "optim" "private$gmm" "self$WangShaoKim2014" "initialize" "EBMRAlgorithmFast4$new" 
"exp" "compute_pi" "as.vector" "Gamma_direct" "conv_grad" "private$gmm" "self$WangShaoKim2014" "initialize" "EBMRAlgorithmFast4$new" 
"exp" "compute_pi" "as.vector" "Gamma_direct" "conv_grad" "private$gmm" "self$WangShaoKim2014" "initialize" "EBMRAlgorithmFast4$new" 
"compute_pi" "as.vector" "Gamma_direct" "gr" "<Anonymous>" ".External2" "optim" "private$gmm" "self$WangShaoKim2014" "initialize" "EBMRAlgorithmFast4$new" 
"compute_pi" "as.vector" "Gamma_direct" "gr" "<Anonymous>" ".External2" "optim" "private$gmm" "self$WangShaoKim2014" "initialize" "EBMRAlgorithmFast4$new" 
"/" "g" "cache" "fn" "<Anonymous>" ".External2" "optim" "private$gmm" "self$WangShaoKim2014" "initialize" "EBMRAlgorithmFast4$new" 
"/" "g" "cache" "fn" "<Anonymous>" ".External2" "optim" "private$gmm" "self$WangShaoKim2014" "initialize" "EBMRAlgorithmFast4$new" 
"/" "g" "cache" "fn" "<Anonymous>" ".External2" "optim" "private$gmm" "self$WangShaoKim2014" "initialize" "EBMRAlgorithmFast4$new" 
"diag" "solve.default" "solve" "W" "doTryCatch" "tryCatchOne" "tryCatchList" "tryCatch" "private$gmm" "self$WangShaoKim2014" "initialize" "EBMRAlgorithmFast4$new" 
"diag" "solve.default" "solve" "W" "doTryCatch" "tryCatchOne" "tryCatchList" "tryCatch" "private$gmm" "self$WangShaoKim2014" "initialize" "EBMRAlgorithmFast4$new" 
"%*%" "g" "cache" "fn" "<Anonymous>" ".External2" "optim" "private$gmm" "self$WangShaoKim2014" "initialize" "EBMRAlgorithmFast4$new" 
"solve.default" "solve" "W" "doTryCatch" "tryCatchOne" "tryCatchList" "tryCatch" "func" "genD.default" "genD" "hessian.default" "hessian" "doTryCatch" "tryCatchOne" "tryCatchList" "tryCatch" "private$gmm" "self$WangShaoKim2014" "initialize" "EBMRAlgorithmFast4$new" 
"solve.default" "solve" "W" "doTryCatch" "tryCatchOne" "tryCatchList" "tryCatch" "func" "genD.default" "genD" "hessian.default" "hessian" "doTryCatch" "tryCatchOne" "tryCatchList" "tryCatch" "private$gmm" "self$WangShaoKim2014" "initialize" "EBMRAlgorithmFast4$new" 
"mostattributes<-" "pmin" "compute_pi" "g" "func" "genD.default" "genD" "hessian.default" "hessian" "doTryCatch" "tryCatchOne" "tryCatchList" "tryCatch" "private$gmm" "self$WangShaoKim2014" "initialize" "EBMRAlgorithmFast4$new" 
"mostattributes<-" "pmin" "compute_pi" "g" "func" "genD.default" "genD" "hessian.default" "hessian" "doTryCatch" "tryCatchOne" "tryCatchList" "tryCatch" "private$gmm" "self$WangShaoKim2014" "initialize" "EBMRAlgorithmFast4$new" 
"mostattributes<-" "pmin" "compute_pi" "g" "func" "genD.default" "genD" "hessian.default" "hessian" "doTryCatch" "tryCatchOne" "tryCatchList" "tryCatch" "private$gmm" "self$WangShaoKim2014" "initialize" "EBMRAlgorithmFast4$new" 
"mostattributes<-" "pmin" "compute_pi" "g" "func" "genD.default" "genD" "hessian.default" "hessian" "doTryCatch" "tryCatchOne" "tryCatchList" "tryCatch" "private$gmm" "self$WangShaoKim2014" "initialize" "EBMRAlgorithmFast4$new" 
"mostattributes<-" "pmax" "pmin" "compute_pi" "g" "func" "genD.default" "genD" "hessian.default" "hessian" "doTryCatch" "tryCatchOne" "tryCatchList" "tryCatch" "private$gmm" "self$WangShaoKim2014" "initialize" "EBMRAlgorithmFast4$new" 
"mostattributes<-" "pmax" "pmin" "compute_pi" "g" "func" "genD.default" "genD" "hessian.default" "hessian" "doTryCatch" "tryCatchOne" "tryCatchList" "tryCatch" "private$gmm" "self$WangShaoKim2014" "initialize" "EBMRAlgorithmFast4$new" 
"mostattributes<-" "pmax" "pmin" "compute_pi" "g" "func" "genD.default" "genD" "hessian.default" "hessian" "doTryCatch" "tryCatchOne" "tryCatchList" "tryCatch" "private$gmm" "self$WangShaoKim2014" "initialize" "EBMRAlgorithmFast4$new" 
"%*%" "solve" "W" "doTryCatch" "tryCatchOne" "tryCatchList" "tryCatch" "func" "genD.default" "genD" "hessian.default" "hessian" "doTryCatch" "tryCatchOne" "tryCatchList" "tryCatch" "private$gmm" "self$WangShaoKim2014" "initialize" "EBMRAlgorithmFast4$new" 
"%*%" "solve" "W" "doTryCatch" "tryCatchOne" "tryCatchList" "tryCatch" "func" "genD.default" "genD" "hessian.default" "hessian" "doTryCatch" "tryCatchOne" "tryCatchList" "tryCatch" "private$gmm" "self$WangShaoKim2014" "initialize" "EBMRAlgorithmFast4$new" 
"%*%" "solve" "W" "doTryCatch" "tryCatchOne" "tryCatchList" "tryCatch" "func" "genD.default" "genD" "hessian.default" "hessian" "doTryCatch" "tryCatchOne" "tryCatchList" "tryCatch" "private$gmm" "self$WangShaoKim2014" "initialize" "EBMRAlgorithmFast4$new" 
"*" "g" "func" "genD.default" "genD" "hessian.default" "hessian" "doTryCatch" "tryCatchOne" "tryCatchList" "tryCatch" "private$gmm" "self$WangShaoKim2014" "initialize" "EBMRAlgorithmFast4$new" 
"*" "g" "func" "genD.default" "genD" "hessian.default" "hessian" "doTryCatch" "tryCatchOne" "tryCatchList" "tryCatch" "private$gmm" "self$WangShaoKim2014" "initialize" "EBMRAlgorithmFast4$new" 
"*" "g" "func" "genD.default" "genD" "hessian.default" "hessian" "doTryCatch" "tryCatchOne" "tryCatchList" "tryCatch" "private$gmm" "self$WangShaoKim2014" "initialize" "EBMRAlgorithmFast4$new" 
"pmax" "pmin" "compute_pi" "g" "func" "genD.default" "genD" "hessian.default" "hessian" "doTryCatch" "tryCatchOne" "tryCatchList" "tryCatch" "private$gmm" "self$WangShaoKim2014" "initialize" "EBMRAlgorithmFast4$new" 
"pmax" "pmin" "compute_pi" "g" "func" "genD.default" "genD" "hessian.default" "hessian" "doTryCatch" "tryCatchOne" "tryCatchList" "tryCatch" "private$gmm" "self$WangShaoKim2014" "initialize" "EBMRAlgorithmFast4$new" 
"pmax" "pmin" "compute_pi" "g" "func" "genD.default" "genD" "hessian.default" "hessian" "doTryCatch" "tryCatchOne" "tryCatchList" "tryCatch" "private$gmm" "self$WangShaoKim2014" "initialize" "EBMRAlgorithmFast4$new" 
"%*%" "solve" "W" "doTryCatch" "tryCatchOne" "tryCatchList" "tryCatch" "func" "genD.default" "genD" "hessian.default" "hessian" "doTryCatch" "tryCatchOne" "tryCatchList" "tryCatch" "private$gmm" "self$WangShaoKim2014" "initialize" "EBMRAlgorithmFast4$new" 
"%*%" "solve" "W" "doTryCatch" "tryCatchOne" "tryCatchList" "tryCatch" "func" "genD.default" "genD" "hessian.default" "hessian" "doTryCatch" "tryCatchOne" "tryCatchList" "tryCatch" "private$gmm" "self$WangShaoKim2014" "initialize" "EBMRAlgorithmFast4$new" 
"%*%" "solve" "W" "doTryCatch" "tryCatchOne" "tryCatchList" "tryCatch" "func" "genD.default" "genD" "hessian.default" "hessian" "doTryCatch" "tryCatchOne" "tryCatchList" "tryCatch" "private$gmm" "self$WangShaoKim2014" "initialize" "EBMRAlgorithmFast4$new" 
"*" "g" "func" "genD.default" "genD" "hessian.default" "hessian" "doTryCatch" "tryCatchOne" "tryCatchList" "tryCatch" "private$gmm" "self$WangShaoKim2014" "initialize" "EBMRAlgorithmFast4$new" 
"*" "g" "func" "genD.default" "genD" "hessian.default" "hessian" "doTryCatch" "tryCatchOne" "tryCatchList" "tryCatch" "private$gmm" "self$WangShaoKim2014" "initialize" "EBMRAlgorithmFast4$new" 
"*" "g" "func" "genD.default" "genD" "hessian.default" "hessian" "doTryCatch" "tryCatchOne" "tryCatchList" "tryCatch" "private$gmm" "self$WangShaoKim2014" "initialize" "EBMRAlgorithmFast4$new" 
"*" "g" "func" "genD.default" "genD" "hessian.default" "hessian" "doTryCatch" "tryCatchOne" "tryCatchList" "tryCatch" "private$gmm" "self$WangShaoKim2014" "initialize" "EBMRAlgorithmFast4$new" 
"*" "g" "func" "genD.default" "genD" "hessian.default" "hessian" "doTryCatch" "tryCatchOne" "tryCatchList" "tryCatch" "private$gmm" "self$WangShaoKim2014" "initialize" "EBMRAlgorithmFast4$new" 
"*" "g" "func" "genD.default" "genD" "hessian.default" "hessian" "doTryCatch" "tryCatchOne" "tryCatchList" "tryCatch" "private$gmm" "self$WangShaoKim2014" "initialize" "EBMRAlgorithmFast4$new" 
"*" "g" "func" "genD.default" "genD" "hessian.default" "hessian" "doTryCatch" "tryCatchOne" "tryCatchList" "tryCatch" "private$gmm" "self$WangShaoKim2014" "initialize" "EBMRAlgorithmFast4$new" 
"exp" "compute_pi" "g" "func" "genD.default" "genD" "hessian.default" "hessian" "doTryCatch" "tryCatchOne" "tryCatchList" "tryCatch" "private$gmm" "self$WangShaoKim2014" "initialize" "EBMRAlgorithmFast4$new" 
"exp" "compute_pi" "g" "func" "genD.default" "genD" "hessian.default" "hessian" "doTryCatch" "tryCatchOne" "tryCatchList" "tryCatch" "private$gmm" "self$WangShaoKim2014" "initialize" "EBMRAlgorithmFast4$new" 
"exp" "compute_pi" "g" "func" "genD.default" "genD" "hessian.default" "hessian" "doTryCatch" "tryCatchOne" "tryCatchList" "tryCatch" "private$gmm" "self$WangShaoKim2014" "initialize" "EBMRAlgorithmFast4$new" 
"%*%" "solve" "W" "doTryCatch" "tryCatchOne" "tryCatchList" "tryCatch" "func" "genD.default" "genD" "hessian.default" "hessian" "doTryCatch" "tryCatchOne" "tryCatchList" "tryCatch" "private$gmm" "self$WangShaoKim2014" "initialize" "EBMRAlgorithmFast4$new" 
"*" "g" "func" "genD.default" "genD" "hessian.default" "hessian" "doTryCatch" "tryCatchOne" "tryCatchList" "tryCatch" "private$gmm" "self$WangShaoKim2014" "initialize" "EBMRAlgorithmFast4$new" 
"*" "g" "func" "genD.default" "genD" "hessian.default" "hessian" "doTryCatch" "tryCatchOne" "tryCatchList" "tryCatch" "private$gmm" "self$WangShaoKim2014" "initialize" "EBMRAlgorithmFast4$new" 
"-" "g" "func" "genD.default" "genD" "hessian.default" "hessian" "doTryCatch" "tryCatchOne" "tryCatchList" "tryCatch" "private$gmm" "self$WangShaoKim2014" "initialize" "EBMRAlgorithmFast4$new" 
"-" "g" "func" "genD.default" "genD" "hessian.default" "hessian" "doTryCatch" "tryCatchOne" "tryCatchList" "tryCatch" "private$gmm" "self$WangShaoKim2014" "initialize" "EBMRAlgorithmFast4$new" 
"-" "g" "func" "genD.default" "genD" "hessian.default" "hessian" "doTryCatch" "tryCatchOne" "tryCatchList" "tryCatch" "private$gmm" "self$WangShaoKim2014" "initialize" "EBMRAlgorithmFast4$new" 
"*" "g" "func" "genD.default" "genD" "hessian.default" "hessian" "doTryCatch" "tryCatchOne" "tryCatchList" "tryCatch" "private$gmm" "self$WangShaoKim2014" "initialize" "EBMRAlgorithmFast4$new" 
"*" "g" "func" "genD.default" "genD" "hessian.default" "hessian" "doTryCatch" "tryCatchOne" "tryCatchList" "tryCatch" "private$gmm" "self$WangShaoKim2014" "initialize" "EBMRAlgorithmFast4$new" 
"exp" "compute_pi" "g" "func" "genD.default" "genD" "hessian.default" "hessian" "doTryCatch" "tryCatchOne" "tryCatchList" "tryCatch" "private$gmm" "self$WangShaoKim2014" "initialize" "EBMRAlgorithmFast4$new" 
"exp" "compute_pi" "g" "func" "genD.default" "genD" "hessian.default" "hessian" "doTryCatch" "tryCatchOne" "tryCatchList" "tryCatch" "private$gmm" "self$WangShaoKim2014" "initialize" "EBMRAlgorithmFast4$new" 
"%*%" "g" "func" "genD.default" "genD" "hessian.default" "hessian" "doTryCatch" "tryCatchOne" "tryCatchList" "tryCatch" "private$gmm" "self$WangShaoKim2014" "initialize" "EBMRAlgorithmFast4$new" 
"%*%" "g" "func" "genD.default" "genD" "hessian.default" "hessian" "doTryCatch" "tryCatchOne" "tryCatchList" "tryCatch" "private$gmm" "self$WangShaoKim2014" "initialize" "EBMRAlgorithmFast4$new" 
"mostattributes<-" "pmin" "compute_pi" "g" "func" "genD.default" "genD" "hessian.default" "hessian" "doTryCatch" "tryCatchOne" "tryCatchList" "tryCatch" "private$gmm" "self$WangShaoKim2014" "initialize" "EBMRAlgorithmFast4$new" 
"*" "g" "func" "genD.default" "genD" "hessian.default" "hessian" "doTryCatch" "tryCatchOne" "tryCatchList" "tryCatch" "private$gmm" "self$WangShaoKim2014" "initialize" "EBMRAlgorithmFast4$new" 
"g" "func" "genD.default" "genD" "hessian.default" "hessian" "doTryCatch" "tryCatchOne" "tryCatchList" "tryCatch" "private$gmm" "self$WangShaoKim2014" "initialize" "EBMRAlgorithmFast4$new" 
"g" "func" "genD.default" "genD" "hessian.default" "hessian" "doTryCatch" "tryCatchOne" "tryCatchList" "tryCatch" "private$gmm" "self$WangShaoKim2014" "initialize" "EBMRAlgorithmFast4$new" 
"g" "func" "genD.default" "genD" "hessian.default" "hessian" "doTryCatch" "tryCatchOne" "tryCatchList" "tryCatch" "private$gmm" "self$WangShaoKim2014" "initialize" "EBMRAlgorithmFast4$new" 
"g" "func" "genD.default" "genD" "hessian.default" "hessian" "doTryCatch" "tryCatchOne" "tryCatchList" "tryCatch" "private$gmm" "self$WangShaoKim2014" "initialize" "EBMRAlgorithmFast4$new" 
"%*%" "solve" "W" "doTryCatch" "tryCatchOne" "tryCatchList" "tryCatch" "func" "genD.default" "genD" "hessian.default" "hessian" "doTryCatch" "tryCatchOne" "tryCatchList" "tryCatch" "private$gmm" "self$WangShaoKim2014" "initialize" "EBMRAlgorithmFast4$new" 
"%*%" "solve" "W" "doTryCatch" "tryCatchOne" "tryCatchList" "tryCatch" "func" "genD.default" "genD" "hessian.default" "hessian" "doTryCatch" "tryCatchOne" "tryCatchList" "tryCatch" "private$gmm" "self$WangShaoKim2014" "initialize" "EBMRAlgorithmFast4$new" 
"%*%" "solve" "W" "doTryCatch" "tryCatchOne" "tryCatchList" "tryCatch" "func" "genD.default" "genD" "hessian.default" "hessian" "doTryCatch" "tryCatchOne" "tryCatchList" "tryCatch" "private$gmm" "self$WangShaoKim2014" "initialize" "EBMRAlgorithmFast4$new" 
"%*%" "solve" "W" "doTryCatch" "tryCatchOne" "tryCatchList" "tryCatch" "func" "genD.default" "genD" "hessian.default" "hessian" "doTryCatch" "tryCatchOne" "tryCatchList" "tryCatch" "private$gmm" "self$WangShaoKim2014" "initialize" "EBMRAlgorithmFast4$new" 
"%*%" "solve" "W" "doTryCatch" "tryCatchOne" "tryCatchList" "tryCatch" "func" "genD.default" "genD" "hessian.default" "hessian" "doTryCatch" "tryCatchOne" "tryCatchList" "tryCatch" "private$gmm" "self$WangShaoKim2014" "initialize" "EBMRAlgorithmFast4$new" 
"%*%" "solve" "W" "doTryCatch" "tryCatchOne" "tryCatchList" "tryCatch" "func" "genD.default" "genD" "hessian.default" "hessian" "doTryCatch" "tryCatchOne" "tryCatchList" "tryCatch" "private$gmm" "self$WangShaoKim2014" "initialize" "EBMRAlgorithmFast4$new" 
"%*%" "solve" "W" "doTryCatch" "tryCatchOne" "tryCatchList" "tryCatch" "func" "genD.default" "genD" "hessian.default" "hessian" "doTryCatch" "tryCatchOne" "tryCatchList" "tryCatch" "private$gmm" "self$WangShaoKim2014" "initialize" "EBMRAlgorithmFast4$new" 
"*" "g" "func" "genD.default" "genD" "hessian.default" "hessian" "doTryCatch" "tryCatchOne" "tryCatchList" "tryCatch" "private$gmm" "self$WangShaoKim2014" "initialize" "EBMRAlgorithmFast4$new" 
"*" "g" "func" "genD.default" "genD" "hessian.default" "hessian" "doTryCatch" "tryCatchOne" "tryCatchList" "tryCatch" "private$gmm" "self$WangShaoKim2014" "initialize" "EBMRAlgorithmFast4$new" 
"*" "g" "func" "genD.default" "genD" "hessian.default" "hessian" "doTryCatch" "tryCatchOne" "tryCatchList" "tryCatch" "private$gmm" "self$WangShaoKim2014" "initialize" "EBMRAlgorithmFast4$new" 
"*" "g" "func" "genD.default" "genD" "hessian.default" "hessian" "doTryCatch" "tryCatchOne" "tryCatchList" "tryCatch" "private$gmm" "self$WangShaoKim2014" "initialize" "EBMRAlgorithmFast4$new" 
"pmin" "compute_pi" "g" "func" "genD.default" "genD" "hessian.default" "hessian" "doTryCatch" "tryCatchOne" "tryCatchList" "tryCatch" "private$gmm" "self$WangShaoKim2014" "initialize" "EBMRAlgorithmFast4$new" 
"pmin" "compute_pi" "g" "func" "genD.default" "genD" "hessian.default" "hessian" "doTryCatch" "tryCatchOne" "tryCatchList" "tryCatch" "private$gmm" "self$WangShaoKim2014" "initialize" "EBMRAlgorithmFast4$new" 
"%*%" "g" "func" "genD.default" "genD" "hessian.default" "hessian" "doTryCatch" "tryCatchOne" "tryCatchList" "tryCatch" "private$gmm" "self$WangShaoKim2014" "initialize" "EBMRAlgorithmFast4$new" 
"mostattributes<-" "pmax" "pmin" "compute_pi" "g" "func" "genD.default" "genD" "hessian.default" "hessian" "doTryCatch" "tryCatchOne" "tryCatchList" "tryCatch" "private$gmm" "self$WangShaoKim2014" "initialize" "EBMRAlgorithmFast4$new" 
"exp" "compute_pi" "g" "func" "genD.default" "genD" "hessian.default" "hessian" "doTryCatch" "tryCatchOne" "tryCatchList" "tryCatch" "private$gmm" "self$WangShaoKim2014" "initialize" "EBMRAlgorithmFast4$new" 
"exp" "compute_pi" "g" "func" "genD.default" "genD" "hessian.default" "hessian" "doTryCatch" "tryCatchOne" "tryCatchList" "tryCatch" "private$gmm" "self$WangShaoKim2014" "initialize" "EBMRAlgorithmFast4$new" 
"%*%" "solve" "W" "doTryCatch" "tryCatchOne" "tryCatchList" "tryCatch" "func" "genD.default" "genD" "hessian.default" "hessian" "doTryCatch" "tryCatchOne" "tryCatchList" "tryCatch" "private$gmm" "self$WangShaoKim2014" "initialize" "EBMRAlgorithmFast4$new" 
"%*%" "solve" "W" "doTryCatch" "tryCatchOne" "tryCatchList" "tryCatch" "func" "genD.default" "genD" "hessian.default" "hessian" "doTryCatch" "tryCatchOne" "tryCatchList" "tryCatch" "private$gmm" "self$WangShaoKim2014" "initialize" "EBMRAlgorithmFast4$new" 
"%*%" "solve" "W" "doTryCatch" "tryCatchOne" "tryCatchList" "tryCatch" "func" "genD.default" "genD" "hessian.default" "hessian" "doTryCatch" "tryCatchOne" "tryCatchList" "tryCatch" "private$gmm" "self$WangShaoKim2014" "initialize" "EBMRAlgorithmFast4$new" 
"*" "g" "func" "genD.default" "genD" "hessian.default" "hessian" "doTryCatch" "tryCatchOne" "tryCatchList" "tryCatch" "private$gmm" "self$WangShaoKim2014" "initialize" "EBMRAlgorithmFast4$new" 
"*" "g" "func" "genD.default" "genD" "hessian.default" "hessian" "doTryCatch" "tryCatchOne" "tryCatchList" "tryCatch" "private$gmm" "self$WangShaoKim2014" "initialize" "EBMRAlgorithmFast4$new" 
"*" "g" "func" "genD.default" "genD" "hessian.default" "hessian" "doTryCatch" "tryCatchOne" "tryCatchList" "tryCatch" "private$gmm" "self$WangShaoKim2014" "initialize" "EBMRAlgorithmFast4$new" 
"exp" "compute_pi" "g" "func" "genD.default" "genD" "hessian.default" "hessian" "doTryCatch" "tryCatchOne" "tryCatchList" "tryCatch" "private$gmm" "self$WangShaoKim2014" "initialize" "EBMRAlgorithmFast4$new" 
"exp" "compute_pi" "g" "func" "genD.default" "genD" "hessian.default" "hessian" "doTryCatch" "tryCatchOne" "tryCatchList" "tryCatch" "private$gmm" "self$WangShaoKim2014" "initialize" "EBMRAlgorithmFast4$new" 
"array" "dg" "t_Gamma_i" "private$gmm" "self$WangShaoKim2014" "initialize" "EBMRAlgorithmFast4$new" 
"as.vector" "private$gmm" "self$WangShaoKim2014" "initialize" "EBMRAlgorithmFast4$new" 
"parent.frame" "do.call" "ebmr2$EBMR_IPW" 
"parent.frame" "do.call" "ebmr2$EBMR_IPW" 
"parent.frame" "do.call" "ebmr2$EBMR_IPW" 
"parent.frame" "do.call" "ebmr2$EBMR_IPW" 
"parent.frame" "do.call" "ebmr2$EBMR_IPW" 
"parent.frame" "do.call" "ebmr2$EBMR_IPW" 
"parent.frame" "do.call" "ebmr2$EBMR_IPW" 
"parent.frame" "do.call" "ebmr2$EBMR_IPW" 
"parent.frame" "do.call" "ebmr2$EBMR_IPW" 
"parent.frame" "do.call" "ebmr2$EBMR_IPW" 
"-" "ebmr2$EBMR_IPW" 
"t.default" "t" "standardGeneric" "t" "colMeans" "ebmr2$EBMR_IPW" 
"t.default" "t" "standardGeneric" "t" "colMeans" "ebmr2$EBMR_IPW" 
"standardGeneric" "as.matrix" "self$WangShaoKim2014" "initialize" "EBMRAlgorithmFast4$new" 
"standardGeneric" "as.matrix" "self$WangShaoKim2014" "initialize" "EBMRAlgorithmFast4$new" 
"standardGeneric" "as.matrix" "self$WangShaoKim2014" "initialize" "EBMRAlgorithmFast4$new" 
"length" "model.frame.default" "stats::model.frame" "eval" "eval" "lm" "model.matrix" "self$WangShaoKim2014" "initialize" "EBMRAlgorithmFast4$new" 
"length" "model.frame.default" "stats::model.frame" "eval" "eval" "lm" "model.matrix" "self$WangShaoKim2014" "initialize" "EBMRAlgorithmFast4$new" 
"pmatch" ".deparseOpts" "deparse" "paste" "FUN" "vapply" ".getXlevels" "lm" "model.matrix" "self$WangShaoKim2014" "initialize" "EBMRAlgorithmFast4$new" 
"pmatch" ".deparseOpts" "deparse" "paste" "FUN" "vapply" ".getXlevels" "lm" "model.matrix" "self$WangShaoKim2014" "initialize" "EBMRAlgorithmFast4$new" 
"pmatch" ".deparseOpts" "deparse" "paste" "FUN" "vapply" ".getXlevels" "lm" "model.matrix" "self$WangShaoKim2014" "initialize" "EBMRAlgorithmFast4$new" 
"as.vector" "self$WangShaoKim2014" "initialize" "EBMRAlgorithmFast4$new" 
"as.vector" "self$WangShaoKim2014" "initialize" "EBMRAlgorithmFast4$new" 
"as.vector" "self$WangShaoKim2014" "initialize" "EBMRAlgorithmFast4$new" 
"as.vector" "g" "cache" "fn" "<Anonymous>" ".External2" "optim" "private$gmm" "self$WangShaoKim2014" "initialize" "EBMRAlgorithmFast4$new" 
"as.vector" "g" "cache" "fn" "<Anonymous>" ".External2" "optim" "private$gmm" "self$WangShaoKim2014" "initialize" "EBMRAlgorithmFast4$new" 
"as.vector" "g" "cache" "fn" "<Anonymous>" ".External2" "optim" "private$gmm" "self$WangShaoKim2014" "initialize" "EBMRAlgorithmFast4$new" 
"as.vector" "g" "cache" "fn" "<Anonymous>" ".External2" "optim" "private$gmm" "self$WangShaoKim2014" "initialize" "EBMRAlgorithmFast4$new" 
"*" "g" "cache" "fn" "<Anonymous>" ".External2" "optim" "private$gmm" "self$WangShaoKim2014" "initialize" "EBMRAlgorithmFast4$new" 
"*" "g" "cache" "fn" "<Anonymous>" ".External2" "optim" "private$gmm" "self$WangShaoKim2014" "initialize" "EBMRAlgorithmFast4$new" 
"*" "g" "cache" "fn" "<Anonymous>" ".External2" "optim" "private$gmm" "self$WangShaoKim2014" "initialize" "EBMRAlgorithmFast4$new" 
"*" "g" "cache" "fn" "<Anonymous>" ".External2" "optim" "private$gmm" "self$WangShaoKim2014" "initialize" "EBMRAlgorithmFast4$new" 
"pmax" "pmin" "compute_pi" "as.vector" "Gamma_direct" "gr" "<Anonymous>" ".External2" "optim" "private$gmm" "self$WangShaoKim2014" "initialize" "EBMRAlgorithmFast4$new" 
"pmax" "pmin" "compute_pi" "as.vector" "Gamma_direct" "gr" "<Anonymous>" ".External2" "optim" "private$gmm" "self$WangShaoKim2014" "initialize" "EBMRAlgorithmFast4$new" 
"pmax" "pmin" "compute_pi" "as.vector" "Gamma_direct" "gr" "<Anonymous>" ".External2" "optim" "private$gmm" "self$WangShaoKim2014" "initialize" "EBMRAlgorithmFast4$new" 
"pmax" "pmin" "compute_pi" "as.vector" "Gamma_direct" "gr" "<Anonymous>" ".External2" "optim" "private$gmm" "self$WangShaoKim2014" "initialize" "EBMRAlgorithmFast4$new" 
"as.vector" "gr" "<Anonymous>" ".External2" "optim" "private$gmm" "self$WangShaoKim2014" "initialize" "EBMRAlgorithmFast4$new" 
"as.vector" "gr" "<Anonymous>" ".External2" "optim" "private$gmm" "self$WangShaoKim2014" "initialize" "EBMRAlgorithmFast4$new" 
"as.vector" "gr" "<Anonymous>" ".External2" "optim" "private$gmm" "self$WangShaoKim2014" "initialize" "EBMRAlgorithmFast4$new" 
"as.vector" "gr" "<Anonymous>" ".External2" "optim" "private$gmm" "self$WangShaoKim2014" "initialize" "EBMRAlgorithmFast4$new" 
"as.vector" "gr" "<Anonymous>" ".External2" "optim" "private$gmm" "self$WangShaoKim2014" "initialize" "EBMRAlgorithmFast4$new" 
"matrix" "cache" "fn" "<Anonymous>" ".External2" "optim" "private$gmm" "self$WangShaoKim2014" "initialize" "EBMRAlgorithmFast4$new" 
"matrix" "cache" "fn" "<Anonymous>" ".External2" "optim" "private$gmm" "self$WangShaoKim2014" "initialize" "EBMRAlgorithmFast4$new" 
"*" "g" "cache" "fn" "<Anonymous>" ".External2" "optim" "private$gmm" "self$WangShaoKim2014" "initialize" "EBMRAlgorithmFast4$new" 
"as.vector" "g" "cache" "fn" "<Anonymous>" ".External2" "optim" "private$gmm" "self$WangShaoKim2014" "initialize" "EBMRAlgorithmFast4$new" 
"as.vector" "g" "cache" "fn" "<Anonymous>" ".External2" "optim" "private$gmm" "self$WangShaoKim2014" "initialize" "EBMRAlgorithmFast4$new" 
"as.vector" "g" "cache" "fn" "<Anonymous>" ".External2" "optim" "private$gmm" "self$WangShaoKim2014" "initialize" "EBMRAlgorithmFast4$new" 
"as.vector" "g" "cache" "fn" "<Anonymous>" ".External2" "optim" "private$gmm" "self$WangShaoKim2014" "initialize" "EBMRAlgorithmFast4$new" 
"FUN" "vapply" "pmin" "compute_pi" "g" "cache" "fn" "<Anonymous>" ".External2" "optim" "private$gmm" "self$WangShaoKim2014" "initialize" "EBMRAlgorithmFast4$new" 
"FUN" "vapply" "pmin" "compute_pi" "g" "cache" "fn" "<Anonymous>" ".External2" "optim" "private$gmm" "self$WangShaoKim2014" "initialize" "EBMRAlgorithmFast4$new" 
"FUN" "vapply" "pmin" "compute_pi" "g" "cache" "fn" "<Anonymous>" ".External2" "optim" "private$gmm" "self$WangShaoKim2014" "initialize" "EBMRAlgorithmFast4$new" 
"exp" "compute_pi" "as.vector" "Gamma_direct" "gr" "<Anonymous>" ".External2" "optim" "private$gmm" "self$WangShaoKim2014" "initialize" "EBMRAlgorithmFast4$new" 
"exp" "compute_pi" "as.vector" "Gamma_direct" "gr" "<Anonymous>" ".External2" "optim" "private$gmm" "self$WangShaoKim2014" "initialize" "EBMRAlgorithmFast4$new" 
"exp" "compute_pi" "as.vector" "Gamma_direct" "gr" "<Anonymous>" ".External2" "optim" "private$gmm" "self$WangShaoKim2014" "initialize" "EBMRAlgorithmFast4$new" 
"exp" "compute_pi" "as.vector" "Gamma_direct" "gr" "<Anonymous>" ".External2" "optim" "private$gmm" "self$WangShaoKim2014" "initialize" "EBMRAlgorithmFast4$new" 
"exp" "compute_pi" "as.vector" "Gamma_direct" "gr" "<Anonymous>" ".External2" "optim" "private$gmm" "self$WangShaoKim2014" "initialize" "EBMRAlgorithmFast4$new" 
"exp" "compute_pi" "as.vector" "Gamma_direct" "gr" "<Anonymous>" ".External2" "optim" "private$gmm" "self$WangShaoKim2014" "initialize" "EBMRAlgorithmFast4$new" 
"*" "g" "cache" "fn" "<Anonymous>" ".External2" "optim" "private$gmm" "self$WangShaoKim2014" "initialize" "EBMRAlgorithmFast4$new" 
"*" "g" "cache" "fn" "<Anonymous>" ".External2" "optim" "private$gmm" "self$WangShaoKim2014" "initialize" "EBMRAlgorithmFast4$new" 
"as.vector" "Gamma_direct" "gr" "<Anonymous>" ".External2" "optim" "private$gmm" "self$WangShaoKim2014" "initialize" "EBMRAlgorithmFast4$new" 
"as.vector" "Gamma_direct" "gr" "<Anonymous>" ".External2" "optim" "private$gmm" "self$WangShaoKim2014" "initialize" "EBMRAlgorithmFast4$new" 
"as.vector" "Gamma_direct" "gr" "<Anonymous>" ".External2" "optim" "private$gmm" "self$WangShaoKim2014" "initialize" "EBMRAlgorithmFast4$new" 
"as.vector" "Gamma_direct" "gr" "<Anonymous>" ".External2" "optim" "private$gmm" "self$WangShaoKim2014" "initialize" "EBMRAlgorithmFast4$new" 
"as.vector" "Gamma_direct" "gr" "<Anonymous>" ".External2" "optim" "private$gmm" "self$WangShaoKim2014" "initialize" "EBMRAlgorithmFast4$new" 
"exp" "compute_pi" "as.vector" "Gamma_direct" "gr" "<Anonymous>" ".External2" "optim" "private$gmm" "self$WangShaoKim2014" "initialize" "EBMRAlgorithmFast4$new" 
"exp" "compute_pi" "as.vector" "Gamma_direct" "gr" "<Anonymous>" ".External2" "optim" "private$gmm" "self$WangShaoKim2014" "initialize" "EBMRAlgorithmFast4$new" 
"exp" "compute_pi" "as.vector" "Gamma_direct" "gr" "<Anonymous>" ".External2" "optim" "private$gmm" "self$WangShaoKim2014" "initialize" "EBMRAlgorithmFast4$new" 
"*" "g" "cache" "fn" "<Anonymous>" ".External2" "optim" "private$gmm" "self$WangShaoKim2014" "initialize" "EBMRAlgorithmFast4$new" 
"*" "g" "cache" "fn" "<Anonymous>" ".External2" "optim" "private$gmm" "self$WangShaoKim2014" "initialize" "EBMRAlgorithmFast4$new" 
"*" "g" "cache" "fn" "<Anonymous>" ".External2" "optim" "private$gmm" "self$WangShaoKim2014" "initialize" "EBMRAlgorithmFast4$new" 
"*" "g" "cache" "fn" "<Anonymous>" ".External2" "optim" "private$gmm" "self$WangShaoKim2014" "initialize" "EBMRAlgorithmFast4$new" 
"*" "Gamma_direct" "gr" "<Anonymous>" ".External2" "optim" "private$gmm" "self$WangShaoKim2014" "initialize" "EBMRAlgorithmFast4$new" 
"*" "Gamma_direct" "gr" "<Anonymous>" ".External2" "optim" "private$gmm" "self$WangShaoKim2014" "initialize" "EBMRAlgorithmFast4$new" 
"*" "Gamma_direct" "gr" "<Anonymous>" ".External2" "optim" "private$gmm" "self$WangShaoKim2014" "initialize" "EBMRAlgorithmFast4$new" 
"*" "g" "cache" "fn" "<Anonymous>" ".External2" "optim" "private$gmm" "self$WangShaoKim2014" "initialize" "EBMRAlgorithmFast4$new" 
"*" "g" "cache" "fn" "<Anonymous>" ".External2" "optim" "private$gmm" "self$WangShaoKim2014" "initialize" "EBMRAlgorithmFast4$new" 
"*" "g" "cache" "fn" "<Anonymous>" ".External2" "optim" "private$gmm" "self$WangShaoKim2014" "initialize" "EBMRAlgorithmFast4$new" 
"*" "Gamma_direct" "gr" "<Anonymous>" ".External2" "optim" "private$gmm" "self$WangShaoKim2014" "initialize" "EBMRAlgorithmFast4$new" 
"*" "Gamma_direct" "gr" "<Anonymous>" ".External2" "optim" "private$gmm" "self$WangShaoKim2014" "initialize" "EBMRAlgorithmFast4$new" 
"*" "Gamma_direct" "gr" "<Anonymous>" ".External2" "optim" "private$gmm" "self$WangShaoKim2014" "initialize" "EBMRAlgorithmFast4$new" 
"*" "Gamma_direct" "gr" "<Anonymous>" ".External2" "optim" "private$gmm" "self$WangShaoKim2014" "initialize" "EBMRAlgorithmFast4$new" 
"*" "g" "cache" "fn" "<Anonymous>" ".External2" "optim" "private$gmm" "self$WangShaoKim2014" "initialize" "EBMRAlgorithmFast4$new" 
"*" "g" "cache" "fn" "<Anonymous>" ".External2" "optim" "private$gmm" "self$WangShaoKim2014" "initialize" "EBMRAlgorithmFast4$new" 
"t" "solve" "W" "doTryCatch" "tryCatchOne" "tryCatchList" "tryCatch" "private$gmm" "self$WangShaoKim2014" "initialize" "EBMRAlgorithmFast4$new" 
"t" "solve" "W" "doTryCatch" "tryCatchOne" "tryCatchList" "tryCatch" "private$gmm" "self$WangShaoKim2014" "initialize" "EBMRAlgorithmFast4$new" 
"t" "solve" "W" "doTryCatch" "tryCatchOne" "tryCatchList" "tryCatch" "private$gmm" "self$WangShaoKim2014" "initialize" "EBMRAlgorithmFast4$new" 
"optim" "private$gmm" "self$WangShaoKim2014" "initialize" "EBMRAlgorithmFast4$new" 
"optim" "private$gmm" "self$WangShaoKim2014" "initialize" "EBMRAlgorithmFast4$new" 
"optim" "private$gmm" "self$WangShaoKim2014" "initialize" "EBMRAlgorithmFast4$new" 
"%*%" "as.vector" "Gamma_direct" "gr" "<Anonymous>" ".External2" "optim" "private$gmm" "self$WangShaoKim2014" "initialize" "EBMRAlgorithmFast4$new" 
"%*%" "as.vector" "Gamma_direct" "gr" "<Anonymous>" ".External2" "optim" "private$gmm" "self$WangShaoKim2014" "initialize" "EBMRAlgorithmFast4$new" 
"%*%" "as.vector" "Gamma_direct" "gr" "<Anonymous>" ".External2" "optim" "private$gmm" "self$WangShaoKim2014" "initialize" "EBMRAlgorithmFast4$new" 
"%*%" "as.vector" "Gamma_direct" "gr" "<Anonymous>" ".External2" "optim" "private$gmm" "self$WangShaoKim2014" "initialize" "EBMRAlgorithmFast4$new" 
"*" "g" "cache" "fn" "<Anonymous>" ".External2" "optim" "private$gmm" "self$WangShaoKim2014" "initialize" "EBMRAlgorithmFast4$new" 
"*" "g" "cache" "fn" "<Anonymous>" ".External2" "optim" "private$gmm" "self$WangShaoKim2014" "initialize" "EBMRAlgorithmFast4$new" 
"*" "g" "cache" "fn" "<Anonymous>" ".External2" "optim" "private$gmm" "self$WangShaoKim2014" "initialize" "EBMRAlgorithmFast4$new" 
"attributes" "pmin" "compute_pi" "g" "cache" "fn" "<Anonymous>" ".External2" "optim" "private$gmm" "self$WangShaoKim2014" "initialize" "EBMRAlgorithmFast4$new" 
"attributes" "pmin" "compute_pi" "g" "cache" "fn" "<Anonymous>" ".External2" "optim" "private$gmm" "self$WangShaoKim2014" "initialize" "EBMRAlgorithmFast4$new" 
"attributes" "pmin" "compute_pi" "g" "cache" "fn" "<Anonymous>" ".External2" "optim" "private$gmm" "self$WangShaoKim2014" "initialize" "EBMRAlgorithmFast4$new" 
"nrow" "solve" "W" "doTryCatch" "tryCatchOne" "tryCatchList" "tryCatch" "conv_grad" "private$gmm" "self$WangShaoKim2014" "initialize" "EBMRAlgorithmFast4$new" 
"vapply" "pmin" "compute_pi" "as.vector" "Gamma_direct" "gr" "<Anonymous>" ".External2" "optim" "private$gmm" "self$WangShaoKim2014" "initialize" "EBMRAlgorithmFast4$new" 
"vapply" "pmin" "compute_pi" "as.vector" "Gamma_direct" "gr" "<Anonymous>" ".External2" "optim" "private$gmm" "self$WangShaoKim2014" "initialize" "EBMRAlgorithmFast4$new" 
"vapply" "pmin" "compute_pi" "as.vector" "Gamma_direct" "gr" "<Anonymous>" ".External2" "optim" "private$gmm" "self$WangShaoKim2014" "initialize" "EBMRAlgorithmFast4$new" 
"vapply" "pmin" "compute_pi" "as.vector" "Gamma_direct" "gr" "<Anonymous>" ".External2" "optim" "private$gmm" "self$WangShaoKim2014" "initialize" "EBMRAlgorithmFast4$new" 
"vapply" "pmin" "compute_pi" "as.vector" "Gamma_direct" "gr" "<Anonymous>" ".External2" "optim" "private$gmm" "self$WangShaoKim2014" "initialize" "EBMRAlgorithmFast4$new" 
"crossprod" "Gamma_direct" "gr" "<Anonymous>" ".External2" "optim" "private$gmm" "self$WangShaoKim2014" "initialize" "EBMRAlgorithmFast4$new" 
"crossprod" "Gamma_direct" "gr" "<Anonymous>" ".External2" "optim" "private$gmm" "self$WangShaoKim2014" "initialize" "EBMRAlgorithmFast4$new" 
"crossprod" "Gamma_direct" "gr" "<Anonymous>" ".External2" "optim" "private$gmm" "self$WangShaoKim2014" "initialize" "EBMRAlgorithmFast4$new" 
"as.vector" "g" "cache" "fn" "<Anonymous>" ".External2" "optim" "private$gmm" "self$WangShaoKim2014" "initialize" "EBMRAlgorithmFast4$new" 
"pmin" "compute_pi" "g" "cache" "fn" "<Anonymous>" ".External2" "optim" "private$gmm" "self$WangShaoKim2014" "initialize" "EBMRAlgorithmFast4$new" 
"exp" "compute_pi" "as.vector" "Gamma_direct" "gr" "<Anonymous>" ".External2" "optim" "private$gmm" "self$WangShaoKim2014" "initialize" "EBMRAlgorithmFast4$new" 
"crossprod" "Gamma_direct" "gr" "<Anonymous>" ".External2" "optim" "private$gmm" "self$WangShaoKim2014" "initialize" "EBMRAlgorithmFast4$new" 
"%*%" "solve" "W" "doTryCatch" "tryCatchOne" "tryCatchList" "tryCatch" "private$gmm" "self$WangShaoKim2014" "initialize" "EBMRAlgorithmFast4$new" 
"exp" "compute_pi" "as.vector" "Gamma_direct" "gr" "<Anonymous>" ".External2" "optim" "private$gmm" "self$WangShaoKim2014" "initialize" "EBMRAlgorithmFast4$new" 
"exp" "compute_pi" "g" "cache" "fn" "<Anonymous>" ".External2" "optim" "private$gmm" "self$WangShaoKim2014" "initialize" "EBMRAlgorithmFast4$new" 
"exp" "compute_pi" "g" "cache" "fn" "<Anonymous>" ".External2" "optim" "private$gmm" "self$WangShaoKim2014" "initialize" "EBMRAlgorithmFast4$new" 
"exp" "compute_pi" "g" "cache" "fn" "<Anonymous>" ".External2" "optim" "private$gmm" "self$WangShaoKim2014" "initialize" "EBMRAlgorithmFast4$new" 
"exp" "compute_pi" "g" "cache" "fn" "<Anonymous>" ".External2" "optim" "private$gmm" "self$WangShaoKim2014" "initialize" "EBMRAlgorithmFast4$new" 
"exp" "compute_pi" "g" "cache" "fn" "<Anonymous>" ".External2" "optim" "private$gmm" "self$WangShaoKim2014" "initialize" "EBMRAlgorithmFast4$new" 
"exp" "compute_pi" "g" "cache" "fn" "<Anonymous>" ".External2" "optim" "private$gmm" "self$WangShaoKim2014" "initialize" "EBMRAlgorithmFast4$new" 
"pmax" "pmin" "compute_pi" "g" "cache" "fn" "<Anonymous>" ".External2" "optim" "private$gmm" "self$WangShaoKim2014" "initialize" "EBMRAlgorithmFast4$new" 
"pmax" "pmin" "compute_pi" "g" "cache" "fn" "<Anonymous>" ".External2" "optim" "private$gmm" "self$WangShaoKim2014" "initialize" "EBMRAlgorithmFast4$new" 
"pmax" "pmin" "compute_pi" "g" "cache" "fn" "<Anonymous>" ".External2" "optim" "private$gmm" "self$WangShaoKim2014" "initialize" "EBMRAlgorithmFast4$new" 
"pmax" "pmin" "compute_pi" "g" "cache" "fn" "<Anonymous>" ".External2" "optim" "private$gmm" "self$WangShaoKim2014" "initialize" "EBMRAlgorithmFast4$new" 
"*" "Gamma_direct" "gr" "<Anonymous>" ".External2" "optim" "private$gmm" "self$WangShaoKim2014" "initialize" "EBMRAlgorithmFast4$new" 
"*" "Gamma_direct" "gr" "<Anonymous>" ".External2" "optim" "private$gmm" "self$WangShaoKim2014" "initialize" "EBMRAlgorithmFast4$new" 
"*" "Gamma_direct" "gr" "<Anonymous>" ".External2" "optim" "private$gmm" "self$WangShaoKim2014" "initialize" "EBMRAlgorithmFast4$new" 
"*" "Gamma_direct" "gr" "<Anonymous>" ".External2" "optim" "private$gmm" "self$WangShaoKim2014" "initialize" "EBMRAlgorithmFast4$new" 
"*" "Gamma_direct" "gr" "<Anonymous>" ".External2" "optim" "private$gmm" "self$WangShaoKim2014" "initialize" "EBMRAlgorithmFast4$new" 
"*" "Gamma_direct" "gr" "<Anonymous>" ".External2" "optim" "private$gmm" "self$WangShaoKim2014" "initialize" "EBMRAlgorithmFast4$new" 
"*" "Gamma_direct" "gr" "<Anonymous>" ".External2" "optim" "private$gmm" "self$WangShaoKim2014" "initialize" "EBMRAlgorithmFast4$new" 
"*" "Gamma_direct" "gr" "<Anonymous>" ".External2" "optim" "private$gmm" "self$WangShaoKim2014" "initialize" "EBMRAlgorithmFast4$new" 
"*" "Gamma_direct" "gr" "<Anonymous>" ".External2" "optim" "private$gmm" "self$WangShaoKim2014" "initialize" "EBMRAlgorithmFast4$new" 
"*" "Gamma_direct" "gr" "<Anonymous>" ".External2" "optim" "private$gmm" "self$WangShaoKim2014" "initialize" "EBMRAlgorithmFast4$new" 
"*" "Gamma_direct" "gr" "<Anonymous>" ".External2" "optim" "private$gmm" "self$WangShaoKim2014" "initialize" "EBMRAlgorithmFast4$new" 
"*" "Gamma_direct" "gr" "<Anonymous>" ".External2" "optim" "private$gmm" "self$WangShaoKim2014" "initialize" "EBMRAlgorithmFast4$new" 
"*" "Gamma_direct" "gr" "<Anonymous>" ".External2" "optim" "private$gmm" "self$WangShaoKim2014" "initialize" "EBMRAlgorithmFast4$new" 
"*" "Gamma_direct" "gr" "<Anonymous>" ".External2" "optim" "private$gmm" "self$WangShaoKim2014" "initialize" "EBMRAlgorithmFast4$new" 
"pmin" "compute_pi" "as.vector" "Gamma_direct" "gr" "<Anonymous>" ".External2" "optim" "private$gmm" "self$WangShaoKim2014" "initialize" "EBMRAlgorithmFast4$new" 
"pmin" "compute_pi" "as.vector" "Gamma_direct" "gr" "<Anonymous>" ".External2" "optim" "private$gmm" "self$WangShaoKim2014" "initialize" "EBMRAlgorithmFast4$new" 
"pmin" "compute_pi" "as.vector" "Gamma_direct" "gr" "<Anonymous>" ".External2" "optim" "private$gmm" "self$WangShaoKim2014" "initialize" "EBMRAlgorithmFast4$new" 
"vapply" "pmin" "compute_pi" "g" "cache" "fn" "<Anonymous>" ".External2" "optim" "private$gmm" "self$WangShaoKim2014" "initialize" "EBMRAlgorithmFast4$new" 
"vapply" "pmin" "compute_pi" "g" "cache" "fn" "<Anonymous>" ".External2" "optim" "private$gmm" "self$WangShaoKim2014" "initialize" "EBMRAlgorithmFast4$new" 
"vapply" "pmin" "compute_pi" "g" "cache" "fn" "<Anonymous>" ".External2" "optim" "private$gmm" "self$WangShaoKim2014" "initialize" "EBMRAlgorithmFast4$new" 
"%*%" "solve" "W" "doTryCatch" "tryCatchOne" "tryCatchList" "tryCatch" "conv_grad" "private$gmm" "self$WangShaoKim2014" "initialize" "EBMRAlgorithmFast4$new" 
"%*%" "solve" "W" "doTryCatch" "tryCatchOne" "tryCatchList" "tryCatch" "conv_grad" "private$gmm" "self$WangShaoKim2014" "initialize" "EBMRAlgorithmFast4$new" 
"%*%" "solve" "W" "doTryCatch" "tryCatchOne" "tryCatchList" "tryCatch" "conv_grad" "private$gmm" "self$WangShaoKim2014" "initialize" "EBMRAlgorithmFast4$new" 
"exp" "compute_pi" "as.vector" "Gamma_direct" "gr" "<Anonymous>" ".External2" "optim" "private$gmm" "self$WangShaoKim2014" "initialize" "EBMRAlgorithmFast4$new" 
"exp" "compute_pi" "as.vector" "Gamma_direct" "gr" "<Anonymous>" ".External2" "optim" "private$gmm" "self$WangShaoKim2014" "initialize" "EBMRAlgorithmFast4$new" 
"exp" "compute_pi" "as.vector" "Gamma_direct" "gr" "<Anonymous>" ".External2" "optim" "private$gmm" "self$WangShaoKim2014" "initialize" "EBMRAlgorithmFast4$new" 
"exp" "compute_pi" "as.vector" "Gamma_direct" "gr" "<Anonymous>" ".External2" "optim" "private$gmm" "self$WangShaoKim2014" "initialize" "EBMRAlgorithmFast4$new" 
"exp" "compute_pi" "as.vector" "Gamma_direct" "gr" "<Anonymous>" ".External2" "optim" "private$gmm" "self$WangShaoKim2014" "initialize" "EBMRAlgorithmFast4$new" 
"exp" "compute_pi" "as.vector" "Gamma_direct" "gr" "<Anonymous>" ".External2" "optim" "private$gmm" "self$WangShaoKim2014" "initialize" "EBMRAlgorithmFast4$new" 
"exp" "compute_pi" "as.vector" "Gamma_direct" "gr" "<Anonymous>" ".External2" "optim" "private$gmm" "self$WangShaoKim2014" "initialize" "EBMRAlgorithmFast4$new" 
"exp" "compute_pi" "as.vector" "Gamma_direct" "gr" "<Anonymous>" ".External2" "optim" "private$gmm" "self$WangShaoKim2014" "initialize" "EBMRAlgorithmFast4$new" 
"exp" "compute_pi" "as.vector" "Gamma_direct" "gr" "<Anonymous>" ".External2" "optim" "private$gmm" "self$WangShaoKim2014" "initialize" "EBMRAlgorithmFast4$new" 
"pmax" "pmin" "compute_pi" "g" "cache" "fn" "<Anonymous>" ".External2" "optim" "private$gmm" "self$WangShaoKim2014" "initialize" "EBMRAlgorithmFast4$new" 
"pmax" "pmin" "compute_pi" "g" "cache" "fn" "<Anonymous>" ".External2" "optim" "private$gmm" "self$WangShaoKim2014" "initialize" "EBMRAlgorithmFast4$new" 
"pmax" "pmin" "compute_pi" "g" "cache" "fn" "<Anonymous>" ".External2" "optim" "private$gmm" "self$WangShaoKim2014" "initialize" "EBMRAlgorithmFast4$new" 
"pmax" "pmin" "compute_pi" "g" "cache" "fn" "<Anonymous>" ".External2" "optim" "private$gmm" "self$WangShaoKim2014" "initialize" "EBMRAlgorithmFast4$new" 
"exp" "compute_pi" "g" "cache" "fn" "<Anonymous>" ".External2" "optim" "private$gmm" "self$WangShaoKim2014" "initialize" "EBMRAlgorithmFast4$new" 
"exp" "compute_pi" "g" "cache" "fn" "<Anonymous>" ".External2" "optim" "private$gmm" "self$WangShaoKim2014" "initialize" "EBMRAlgorithmFast4$new" 
"vapply" "pmax" "pmin" "compute_pi" "g" "cache" "fn" "<Anonymous>" ".External2" "optim" "private$gmm" "self$WangShaoKim2014" "initialize" "EBMRAlgorithmFast4$new" 
"vapply" "pmax" "pmin" "compute_pi" "g" "cache" "fn" "<Anonymous>" ".External2" "optim" "private$gmm" "self$WangShaoKim2014" "initialize" "EBMRAlgorithmFast4$new" 
"vapply" "pmax" "pmin" "compute_pi" "g" "cache" "fn" "<Anonymous>" ".External2" "optim" "private$gmm" "self$WangShaoKim2014" "initialize" "EBMRAlgorithmFast4$new" 
"doTryCatch" "tryCatchOne" "tryCatchList" "tryCatch" "private$gmm" "self$WangShaoKim2014" "initialize" "EBMRAlgorithmFast4$new" 
"doTryCatch" "tryCatchOne" "tryCatchList" "tryCatch" "private$gmm" "self$WangShaoKim2014" "initialize" "EBMRAlgorithmFast4$new" 
"doTryCatch" "tryCatchOne" "tryCatchList" "tryCatch" "private$gmm" "self$WangShaoKim2014" "initialize" "EBMRAlgorithmFast4$new" 
"doTryCatch" "tryCatchOne" "tryCatchList" "tryCatch" "private$gmm" "self$WangShaoKim2014" "initialize" "EBMRAlgorithmFast4$new" 
"pmax" "pmin" "compute_pi" "g" "cache" "fn" "<Anonymous>" ".External2" "optim" "private$gmm" "self$WangShaoKim2014" "initialize" "EBMRAlgorithmFast4$new" 
"pmax" "pmin" "compute_pi" "g" "cache" "fn" "<Anonymous>" ".External2" "optim" "private$gmm" "self$WangShaoKim2014" "initialize" "EBMRAlgorithmFast4$new" 
"pmax" "pmin" "compute_pi" "g" "cache" "fn" "<Anonymous>" ".External2" "optim" "private$gmm" "self$WangShaoKim2014" "initialize" "EBMRAlgorithmFast4$new" 
"pmax" "pmin" "compute_pi" "g" "cache" "fn" "<Anonymous>" ".External2" "optim" "private$gmm" "self$WangShaoKim2014" "initialize" "EBMRAlgorithmFast4$new" 
"pmax" "pmin" "compute_pi" "g" "cache" "fn" "<Anonymous>" ".External2" "optim" "private$gmm" "self$WangShaoKim2014" "initialize" "EBMRAlgorithmFast4$new" 
"pmax" "pmin" "compute_pi" "g" "cache" "fn" "<Anonymous>" ".External2" "optim" "private$gmm" "self$WangShaoKim2014" "initialize" "EBMRAlgorithmFast4$new" 
"pmax" "pmin" "compute_pi" "g" "cache" "fn" "<Anonymous>" ".External2" "optim" "private$gmm" "self$WangShaoKim2014" "initialize" "EBMRAlgorithmFast4$new" 
"exp" "compute_pi" "as.vector" "Gamma_direct" "gr" "<Anonymous>" ".External2" "optim" "private$gmm" "self$WangShaoKim2014" "initialize" "EBMRAlgorithmFast4$new" 
"exp" "compute_pi" "as.vector" "Gamma_direct" "gr" "<Anonymous>" ".External2" "optim" "private$gmm" "self$WangShaoKim2014" "initialize" "EBMRAlgorithmFast4$new" 
"exp" "compute_pi" "as.vector" "Gamma_direct" "gr" "<Anonymous>" ".External2" "optim" "private$gmm" "self$WangShaoKim2014" "initialize" "EBMRAlgorithmFast4$new" 
"exp" "compute_pi" "as.vector" "Gamma_direct" "gr" "<Anonymous>" ".External2" "optim" "private$gmm" "self$WangShaoKim2014" "initialize" "EBMRAlgorithmFast4$new" 
"g" "cache" "fn" "<Anonymous>" ".External2" "optim" "private$gmm" "self$WangShaoKim2014" "initialize" "EBMRAlgorithmFast4$new" 
"g" "cache" "fn" "<Anonymous>" ".External2" "optim" "private$gmm" "self$WangShaoKim2014" "initialize" "EBMRAlgorithmFast4$new" 
"g" "cache" "fn" "<Anonymous>" ".External2" "optim" "private$gmm" "self$WangShaoKim2014" "initialize" "EBMRAlgorithmFast4$new" 
"%*%" "solve" "W" "doTryCatch" "tryCatchOne" "tryCatchList" "tryCatch" "conv_grad" "private$gmm" "self$WangShaoKim2014" "initialize" "EBMRAlgorithmFast4$new" 
"%*%" "solve" "W" "doTryCatch" "tryCatchOne" "tryCatchList" "tryCatch" "conv_grad" "private$gmm" "self$WangShaoKim2014" "initialize" "EBMRAlgorithmFast4$new" 
"%*%" "solve" "W" "doTryCatch" "tryCatchOne" "tryCatchList" "tryCatch" "conv_grad" "private$gmm" "self$WangShaoKim2014" "initialize" "EBMRAlgorithmFast4$new" 
"%*%" "solve" "W" "doTryCatch" "tryCatchOne" "tryCatchList" "tryCatch" "conv_grad" "private$gmm" "self$WangShaoKim2014" "initialize" "EBMRAlgorithmFast4$new" 
"%*%" "solve" "W" "doTryCatch" "tryCatchOne" "tryCatchList" "tryCatch" "conv_grad" "private$gmm" "self$WangShaoKim2014" "initialize" "EBMRAlgorithmFast4$new" 
"mostattributes<-" "pmax" "pmin" "compute_pi" "as.vector" "Gamma_direct" "gr" "<Anonymous>" ".External2" "optim" "private$gmm" "self$WangShaoKim2014" "initialize" "EBMRAlgorithmFast4$new" 
"exp" "compute_pi" "as.vector" "Gamma_direct" "gr" "<Anonymous>" ".External2" "optim" "private$gmm" "self$WangShaoKim2014" "initialize" "EBMRAlgorithmFast4$new" 
"exp" "compute_pi" "as.vector" "Gamma_direct" "gr" "<Anonymous>" ".External2" "optim" "private$gmm" "self$WangShaoKim2014" "initialize" "EBMRAlgorithmFast4$new" 
"exp" "compute_pi" "as.vector" "Gamma_direct" "gr" "<Anonymous>" ".External2" "optim" "private$gmm" "self$WangShaoKim2014" "initialize" "EBMRAlgorithmFast4$new" 
"exp" "compute_pi" "as.vector" "Gamma_direct" "gr" "<Anonymous>" ".External2" "optim" "private$gmm" "self$WangShaoKim2014" "initialize" "EBMRAlgorithmFast4$new" 
"match.fun" "vapply" "pmin" "compute_pi" "g" "conv_grad" "private$gmm" "self$WangShaoKim2014" "initialize" "EBMRAlgorithmFast4$new" 
"match.fun" "vapply" "pmin" "compute_pi" "g" "conv_grad" "private$gmm" "self$WangShaoKim2014" "initialize" "EBMRAlgorithmFast4$new" 
"match.fun" "vapply" "pmin" "compute_pi" "g" "conv_grad" "private$gmm" "self$WangShaoKim2014" "initialize" "EBMRAlgorithmFast4$new" 
"match.fun" "vapply" "pmin" "compute_pi" "g" "conv_grad" "private$gmm" "self$WangShaoKim2014" "initialize" "EBMRAlgorithmFast4$new" 
"match.fun" "vapply" "pmin" "compute_pi" "g" "conv_grad" "private$gmm" "self$WangShaoKim2014" "initialize" "EBMRAlgorithmFast4$new" 
"solve.default" "solve" "W" "doTryCatch" "tryCatchOne" "tryCatchList" "tryCatch" "private$gmm" "self$WangShaoKim2014" "initialize" "EBMRAlgorithmFast4$new" 
"%*%" "g" "cache" "fn" "<Anonymous>" ".External2" "optim" "private$gmm" "self$WangShaoKim2014" "initialize" "EBMRAlgorithmFast4$new" 
"%*%" "g" "cache" "fn" "<Anonymous>" ".External2" "optim" "private$gmm" "self$WangShaoKim2014" "initialize" "EBMRAlgorithmFast4$new" 
"%*%" "g" "cache" "fn" "<Anonymous>" ".External2" "optim" "private$gmm" "self$WangShaoKim2014" "initialize" "EBMRAlgorithmFast4$new" 
"%*%" "g" "cache" "fn" "<Anonymous>" ".External2" "optim" "private$gmm" "self$WangShaoKim2014" "initialize" "EBMRAlgorithmFast4$new" 
"%*%" "g" "cache" "fn" "<Anonymous>" ".External2" "optim" "private$gmm" "self$WangShaoKim2014" "initialize" "EBMRAlgorithmFast4$new" 
"%*%" "g" "cache" "fn" "<Anonymous>" ".External2" "optim" "private$gmm" "self$WangShaoKim2014" "initialize" "EBMRAlgorithmFast4$new" 
"*" "g" "conv_grad" "private$gmm" "self$WangShaoKim2014" "initialize" "EBMRAlgorithmFast4$new" 
"*" "g" "conv_grad" "private$gmm" "self$WangShaoKim2014" "initialize" "EBMRAlgorithmFast4$new" 
"*" "g" "conv_grad" "private$gmm" "self$WangShaoKim2014" "initialize" "EBMRAlgorithmFast4$new" 
"*" "g" "conv_grad" "private$gmm" "self$WangShaoKim2014" "initialize" "EBMRAlgorithmFast4$new" 
"*" "g" "conv_grad" "private$gmm" "self$WangShaoKim2014" "initialize" "EBMRAlgorithmFast4$new" 
"*" "g" "conv_grad" "private$gmm" "self$WangShaoKim2014" "initialize" "EBMRAlgorithmFast4$new" 
"*" "g" "conv_grad" "private$gmm" "self$WangShaoKim2014" "initialize" "EBMRAlgorithmFast4$new" 
"exp" "compute_pi" "as.vector" "Gamma_direct" "gr" "<Anonymous>" ".External2" "optim" "private$gmm" "self$WangShaoKim2014" "initialize" "EBMRAlgorithmFast4$new" 
"exp" "compute_pi" "as.vector" "Gamma_direct" "gr" "<Anonymous>" ".External2" "optim" "private$gmm" "self$WangShaoKim2014" "initialize" "EBMRAlgorithmFast4$new" 
"exp" "compute_pi" "as.vector" "Gamma_direct" "gr" "<Anonymous>" ".External2" "optim" "private$gmm" "self$WangShaoKim2014" "initialize" "EBMRAlgorithmFast4$new" 
"t.default" "t" "solve" "W" "doTryCatch" "tryCatchOne" "tryCatchList" "tryCatch" "private$gmm" "self$WangShaoKim2014" "initialize" "EBMRAlgorithmFast4$new" 
"t.default" "t" "solve" "W" "doTryCatch" "tryCatchOne" "tryCatchList" "tryCatch" "private$gmm" "self$WangShaoKim2014" "initialize" "EBMRAlgorithmFast4$new" 
"t.default" "t" "solve" "W" "doTryCatch" "tryCatchOne" "tryCatchList" "tryCatch" "private$gmm" "self$WangShaoKim2014" "initialize" "EBMRAlgorithmFast4$new" 
"t.default" "t" "solve" "W" "doTryCatch" "tryCatchOne" "tryCatchList" "tryCatch" "private$gmm" "self$WangShaoKim2014" "initialize" "EBMRAlgorithmFast4$new" 
"t.default" "t" "solve" "W" "doTryCatch" "tryCatchOne" "tryCatchList" "tryCatch" "private$gmm" "self$WangShaoKim2014" "initialize" "EBMRAlgorithmFast4$new" 
"solve.default" "solve" "W" "doTryCatch" "tryCatchOne" "tryCatchList" "tryCatch" "conv_grad" "private$gmm" "self$WangShaoKim2014" "initialize" "EBMRAlgorithmFast4$new" 
"solve.default" "solve" "W" "doTryCatch" "tryCatchOne" "tryCatchList" "tryCatch" "conv_grad" "private$gmm" "self$WangShaoKim2014" "initialize" "EBMRAlgorithmFast4$new" 
"solve.default" "solve" "W" "doTryCatch" "tryCatchOne" "tryCatchList" "tryCatch" "conv_grad" "private$gmm" "self$WangShaoKim2014" "initialize" "EBMRAlgorithmFast4$new" 
"solve.default" "solve" "W" "doTryCatch" "tryCatchOne" "tryCatchList" "tryCatch" "conv_grad" "private$gmm" "self$WangShaoKim2014" "initialize" "EBMRAlgorithmFast4$new" 
"solve.default" "solve" "W" "doTryCatch" "tryCatchOne" "tryCatchList" "tryCatch" "conv_grad" "private$gmm" "self$WangShaoKim2014" "initialize" "EBMRAlgorithmFast4$new" 
"solve.default" "solve" "W" "doTryCatch" "tryCatchOne" "tryCatchList" "tryCatch" "conv_grad" "private$gmm" "self$WangShaoKim2014" "initialize" "EBMRAlgorithmFast4$new" 
"solve.default" "solve" "W" "doTryCatch" "tryCatchOne" "tryCatchList" "tryCatch" "conv_grad" "private$gmm" "self$WangShaoKim2014" "initialize" "EBMRAlgorithmFast4$new" 
"*" "Gamma_direct" "gr" "<Anonymous>" ".External2" "optim" "private$gmm" "self$WangShaoKim2014" "initialize" "EBMRAlgorithmFast4$new" 
"*" "Gamma_direct" "gr" "<Anonymous>" ".External2" "optim" "private$gmm" "self$WangShaoKim2014" "initialize" "EBMRAlgorithmFast4$new" 
"*" "Gamma_direct" "gr" "<Anonymous>" ".External2" "optim" "private$gmm" "self$WangShaoKim2014" "initialize" "EBMRAlgorithmFast4$new" 
"*" "Gamma_direct" "gr" "<Anonymous>" ".External2" "optim" "private$gmm" "self$WangShaoKim2014" "initialize" "EBMRAlgorithmFast4$new" 
"*" "Gamma_direct" "gr" "<Anonymous>" ".External2" "optim" "private$gmm" "self$WangShaoKim2014" "initialize" "EBMRAlgorithmFast4$new" 
"*" "Gamma_direct" "gr" "<Anonymous>" ".External2" "optim" "private$gmm" "self$WangShaoKim2014" "initialize" "EBMRAlgorithmFast4$new" 
"*" "Gamma_direct" "gr" "<Anonymous>" ".External2" "optim" "private$gmm" "self$WangShaoKim2014" "initialize" "EBMRAlgorithmFast4$new" 
"*" "Gamma_direct" "gr" "<Anonymous>" ".External2" "optim" "private$gmm" "self$WangShaoKim2014" "initialize" "EBMRAlgorithmFast4$new" 
"*" "Gamma_direct" "gr" "<Anonymous>" ".External2" "optim" "private$gmm" "self$WangShaoKim2014" "initialize" "EBMRAlgorithmFast4$new" 
"crossprod" "Gamma_direct" "gr" "<Anonymous>" ".External2" "optim" "private$gmm" "self$WangShaoKim2014" "initialize" "EBMRAlgorithmFast4$new" 
"crossprod" "Gamma_direct" "gr" "<Anonymous>" ".External2" "optim" "private$gmm" "self$WangShaoKim2014" "initialize" "EBMRAlgorithmFast4$new" 
"pmax" "pmin" "compute_pi" "as.vector" "Gamma_direct" "gr" "<Anonymous>" ".External2" "optim" "private$gmm" "self$WangShaoKim2014" "initialize" "EBMRAlgorithmFast4$new" 
"pmax" "pmin" "compute_pi" "as.vector" "Gamma_direct" "gr" "<Anonymous>" ".External2" "optim" "private$gmm" "self$WangShaoKim2014" "initialize" "EBMRAlgorithmFast4$new" 
"pmax" "pmin" "compute_pi" "as.vector" "Gamma_direct" "gr" "<Anonymous>" ".External2" "optim" "private$gmm" "self$WangShaoKim2014" "initialize" "EBMRAlgorithmFast4$new" 
"t.default" "t" "solve" "W" "doTryCatch" "tryCatchOne" "tryCatchList" "tryCatch" "private$gmm" "self$WangShaoKim2014" "initialize" "EBMRAlgorithmFast4$new" 
"t.default" "t" "solve" "W" "doTryCatch" "tryCatchOne" "tryCatchList" "tryCatch" "private$gmm" "self$WangShaoKim2014" "initialize" "EBMRAlgorithmFast4$new" 
"t.default" "t" "solve" "W" "doTryCatch" "tryCatchOne" "tryCatchList" "tryCatch" "private$gmm" "self$WangShaoKim2014" "initialize" "EBMRAlgorithmFast4$new" 
"*" "Gamma_direct" "conv_grad" "private$gmm" "self$WangShaoKim2014" "initialize" "EBMRAlgorithmFast4$new" 
"*" "Gamma_direct" "conv_grad" "private$gmm" "self$WangShaoKim2014" "initialize" "EBMRAlgorithmFast4$new" 
"*" "Gamma_direct" "conv_grad" "private$gmm" "self$WangShaoKim2014" "initialize" "EBMRAlgorithmFast4$new" 
"*" "Gamma_direct" "conv_grad" "private$gmm" "self$WangShaoKim2014" "initialize" "EBMRAlgorithmFast4$new" 
"*" "g" "cache" "fn" "<Anonymous>" ".External2" "optim" "private$gmm" "self$WangShaoKim2014" "initialize" "EBMRAlgorithmFast4$new" 
"*" "g" "cache" "fn" "<Anonymous>" ".External2" "optim" "private$gmm" "self$WangShaoKim2014" "initialize" "EBMRAlgorithmFast4$new" 
"*" "g" "cache" "fn" "<Anonymous>" ".External2" "optim" "private$gmm" "self$WangShaoKim2014" "initialize" "EBMRAlgorithmFast4$new" 
"*" "g" "cache" "fn" "<Anonymous>" ".External2" "optim" "private$gmm" "self$WangShaoKim2014" "initialize" "EBMRAlgorithmFast4$new" 
"*" "g" "conv_grad" "private$gmm" "self$WangShaoKim2014" "initialize" "EBMRAlgorithmFast4$new" 
"*" "g" "conv_grad" "private$gmm" "self$WangShaoKim2014" "initialize" "EBMRAlgorithmFast4$new" 
"as.vector" "Gamma_direct" "conv_grad" "private$gmm" "self$WangShaoKim2014" "initialize" "EBMRAlgorithmFast4$new" 
"as.vector" "Gamma_direct" "conv_grad" "private$gmm" "self$WangShaoKim2014" "initialize" "EBMRAlgorithmFast4$new" 
"as.vector" "Gamma_direct" "conv_grad" "private$gmm" "self$WangShaoKim2014" "initialize" "EBMRAlgorithmFast4$new" 
"as.vector" "Gamma_direct" "conv_grad" "private$gmm" "self$WangShaoKim2014" "initialize" "EBMRAlgorithmFast4$new" 
"pmin" "compute_pi" "g" "cache" "fn" "<Anonymous>" ".External2" "optim" "private$gmm" "self$WangShaoKim2014" "initialize" "EBMRAlgorithmFast4$new" 
"pmin" "compute_pi" "g" "cache" "fn" "<Anonymous>" ".External2" "optim" "private$gmm" "self$WangShaoKim2014" "initialize" "EBMRAlgorithmFast4$new" 
"exp" "compute_pi" "as.vector" "Gamma_direct" "gr" "<Anonymous>" ".External2" "optim" "private$gmm" "self$WangShaoKim2014" "initialize" "EBMRAlgorithmFast4$new" 
"exp" "compute_pi" "as.vector" "Gamma_direct" "gr" "<Anonymous>" ".External2" "optim" "private$gmm" "self$WangShaoKim2014" "initialize" "EBMRAlgorithmFast4$new" 
"exp" "compute_pi" "as.vector" "Gamma_direct" "gr" "<Anonymous>" ".External2" "optim" "private$gmm" "self$WangShaoKim2014" "initialize" "EBMRAlgorithmFast4$new" 
"solve.default" "solve" "W" "doTryCatch" "tryCatchOne" "tryCatchList" "tryCatch" "private$gmm" "self$WangShaoKim2014" "initialize" "EBMRAlgorithmFast4$new" 
"solve.default" "solve" "W" "doTryCatch" "tryCatchOne" "tryCatchList" "tryCatch" "private$gmm" "self$WangShaoKim2014" "initialize" "EBMRAlgorithmFast4$new" 
"solve.default" "solve" "W" "doTryCatch" "tryCatchOne" "tryCatchList" "tryCatch" "private$gmm" "self$WangShaoKim2014" "initialize" "EBMRAlgorithmFast4$new" 
"solve.default" "solve" "W" "doTryCatch" "tryCatchOne" "tryCatchList" "tryCatch" "private$gmm" "self$WangShaoKim2014" "initialize" "EBMRAlgorithmFast4$new" 
"exp" "compute_pi" "g" "cache" "fn" "<Anonymous>" ".External2" "optim" "private$gmm" "self$WangShaoKim2014" "initialize" "EBMRAlgorithmFast4$new" 
"exp" "compute_pi" "g" "cache" "fn" "<Anonymous>" ".External2" "optim" "private$gmm" "self$WangShaoKim2014" "initialize" "EBMRAlgorithmFast4$new" 
"exp" "compute_pi" "g" "cache" "fn" "<Anonymous>" ".External2" "optim" "private$gmm" "self$WangShaoKim2014" "initialize" "EBMRAlgorithmFast4$new" 
"exp" "compute_pi" "g" "cache" "fn" "<Anonymous>" ".External2" "optim" "private$gmm" "self$WangShaoKim2014" "initialize" "EBMRAlgorithmFast4$new" 
"exp" "compute_pi" "as.vector" "Gamma_direct" "gr" "<Anonymous>" ".External2" "optim" "private$gmm" "self$WangShaoKim2014" "initialize" "EBMRAlgorithmFast4$new" 
"t.default" "t" "solve" "W" "doTryCatch" "tryCatchOne" "tryCatchList" "tryCatch" "func" "genD.default" "genD" "hessian.default" "hessian" "doTryCatch" "tryCatchOne" "tryCatchList" "tryCatch" "private$gmm" "self$WangShaoKim2014" "initialize" "EBMRAlgorithmFast4$new" 
"t.default" "t" "solve" "W" "doTryCatch" "tryCatchOne" "tryCatchList" "tryCatch" "func" "genD.default" "genD" "hessian.default" "hessian" "doTryCatch" "tryCatchOne" "tryCatchList" "tryCatch" "private$gmm" "self$WangShaoKim2014" "initialize" "EBMRAlgorithmFast4$new" 
"exp" "compute_pi" "g" "func" "genD.default" "genD" "hessian.default" "hessian" "doTryCatch" "tryCatchOne" "tryCatchList" "tryCatch" "private$gmm" "self$WangShaoKim2014" "initialize" "EBMRAlgorithmFast4$new" 
"exp" "compute_pi" "g" "func" "genD.default" "genD" "hessian.default" "hessian" "doTryCatch" "tryCatchOne" "tryCatchList" "tryCatch" "private$gmm" "self$WangShaoKim2014" "initialize" "EBMRAlgorithmFast4$new" 
"pmin" "compute_pi" "g" "func" "genD.default" "genD" "hessian.default" "hessian" "doTryCatch" "tryCatchOne" "tryCatchList" "tryCatch" "private$gmm" "self$WangShaoKim2014" "initialize" "EBMRAlgorithmFast4$new" 
"exp" "compute_pi" "g" "func" "genD.default" "genD" "hessian.default" "hessian" "doTryCatch" "tryCatchOne" "tryCatchList" "tryCatch" "private$gmm" "self$WangShaoKim2014" "initialize" "EBMRAlgorithmFast4$new" 
"exp" "compute_pi" "g" "func" "genD.default" "genD" "hessian.default" "hessian" "doTryCatch" "tryCatchOne" "tryCatchList" "tryCatch" "private$gmm" "self$WangShaoKim2014" "initialize" "EBMRAlgorithmFast4$new" 
"mostattributes<-" "pmax" "pmin" "compute_pi" "g" "func" "genD.default" "genD" "hessian.default" "hessian" "doTryCatch" "tryCatchOne" "tryCatchList" "tryCatch" "private$gmm" "self$WangShaoKim2014" "initialize" "EBMRAlgorithmFast4$new" 
"mostattributes<-" "pmax" "pmin" "compute_pi" "g" "func" "genD.default" "genD" "hessian.default" "hessian" "doTryCatch" "tryCatchOne" "tryCatchList" "tryCatch" "private$gmm" "self$WangShaoKim2014" "initialize" "EBMRAlgorithmFast4$new" 
".colMeans" "matrix" "func" "genD.default" "genD" "hessian.default" "hessian" "doTryCatch" "tryCatchOne" "tryCatchList" "tryCatch" "private$gmm" "self$WangShaoKim2014" "initialize" "EBMRAlgorithmFast4$new" 
".colMeans" "matrix" "func" "genD.default" "genD" "hessian.default" "hessian" "doTryCatch" "tryCatchOne" "tryCatchList" "tryCatch" "private$gmm" "self$WangShaoKim2014" "initialize" "EBMRAlgorithmFast4$new" 
".colMeans" "matrix" "func" "genD.default" "genD" "hessian.default" "hessian" "doTryCatch" "tryCatchOne" "tryCatchList" "tryCatch" "private$gmm" "self$WangShaoKim2014" "initialize" "EBMRAlgorithmFast4$new" 
"mostattributes<-" "pmin" "compute_pi" "g" "func" "genD.default" "genD" "hessian.default" "hessian" "doTryCatch" "tryCatchOne" "tryCatchList" "tryCatch" "private$gmm" "self$WangShaoKim2014" "initialize" "EBMRAlgorithmFast4$new" 
"mostattributes<-" "pmin" "compute_pi" "g" "func" "genD.default" "genD" "hessian.default" "hessian" "doTryCatch" "tryCatchOne" "tryCatchList" "tryCatch" "private$gmm" "self$WangShaoKim2014" "initialize" "EBMRAlgorithmFast4$new" 
"exp" "compute_pi" "g" "func" "genD.default" "genD" "hessian.default" "hessian" "doTryCatch" "tryCatchOne" "tryCatchList" "tryCatch" "private$gmm" "self$WangShaoKim2014" "initialize" "EBMRAlgorithmFast4$new" 
"exp" "compute_pi" "g" "func" "genD.default" "genD" "hessian.default" "hessian" "doTryCatch" "tryCatchOne" "tryCatchList" "tryCatch" "private$gmm" "self$WangShaoKim2014" "initialize" "EBMRAlgorithmFast4$new" 
"exp" "compute_pi" "g" "func" "genD.default" "genD" "hessian.default" "hessian" "doTryCatch" "tryCatchOne" "tryCatchList" "tryCatch" "private$gmm" "self$WangShaoKim2014" "initialize" "EBMRAlgorithmFast4$new" 
"exp" "compute_pi" "g" "func" "genD.default" "genD" "hessian.default" "hessian" "doTryCatch" "tryCatchOne" "tryCatchList" "tryCatch" "private$gmm" "self$WangShaoKim2014" "initialize" "EBMRAlgorithmFast4$new" 
"t.default" "t" "solve" "W" "doTryCatch" "tryCatchOne" "tryCatchList" "tryCatch" "func" "genD.default" "genD" "hessian.default" "hessian" "doTryCatch" "tryCatchOne" "tryCatchList" "tryCatch" "private$gmm" "self$WangShaoKim2014" "initialize" "EBMRAlgorithmFast4$new" 
"t.default" "t" "solve" "W" "doTryCatch" "tryCatchOne" "tryCatchList" "tryCatch" "func" "genD.default" "genD" "hessian.default" "hessian" "doTryCatch" "tryCatchOne" "tryCatchList" "tryCatch" "private$gmm" "self$WangShaoKim2014" "initialize" "EBMRAlgorithmFast4$new" 
"t.default" "t" "solve" "W" "doTryCatch" "tryCatchOne" "tryCatchList" "tryCatch" "func" "genD.default" "genD" "hessian.default" "hessian" "doTryCatch" "tryCatchOne" "tryCatchList" "tryCatch" "private$gmm" "self$WangShaoKim2014" "initialize" "EBMRAlgorithmFast4$new" 
"t.default" "t" "solve" "W" "doTryCatch" "tryCatchOne" "tryCatchList" "tryCatch" "func" "genD.default" "genD" "hessian.default" "hessian" "doTryCatch" "tryCatchOne" "tryCatchList" "tryCatch" "private$gmm" "self$WangShaoKim2014" "initialize" "EBMRAlgorithmFast4$new" 
"t.default" "t" "solve" "W" "doTryCatch" "tryCatchOne" "tryCatchList" "tryCatch" "func" "genD.default" "genD" "hessian.default" "hessian" "doTryCatch" "tryCatchOne" "tryCatchList" "tryCatch" "private$gmm" "self$WangShaoKim2014" "initialize" "EBMRAlgorithmFast4$new" 
"as.vector" "g" "func" "genD.default" "genD" "hessian.default" "hessian" "doTryCatch" "tryCatchOne" "tryCatchList" "tryCatch" "private$gmm" "self$WangShaoKim2014" "initialize" "EBMRAlgorithmFast4$new" 
"as.vector" "g" "func" "genD.default" "genD" "hessian.default" "hessian" "doTryCatch" "tryCatchOne" "tryCatchList" "tryCatch" "private$gmm" "self$WangShaoKim2014" "initialize" "EBMRAlgorithmFast4$new" 
"as.vector" "g" "func" "genD.default" "genD" "hessian.default" "hessian" "doTryCatch" "tryCatchOne" "tryCatchList" "tryCatch" "private$gmm" "self$WangShaoKim2014" "initialize" "EBMRAlgorithmFast4$new" 
"as.vector" "g" "func" "genD.default" "genD" "hessian.default" "hessian" "doTryCatch" "tryCatchOne" "tryCatchList" "tryCatch" "private$gmm" "self$WangShaoKim2014" "initialize" "EBMRAlgorithmFast4$new" 
"as.vector" "g" "func" "genD.default" "genD" "hessian.default" "hessian" "doTryCatch" "tryCatchOne" "tryCatchList" "tryCatch" "private$gmm" "self$WangShaoKim2014" "initialize" "EBMRAlgorithmFast4$new" 
"*" "g" "func" "genD.default" "genD" "hessian.default" "hessian" "doTryCatch" "tryCatchOne" "tryCatchList" "tryCatch" "private$gmm" "self$WangShaoKim2014" "initialize" "EBMRAlgorithmFast4$new" 
"*" "g" "func" "genD.default" "genD" "hessian.default" "hessian" "doTryCatch" "tryCatchOne" "tryCatchList" "tryCatch" "private$gmm" "self$WangShaoKim2014" "initialize" "EBMRAlgorithmFast4$new" 
"*" "g" "func" "genD.default" "genD" "hessian.default" "hessian" "doTryCatch" "tryCatchOne" "tryCatchList" "tryCatch" "private$gmm" "self$WangShaoKim2014" "initialize" "EBMRAlgorithmFast4$new" 
"*" "g" "func" "genD.default" "genD" "hessian.default" "hessian" "doTryCatch" "tryCatchOne" "tryCatchList" "tryCatch" "private$gmm" "self$WangShaoKim2014" "initialize" "EBMRAlgorithmFast4$new" 
"*" "g" "func" "genD.default" "genD" "hessian.default" "hessian" "doTryCatch" "tryCatchOne" "tryCatchList" "tryCatch" "private$gmm" "self$WangShaoKim2014" "initialize" "EBMRAlgorithmFast4$new" 
"*" "g" "func" "genD.default" "genD" "hessian.default" "hessian" "doTryCatch" "tryCatchOne" "tryCatchList" "tryCatch" "private$gmm" "self$WangShaoKim2014" "initialize" "EBMRAlgorithmFast4$new" 
"*" "g" "func" "genD.default" "genD" "hessian.default" "hessian" "doTryCatch" "tryCatchOne" "tryCatchList" "tryCatch" "private$gmm" "self$WangShaoKim2014" "initialize" "EBMRAlgorithmFast4$new" 
"*" "g" "func" "genD.default" "genD" "hessian.default" "hessian" "doTryCatch" "tryCatchOne" "tryCatchList" "tryCatch" "private$gmm" "self$WangShaoKim2014" "initialize" "EBMRAlgorithmFast4$new" 
"*" "g" "func" "genD.default" "genD" "hessian.default" "hessian" "doTryCatch" "tryCatchOne" "tryCatchList" "tryCatch" "private$gmm" "self$WangShaoKim2014" "initialize" "EBMRAlgorithmFast4$new" 
"*" "g" "func" "genD.default" "genD" "hessian.default" "hessian" "doTryCatch" "tryCatchOne" "tryCatchList" "tryCatch" "private$gmm" "self$WangShaoKim2014" "initialize" "EBMRAlgorithmFast4$new" 
"*" "g" "func" "genD.default" "genD" "hessian.default" "hessian" "doTryCatch" "tryCatchOne" "tryCatchList" "tryCatch" "private$gmm" "self$WangShaoKim2014" "initialize" "EBMRAlgorithmFast4$new" 
"*" "g" "func" "genD.default" "genD" "hessian.default" "hessian" "doTryCatch" "tryCatchOne" "tryCatchList" "tryCatch" "private$gmm" "self$WangShaoKim2014" "initialize" "EBMRAlgorithmFast4$new" 
"exp" "compute_pi" "g" "func" "genD.default" "genD" "hessian.default" "hessian" "doTryCatch" "tryCatchOne" "tryCatchList" "tryCatch" "private$gmm" "self$WangShaoKim2014" "initialize" "EBMRAlgorithmFast4$new" 
"exp" "compute_pi" "g" "func" "genD.default" "genD" "hessian.default" "hessian" "doTryCatch" "tryCatchOne" "tryCatchList" "tryCatch" "private$gmm" "self$WangShaoKim2014" "initialize" "EBMRAlgorithmFast4$new" 
"exp" "compute_pi" "g" "func" "genD.default" "genD" "hessian.default" "hessian" "doTryCatch" "tryCatchOne" "tryCatchList" "tryCatch" "private$gmm" "self$WangShaoKim2014" "initialize" "EBMRAlgorithmFast4$new" 
"%*%" "solve" "W" "doTryCatch" "tryCatchOne" "tryCatchList" "tryCatch" "func" "genD.default" "genD" "hessian.default" "hessian" "doTryCatch" "tryCatchOne" "tryCatchList" "tryCatch" "private$gmm" "self$WangShaoKim2014" "initialize" "EBMRAlgorithmFast4$new" 
"%*%" "solve" "W" "doTryCatch" "tryCatchOne" "tryCatchList" "tryCatch" "func" "genD.default" "genD" "hessian.default" "hessian" "doTryCatch" "tryCatchOne" "tryCatchList" "tryCatch" "private$gmm" "self$WangShaoKim2014" "initialize" "EBMRAlgorithmFast4$new" 
"%*%" "solve" "W" "doTryCatch" "tryCatchOne" "tryCatchList" "tryCatch" "func" "genD.default" "genD" "hessian.default" "hessian" "doTryCatch" "tryCatchOne" "tryCatchList" "tryCatch" "private$gmm" "self$WangShaoKim2014" "initialize" "EBMRAlgorithmFast4$new" 
"solve.default" "solve" "W" "doTryCatch" "tryCatchOne" "tryCatchList" "tryCatch" "func" "genD.default" "genD" "hessian.default" "hessian" "doTryCatch" "tryCatchOne" "tryCatchList" "tryCatch" "private$gmm" "self$WangShaoKim2014" "initialize" "EBMRAlgorithmFast4$new" 
"solve.default" "solve" "W" "doTryCatch" "tryCatchOne" "tryCatchList" "tryCatch" "func" "genD.default" "genD" "hessian.default" "hessian" "doTryCatch" "tryCatchOne" "tryCatchList" "tryCatch" "private$gmm" "self$WangShaoKim2014" "initialize" "EBMRAlgorithmFast4$new" 
"solve.default" "solve" "W" "doTryCatch" "tryCatchOne" "tryCatchList" "tryCatch" "func" "genD.default" "genD" "hessian.default" "hessian" "doTryCatch" "tryCatchOne" "tryCatchList" "tryCatch" "private$gmm" "self$WangShaoKim2014" "initialize" "EBMRAlgorithmFast4$new" 
"*" "g" "func" "genD.default" "genD" "hessian.default" "hessian" "doTryCatch" "tryCatchOne" "tryCatchList" "tryCatch" "private$gmm" "self$WangShaoKim2014" "initialize" "EBMRAlgorithmFast4$new" 
"*" "g" "func" "genD.default" "genD" "hessian.default" "hessian" "doTryCatch" "tryCatchOne" "tryCatchList" "tryCatch" "private$gmm" "self$WangShaoKim2014" "initialize" "EBMRAlgorithmFast4$new" 
"%*%" "solve" "W" "doTryCatch" "tryCatchOne" "tryCatchList" "tryCatch" "func" "genD.default" "genD" "hessian.default" "hessian" "doTryCatch" "tryCatchOne" "tryCatchList" "tryCatch" "private$gmm" "self$WangShaoKim2014" "initialize" "EBMRAlgorithmFast4$new" 
"%*%" "solve" "W" "doTryCatch" "tryCatchOne" "tryCatchList" "tryCatch" "func" "genD.default" "genD" "hessian.default" "hessian" "doTryCatch" "tryCatchOne" "tryCatchList" "tryCatch" "private$gmm" "self$WangShaoKim2014" "initialize" "EBMRAlgorithmFast4$new" 
"%*%" "solve" "W" "doTryCatch" "tryCatchOne" "tryCatchList" "tryCatch" "func" "genD.default" "genD" "hessian.default" "hessian" "doTryCatch" "tryCatchOne" "tryCatchList" "tryCatch" "private$gmm" "self$WangShaoKim2014" "initialize" "EBMRAlgorithmFast4$new" 
"%*%" "solve" "W" "doTryCatch" "tryCatchOne" "tryCatchList" "tryCatch" "func" "genD.default" "genD" "hessian.default" "hessian" "doTryCatch" "tryCatchOne" "tryCatchList" "tryCatch" "private$gmm" "self$WangShaoKim2014" "initialize" "EBMRAlgorithmFast4$new" 
"solve" "W" "doTryCatch" "tryCatchOne" "tryCatchList" "tryCatch" "func" "genD.default" "genD" "hessian.default" "hessian" "doTryCatch" "tryCatchOne" "tryCatchList" "tryCatch" "private$gmm" "self$WangShaoKim2014" "initialize" "EBMRAlgorithmFast4$new" 
"solve" "W" "doTryCatch" "tryCatchOne" "tryCatchList" "tryCatch" "func" "genD.default" "genD" "hessian.default" "hessian" "doTryCatch" "tryCatchOne" "tryCatchList" "tryCatch" "private$gmm" "self$WangShaoKim2014" "initialize" "EBMRAlgorithmFast4$new" 
"solve" "W" "doTryCatch" "tryCatchOne" "tryCatchList" "tryCatch" "func" "genD.default" "genD" "hessian.default" "hessian" "doTryCatch" "tryCatchOne" "tryCatchList" "tryCatch" "private$gmm" "self$WangShaoKim2014" "initialize" "EBMRAlgorithmFast4$new" 
"solve" "W" "doTryCatch" "tryCatchOne" "tryCatchList" "tryCatch" "func" "genD.default" "genD" "hessian.default" "hessian" "doTryCatch" "tryCatchOne" "tryCatchList" "tryCatch" "private$gmm" "self$WangShaoKim2014" "initialize" "EBMRAlgorithmFast4$new" 
"exp" "compute_pi" "g" "func" "genD.default" "genD" "hessian.default" "hessian" "doTryCatch" "tryCatchOne" "tryCatchList" "tryCatch" "private$gmm" "self$WangShaoKim2014" "initialize" "EBMRAlgorithmFast4$new" 
"exp" "compute_pi" "g" "func" "genD.default" "genD" "hessian.default" "hessian" "doTryCatch" "tryCatchOne" "tryCatchList" "tryCatch" "private$gmm" "self$WangShaoKim2014" "initialize" "EBMRAlgorithmFast4$new" 
"exp" "compute_pi" "g" "func" "genD.default" "genD" "hessian.default" "hessian" "doTryCatch" "tryCatchOne" "tryCatchList" "tryCatch" "private$gmm" "self$WangShaoKim2014" "initialize" "EBMRAlgorithmFast4$new" 
"%*%" "g" "func" "genD.default" "genD" "hessian.default" "hessian" "doTryCatch" "tryCatchOne" "tryCatchList" "tryCatch" "private$gmm" "self$WangShaoKim2014" "initialize" "EBMRAlgorithmFast4$new" 
"%*%" "g" "func" "genD.default" "genD" "hessian.default" "hessian" "doTryCatch" "tryCatchOne" "tryCatchList" "tryCatch" "private$gmm" "self$WangShaoKim2014" "initialize" "EBMRAlgorithmFast4$new" 
"%*%" "g" "func" "genD.default" "genD" "hessian.default" "hessian" "doTryCatch" "tryCatchOne" "tryCatchList" "tryCatch" "private$gmm" "self$WangShaoKim2014" "initialize" "EBMRAlgorithmFast4$new" 
"%*%" "g" "func" "genD.default" "genD" "hessian.default" "hessian" "doTryCatch" "tryCatchOne" "tryCatchList" "tryCatch" "private$gmm" "self$WangShaoKim2014" "initialize" "EBMRAlgorithmFast4$new" 
"*" "g" "func" "genD.default" "genD" "hessian.default" "hessian" "doTryCatch" "tryCatchOne" "tryCatchList" "tryCatch" "private$gmm" "self$WangShaoKim2014" "initialize" "EBMRAlgorithmFast4$new" 
"*" "g" "func" "genD.default" "genD" "hessian.default" "hessian" "doTryCatch" "tryCatchOne" "tryCatchList" "tryCatch" "private$gmm" "self$WangShaoKim2014" "initialize" "EBMRAlgorithmFast4$new" 
"*" "g" "func" "genD.default" "genD" "hessian.default" "hessian" "doTryCatch" "tryCatchOne" "tryCatchList" "tryCatch" "private$gmm" "self$WangShaoKim2014" "initialize" "EBMRAlgorithmFast4$new" 
"*" "g" "func" "genD.default" "genD" "hessian.default" "hessian" "doTryCatch" "tryCatchOne" "tryCatchList" "tryCatch" "private$gmm" "self$WangShaoKim2014" "initialize" "EBMRAlgorithmFast4$new" 
"*" "g" "func" "genD.default" "genD" "hessian.default" "hessian" "doTryCatch" "tryCatchOne" "tryCatchList" "tryCatch" "private$gmm" "self$WangShaoKim2014" "initialize" "EBMRAlgorithmFast4$new" 
"mostattributes<-" "pmin" "compute_pi" "g" "func" "genD.default" "genD" "hessian.default" "hessian" "doTryCatch" "tryCatchOne" "tryCatchList" "tryCatch" "private$gmm" "self$WangShaoKim2014" "initialize" "EBMRAlgorithmFast4$new" 
"mostattributes<-" "pmin" "compute_pi" "g" "func" "genD.default" "genD" "hessian.default" "hessian" "doTryCatch" "tryCatchOne" "tryCatchList" "tryCatch" "private$gmm" "self$WangShaoKim2014" "initialize" "EBMRAlgorithmFast4$new" 
"mostattributes<-" "pmin" "compute_pi" "g" "func" "genD.default" "genD" "hessian.default" "hessian" "doTryCatch" "tryCatchOne" "tryCatchList" "tryCatch" "private$gmm" "self$WangShaoKim2014" "initialize" "EBMRAlgorithmFast4$new" 
"mostattributes<-" "pmin" "compute_pi" "g" "func" "genD.default" "genD" "hessian.default" "hessian" "doTryCatch" "tryCatchOne" "tryCatchList" "tryCatch" "private$gmm" "self$WangShaoKim2014" "initialize" "EBMRAlgorithmFast4$new" 
"genD.default" "genD" "hessian.default" "hessian" "doTryCatch" "tryCatchOne" "tryCatchList" "tryCatch" "private$gmm" "self$WangShaoKim2014" "initialize" "EBMRAlgorithmFast4$new" 
"genD.default" "genD" "hessian.default" "hessian" "doTryCatch" "tryCatchOne" "tryCatchList" "tryCatch" "private$gmm" "self$WangShaoKim2014" "initialize" "EBMRAlgorithmFast4$new" 
"genD.default" "genD" "hessian.default" "hessian" "doTryCatch" "tryCatchOne" "tryCatchList" "tryCatch" "private$gmm" "self$WangShaoKim2014" "initialize" "EBMRAlgorithmFast4$new" 
"genD.default" "genD" "hessian.default" "hessian" "doTryCatch" "tryCatchOne" "tryCatchList" "tryCatch" "private$gmm" "self$WangShaoKim2014" "initialize" "EBMRAlgorithmFast4$new" 
"pmin" "compute_pi" "g" "func" "genD.default" "genD" "hessian.default" "hessian" "doTryCatch" "tryCatchOne" "tryCatchList" "tryCatch" "private$gmm" "self$WangShaoKim2014" "initialize" "EBMRAlgorithmFast4$new" 
"as.vector" "private$gmm" "self$WangShaoKim2014" "initialize" "EBMRAlgorithmFast4$new" 
"factor" "as.factor" "self$WangShaoKim2014" "initialize" "EBMRAlgorithmFast4$new" 
"crossprod" "Gamma_direct" "gr" "<Anonymous>" ".External2" "optim" "private$gmm" "self$WangShaoKim2014" "initialize" "EBMRAlgorithmFast4$new" 
"crossprod" "Gamma_direct" "gr" "<Anonymous>" ".External2" "optim" "private$gmm" "self$WangShaoKim2014" "initialize" "EBMRAlgorithmFast4$new" 
"crossprod" "Gamma_direct" "gr" "<Anonymous>" ".External2" "optim" "private$gmm" "self$WangShaoKim2014" "initialize" "EBMRAlgorithmFast4$new" 
"crossprod" "Gamma_direct" "gr" "<Anonymous>" ".External2" "optim" "private$gmm" "self$WangShaoKim2014" "initialize" "EBMRAlgorithmFast4$new" 
"mostattributes<-" "pmax" "pmin" "compute_pi" "g" "cache" "fn" "<Anonymous>" ".External2" "optim" "private$gmm" "self$WangShaoKim2014" "initialize" "EBMRAlgorithmFast4$new" 
"mostattributes<-" "pmax" "pmin" "compute_pi" "g" "cache" "fn" "<Anonymous>" ".External2" "optim" "private$gmm" "self$WangShaoKim2014" "initialize" "EBMRAlgorithmFast4$new" 
"mostattributes<-" "pmax" "pmin" "compute_pi" "g" "cache" "fn" "<Anonymous>" ".External2" "optim" "private$gmm" "self$WangShaoKim2014" "initialize" "EBMRAlgorithmFast4$new" 
"vapply" "pmin" "compute_pi" "g" "cache" "fn" "<Anonymous>" ".External2" "optim" "private$gmm" "self$WangShaoKim2014" "initialize" "EBMRAlgorithmFast4$new" 
"*" "Gamma_direct" "gr" "<Anonymous>" ".External2" "optim" "private$gmm" "self$WangShaoKim2014" "initialize" "EBMRAlgorithmFast4$new" 
"exp" "compute_pi" "as.vector" "Gamma_direct" "gr" "<Anonymous>" ".External2" "optim" "private$gmm" "self$WangShaoKim2014" "initialize" "EBMRAlgorithmFast4$new" 
"pmin" "compute_pi" "as.vector" "Gamma_direct" "gr" "<Anonymous>" ".External2" "optim" "private$gmm" "self$WangShaoKim2014" "initialize" "EBMRAlgorithmFast4$new" 
"g" "cache" "fn" "<Anonymous>" ".External2" "optim" "private$gmm" "self$WangShaoKim2014" "initialize" "EBMRAlgorithmFast4$new" 
"exp" "compute_pi" "g" "cache" "fn" "<Anonymous>" ".External2" "optim" "private$gmm" "self$WangShaoKim2014" "initialize" "EBMRAlgorithmFast4$new" 
"exp" "compute_pi" "g" "cache" "fn" "<Anonymous>" ".External2" "optim" "private$gmm" "self$WangShaoKim2014" "initialize" "EBMRAlgorithmFast4$new" 
"exp" "compute_pi" "g" "cache" "fn" "<Anonymous>" ".External2" "optim" "private$gmm" "self$WangShaoKim2014" "initialize" "EBMRAlgorithmFast4$new" 
"exp" "compute_pi" "as.vector" "Gamma_direct" "gr" "<Anonymous>" ".External2" "optim" "private$gmm" "self$WangShaoKim2014" "initialize" "EBMRAlgorithmFast4$new" 
"exp" "compute_pi" "as.vector" "Gamma_direct" "gr" "<Anonymous>" ".External2" "optim" "private$gmm" "self$WangShaoKim2014" "initialize" "EBMRAlgorithmFast4$new" 
"exp" "compute_pi" "g" "cache" "fn" "<Anonymous>" ".External2" "optim" "private$gmm" "self$WangShaoKim2014" "initialize" "EBMRAlgorithmFast4$new" 
"exp" "compute_pi" "g" "cache" "fn" "<Anonymous>" ".External2" "optim" "private$gmm" "self$WangShaoKim2014" "initialize" "EBMRAlgorithmFast4$new" 
"cache" "fn" "<Anonymous>" ".External2" "optim" "private$gmm" "self$WangShaoKim2014" "initialize" "EBMRAlgorithmFast4$new" 
"cache" "fn" "<Anonymous>" ".External2" "optim" "private$gmm" "self$WangShaoKim2014" "initialize" "EBMRAlgorithmFast4$new" 
"cache" "fn" "<Anonymous>" ".External2" "optim" "private$gmm" "self$WangShaoKim2014" "initialize" "EBMRAlgorithmFast4$new" 
"vapply" "pmin" "compute_pi" "as.vector" "Gamma_direct" "gr" "<Anonymous>" ".External2" "optim" "private$gmm" "self$WangShaoKim2014" "initialize" "EBMRAlgorithmFast4$new" 
"vapply" "pmin" "compute_pi" "as.vector" "Gamma_direct" "gr" "<Anonymous>" ".External2" "optim" "private$gmm" "self$WangShaoKim2014" "initialize" "EBMRAlgorithmFast4$new" 
"g" "cache" "fn" "<Anonymous>" ".External2" "optim" "private$gmm" "self$WangShaoKim2014" "initialize" "EBMRAlgorithmFast4$new" 
"g" "cache" "fn" "<Anonymous>" ".External2" "optim" "private$gmm" "self$WangShaoKim2014" "initialize" "EBMRAlgorithmFast4$new" 
"exp" "compute_pi" "as.vector" "Gamma_direct" "gr" "<Anonymous>" ".External2" "optim" "private$gmm" "self$WangShaoKim2014" "initialize" "EBMRAlgorithmFast4$new" 
"match.fun" "vapply" "pmax" "pmin" "compute_pi" "g" "cache" "fn" "<Anonymous>" ".External2" "optim" "private$gmm" "self$WangShaoKim2014" "initialize" "EBMRAlgorithmFast4$new" 
"match.fun" "vapply" "pmax" "pmin" "compute_pi" "g" "cache" "fn" "<Anonymous>" ".External2" "optim" "private$gmm" "self$WangShaoKim2014" "initialize" "EBMRAlgorithmFast4$new" 
"match.fun" "vapply" "pmax" "pmin" "compute_pi" "g" "cache" "fn" "<Anonymous>" ".External2" "optim" "private$gmm" "self$WangShaoKim2014" "initialize" "EBMRAlgorithmFast4$new" 
"*" "Gamma_direct" "gr" "<Anonymous>" ".External2" "optim" "private$gmm" "self$WangShaoKim2014" "initialize" "EBMRAlgorithmFast4$new" 
"*" "Gamma_direct" "gr" "<Anonymous>" ".External2" "optim" "private$gmm" "self$WangShaoKim2014" "initialize" "EBMRAlgorithmFast4$new" 
"*" "Gamma_direct" "gr" "<Anonymous>" ".External2" "optim" "private$gmm" "self$WangShaoKim2014" "initialize" "EBMRAlgorithmFast4$new" 
"t.default" "t" "solve" "W" "doTryCatch" "tryCatchOne" "tryCatchList" "tryCatch" "private$gmm" "self$WangShaoKim2014" "initialize" "EBMRAlgorithmFast4$new" 
"t.default" "t" "solve" "W" "doTryCatch" "tryCatchOne" "tryCatchList" "tryCatch" "private$gmm" "self$WangShaoKim2014" "initialize" "EBMRAlgorithmFast4$new" 
"t.default" "t" "solve" "W" "doTryCatch" "tryCatchOne" "tryCatchList" "tryCatch" "private$gmm" "self$WangShaoKim2014" "initialize" "EBMRAlgorithmFast4$new" 
"t.default" "t" "solve" "W" "doTryCatch" "tryCatchOne" "tryCatchList" "tryCatch" "private$gmm" "self$WangShaoKim2014" "initialize" "EBMRAlgorithmFast4$new" 
"match.arg" "optim" "private$gmm" "self$WangShaoKim2014" "initialize" "EBMRAlgorithmFast4$new" 
"match.arg" "optim" "private$gmm" "self$WangShaoKim2014" "initialize" "EBMRAlgorithmFast4$new" 
"*" "g" "cache" "fn" "<Anonymous>" ".External2" "optim" "private$gmm" "self$WangShaoKim2014" "initialize" "EBMRAlgorithmFast4$new" 
"*" "g" "cache" "fn" "<Anonymous>" ".External2" "optim" "private$gmm" "self$WangShaoKim2014" "initialize" "EBMRAlgorithmFast4$new" 
"-" "Gamma_direct" "gr" "<Anonymous>" ".External2" "optim" "private$gmm" "self$WangShaoKim2014" "initialize" "EBMRAlgorithmFast4$new" 
"-" "Gamma_direct" "gr" "<Anonymous>" ".External2" "optim" "private$gmm" "self$WangShaoKim2014" "initialize" "EBMRAlgorithmFast4$new" 
"-" "Gamma_direct" "gr" "<Anonymous>" ".External2" "optim" "private$gmm" "self$WangShaoKim2014" "initialize" "EBMRAlgorithmFast4$new" 
"vapply" "pmin" "compute_pi" "g" "cache" "fn" "<Anonymous>" ".External2" "optim" "private$gmm" "self$WangShaoKim2014" "initialize" "EBMRAlgorithmFast4$new" 
"vapply" "pmin" "compute_pi" "g" "cache" "fn" "<Anonymous>" ".External2" "optim" "private$gmm" "self$WangShaoKim2014" "initialize" "EBMRAlgorithmFast4$new" 
"vapply" "pmin" "compute_pi" "g" "cache" "fn" "<Anonymous>" ".External2" "optim" "private$gmm" "self$WangShaoKim2014" "initialize" "EBMRAlgorithmFast4$new" 
"vapply" "pmin" "compute_pi" "g" "cache" "fn" "<Anonymous>" ".External2" "optim" "private$gmm" "self$WangShaoKim2014" "initialize" "EBMRAlgorithmFast4$new" 
"exp" "compute_pi" "as.vector" "Gamma_direct" "gr" "<Anonymous>" ".External2" "optim" "private$gmm" "self$WangShaoKim2014" "initialize" "EBMRAlgorithmFast4$new" 
"exp" "compute_pi" "as.vector" "Gamma_direct" "gr" "<Anonymous>" ".External2" "optim" "private$gmm" "self$WangShaoKim2014" "initialize" "EBMRAlgorithmFast4$new" 
"mostattributes<-" "pmin" "compute_pi" "g" "cache" "fn" "<Anonymous>" ".External2" "optim" "private$gmm" "self$WangShaoKim2014" "initialize" "EBMRAlgorithmFast4$new" 
"mostattributes<-" "pmin" "compute_pi" "g" "cache" "fn" "<Anonymous>" ".External2" "optim" "private$gmm" "self$WangShaoKim2014" "initialize" "EBMRAlgorithmFast4$new" 
"exp" "compute_pi" "as.vector" "Gamma_direct" "gr" "<Anonymous>" ".External2" "optim" "private$gmm" "self$WangShaoKim2014" "initialize" "EBMRAlgorithmFast4$new" 
"optim" "private$gmm" "self$WangShaoKim2014" "initialize" "EBMRAlgorithmFast4$new" 
"as.vector" "Gamma_direct" "conv_grad" "private$gmm" "self$WangShaoKim2014" "initialize" "EBMRAlgorithmFast4$new" 
"as.vector" "Gamma_direct" "conv_grad" "private$gmm" "self$WangShaoKim2014" "initialize" "EBMRAlgorithmFast4$new" 
"mostattributes<-" "pmax" "pmin" "compute_pi" "g" "cache" "fn" "<Anonymous>" ".External2" "optim" "private$gmm" "self$WangShaoKim2014" "initialize" "EBMRAlgorithmFast4$new" 
"mostattributes<-" "pmax" "pmin" "compute_pi" "g" "cache" "fn" "<Anonymous>" ".External2" "optim" "private$gmm" "self$WangShaoKim2014" "initialize" "EBMRAlgorithmFast4$new" 
"mostattributes<-" "pmax" "pmin" "compute_pi" "g" "cache" "fn" "<Anonymous>" ".External2" "optim" "private$gmm" "self$WangShaoKim2014" "initialize" "EBMRAlgorithmFast4$new" 
"mostattributes<-" "pmax" "pmin" "compute_pi" "g" "cache" "fn" "<Anonymous>" ".External2" "optim" "private$gmm" "self$WangShaoKim2014" "initialize" "EBMRAlgorithmFast4$new" 
"%*%" "as.vector" "Gamma_direct" "gr" "<Anonymous>" ".External2" "optim" "private$gmm" "self$WangShaoKim2014" "initialize" "EBMRAlgorithmFast4$new" 
"%*%" "as.vector" "Gamma_direct" "gr" "<Anonymous>" ".External2" "optim" "private$gmm" "self$WangShaoKim2014" "initialize" "EBMRAlgorithmFast4$new" 
"%*%" "as.vector" "Gamma_direct" "gr" "<Anonymous>" ".External2" "optim" "private$gmm" "self$WangShaoKim2014" "initialize" "EBMRAlgorithmFast4$new" 
"crossprod" "Gamma_direct" "gr" "<Anonymous>" ".External2" "optim" "private$gmm" "self$WangShaoKim2014" "initialize" "EBMRAlgorithmFast4$new" 
"t.default" "t" "solve" "W" "doTryCatch" "tryCatchOne" "tryCatchList" "tryCatch" "conv_grad" "private$gmm" "self$WangShaoKim2014" "initialize" "EBMRAlgorithmFast4$new" 
"t.default" "t" "solve" "W" "doTryCatch" "tryCatchOne" "tryCatchList" "tryCatch" "conv_grad" "private$gmm" "self$WangShaoKim2014" "initialize" "EBMRAlgorithmFast4$new" 
"t.default" "t" "solve" "W" "doTryCatch" "tryCatchOne" "tryCatchList" "tryCatch" "conv_grad" "private$gmm" "self$WangShaoKim2014" "initialize" "EBMRAlgorithmFast4$new" 
"exp" "compute_pi" "g" "cache" "fn" "<Anonymous>" ".External2" "optim" "private$gmm" "self$WangShaoKim2014" "initialize" "EBMRAlgorithmFast4$new" 
"exp" "compute_pi" "g" "cache" "fn" "<Anonymous>" ".External2" "optim" "private$gmm" "self$WangShaoKim2014" "initialize" "EBMRAlgorithmFast4$new" 
"exp" "compute_pi" "g" "cache" "fn" "<Anonymous>" ".External2" "optim" "private$gmm" "self$WangShaoKim2014" "initialize" "EBMRAlgorithmFast4$new" 
"as.vector" "Gamma_direct" "gr" "<Anonymous>" ".External2" "optim" "private$gmm" "self$WangShaoKim2014" "initialize" "EBMRAlgorithmFast4$new" 
"as.vector" "Gamma_direct" "gr" "<Anonymous>" ".External2" "optim" "private$gmm" "self$WangShaoKim2014" "initialize" "EBMRAlgorithmFast4$new" 
"as.vector" "Gamma_direct" "gr" "<Anonymous>" ".External2" "optim" "private$gmm" "self$WangShaoKim2014" "initialize" "EBMRAlgorithmFast4$new" 
"gr" "<Anonymous>" ".External2" "optim" "private$gmm" "self$WangShaoKim2014" "initialize" "EBMRAlgorithmFast4$new" 
"*" "g" "cache" "fn" "<Anonymous>" ".External2" "optim" "private$gmm" "self$WangShaoKim2014" "initialize" "EBMRAlgorithmFast4$new" 
"*" "g" "cache" "fn" "<Anonymous>" ".External2" "optim" "private$gmm" "self$WangShaoKim2014" "initialize" "EBMRAlgorithmFast4$new" 
"*" "g" "cache" "fn" "<Anonymous>" ".External2" "optim" "private$gmm" "self$WangShaoKim2014" "initialize" "EBMRAlgorithmFast4$new" 
"*" "g" "cache" "fn" "<Anonymous>" ".External2" "optim" "private$gmm" "self$WangShaoKim2014" "initialize" "EBMRAlgorithmFast4$new" 
"%*%" "solve" "W" "doTryCatch" "tryCatchOne" "tryCatchList" "tryCatch" "private$gmm" "self$WangShaoKim2014" "initialize" "EBMRAlgorithmFast4$new" 
"%*%" "solve" "W" "doTryCatch" "tryCatchOne" "tryCatchList" "tryCatch" "private$gmm" "self$WangShaoKim2014" "initialize" "EBMRAlgorithmFast4$new" 
"%*%" "solve" "W" "doTryCatch" "tryCatchOne" "tryCatchList" "tryCatch" "private$gmm" "self$WangShaoKim2014" "initialize" "EBMRAlgorithmFast4$new" 
"compute_pi" "as.vector" "Gamma_direct" "conv_grad" "private$gmm" "self$WangShaoKim2014" "initialize" "EBMRAlgorithmFast4$new" 
"compute_pi" "as.vector" "Gamma_direct" "conv_grad" "private$gmm" "self$WangShaoKim2014" "initialize" "EBMRAlgorithmFast4$new" 
"compute_pi" "as.vector" "Gamma_direct" "conv_grad" "private$gmm" "self$WangShaoKim2014" "initialize" "EBMRAlgorithmFast4$new" 
"crossprod" "Gamma_direct" "gr" "<Anonymous>" ".External2" "optim" "private$gmm" "self$WangShaoKim2014" "initialize" "EBMRAlgorithmFast4$new" 
"crossprod" "Gamma_direct" "gr" "<Anonymous>" ".External2" "optim" "private$gmm" "self$WangShaoKim2014" "initialize" "EBMRAlgorithmFast4$new" 
"crossprod" "Gamma_direct" "gr" "<Anonymous>" ".External2" "optim" "private$gmm" "self$WangShaoKim2014" "initialize" "EBMRAlgorithmFast4$new" 
"g" "cache" "fn" "<Anonymous>" ".External2" "optim" "private$gmm" "self$WangShaoKim2014" "initialize" "EBMRAlgorithmFast4$new" 
"exp" "compute_pi" "as.vector" "Gamma_direct" "gr" "<Anonymous>" ".External2" "optim" "private$gmm" "self$WangShaoKim2014" "initialize" "EBMRAlgorithmFast4$new" 
"exp" "compute_pi" "as.vector" "Gamma_direct" "gr" "<Anonymous>" ".External2" "optim" "private$gmm" "self$WangShaoKim2014" "initialize" "EBMRAlgorithmFast4$new" 
"exp" "compute_pi" "as.vector" "Gamma_direct" "gr" "<Anonymous>" ".External2" "optim" "private$gmm" "self$WangShaoKim2014" "initialize" "EBMRAlgorithmFast4$new" 
"%*%" "solve" "W" "doTryCatch" "tryCatchOne" "tryCatchList" "tryCatch" "conv_grad" "private$gmm" "self$WangShaoKim2014" "initialize" "EBMRAlgorithmFast4$new" 
"%*%" "solve" "W" "doTryCatch" "tryCatchOne" "tryCatchList" "tryCatch" "conv_grad" "private$gmm" "self$WangShaoKim2014" "initialize" "EBMRAlgorithmFast4$new" 
"%*%" "solve" "W" "doTryCatch" "tryCatchOne" "tryCatchList" "tryCatch" "conv_grad" "private$gmm" "self$WangShaoKim2014" "initialize" "EBMRAlgorithmFast4$new" 
"*" "Gamma_direct" "gr" "<Anonymous>" ".External2" "optim" "private$gmm" "self$WangShaoKim2014" "initialize" "EBMRAlgorithmFast4$new" 
"*" "Gamma_direct" "gr" "<Anonymous>" ".External2" "optim" "private$gmm" "self$WangShaoKim2014" "initialize" "EBMRAlgorithmFast4$new" 
"*" "Gamma_direct" "gr" "<Anonymous>" ".External2" "optim" "private$gmm" "self$WangShaoKim2014" "initialize" "EBMRAlgorithmFast4$new" 
"exp" "compute_pi" "g" "cache" "fn" "<Anonymous>" ".External2" "optim" "private$gmm" "self$WangShaoKim2014" "initialize" "EBMRAlgorithmFast4$new" 
"*" "Gamma_direct" "conv_grad" "private$gmm" "self$WangShaoKim2014" "initialize" "EBMRAlgorithmFast4$new" 
"*" "Gamma_direct" "conv_grad" "private$gmm" "self$WangShaoKim2014" "initialize" "EBMRAlgorithmFast4$new" 
"*" "Gamma_direct" "conv_grad" "private$gmm" "self$WangShaoKim2014" "initialize" "EBMRAlgorithmFast4$new" 
"*" "Gamma_direct" "conv_grad" "private$gmm" "self$WangShaoKim2014" "initialize" "EBMRAlgorithmFast4$new" 
"*" "Gamma_direct" "conv_grad" "private$gmm" "self$WangShaoKim2014" "initialize" "EBMRAlgorithmFast4$new" 
"*" "Gamma_direct" "conv_grad" "private$gmm" "self$WangShaoKim2014" "initialize" "EBMRAlgorithmFast4$new" 
"*" "Gamma_direct" "conv_grad" "private$gmm" "self$WangShaoKim2014" "initialize" "EBMRAlgorithmFast4$new" 
"*" "Gamma_direct" "conv_grad" "private$gmm" "self$WangShaoKim2014" "initialize" "EBMRAlgorithmFast4$new" 
"*" "Gamma_direct" "conv_grad" "private$gmm" "self$WangShaoKim2014" "initialize" "EBMRAlgorithmFast4$new" 
"*" "Gamma_direct" "conv_grad" "private$gmm" "self$WangShaoKim2014" "initialize" "EBMRAlgorithmFast4$new" 
"*" "g" "cache" "fn" "<Anonymous>" ".External2" "optim" "private$gmm" "self$WangShaoKim2014" "initialize" "EBMRAlgorithmFast4$new" 
"*" "g" "cache" "fn" "<Anonymous>" ".External2" "optim" "private$gmm" "self$WangShaoKim2014" "initialize" "EBMRAlgorithmFast4$new" 
"*" "g" "cache" "fn" "<Anonymous>" ".External2" "optim" "private$gmm" "self$WangShaoKim2014" "initialize" "EBMRAlgorithmFast4$new" 
"pmax" "pmin" "compute_pi" "as.vector" "Gamma_direct" "gr" "<Anonymous>" ".External2" "optim" "private$gmm" "self$WangShaoKim2014" "initialize" "EBMRAlgorithmFast4$new" 
"pmax" "pmin" "compute_pi" "as.vector" "Gamma_direct" "gr" "<Anonymous>" ".External2" "optim" "private$gmm" "self$WangShaoKim2014" "initialize" "EBMRAlgorithmFast4$new" 
"pmax" "pmin" "compute_pi" "as.vector" "Gamma_direct" "gr" "<Anonymous>" ".External2" "optim" "private$gmm" "self$WangShaoKim2014" "initialize" "EBMRAlgorithmFast4$new" 
"pmax" "pmin" "compute_pi" "as.vector" "Gamma_direct" "gr" "<Anonymous>" ".External2" "optim" "private$gmm" "self$WangShaoKim2014" "initialize" "EBMRAlgorithmFast4$new" 
"exp" "compute_pi" "g" "conv_grad" "private$gmm" "self$WangShaoKim2014" "initialize" "EBMRAlgorithmFast4$new" 
"exp" "compute_pi" "g" "conv_grad" "private$gmm" "self$WangShaoKim2014" "initialize" "EBMRAlgorithmFast4$new" 
"*" "g" "cache" "fn" "<Anonymous>" ".External2" "optim" "private$gmm" "self$WangShaoKim2014" "initialize" "EBMRAlgorithmFast4$new" 
"solve" "W" "doTryCatch" "tryCatchOne" "tryCatchList" "tryCatch" "conv_grad" "private$gmm" "self$WangShaoKim2014" "initialize" "EBMRAlgorithmFast4$new" 
"solve" "W" "doTryCatch" "tryCatchOne" "tryCatchList" "tryCatch" "conv_grad" "private$gmm" "self$WangShaoKim2014" "initialize" "EBMRAlgorithmFast4$new" 
"*" "g" "cache" "fn" "<Anonymous>" ".External2" "optim" "private$gmm" "self$WangShaoKim2014" "initialize" "EBMRAlgorithmFast4$new" 
"*" "g" "cache" "fn" "<Anonymous>" ".External2" "optim" "private$gmm" "self$WangShaoKim2014" "initialize" "EBMRAlgorithmFast4$new" 
"exp" "compute_pi" "as.vector" "Gamma_direct" "gr" "<Anonymous>" ".External2" "optim" "private$gmm" "self$WangShaoKim2014" "initialize" "EBMRAlgorithmFast4$new" 
"exp" "compute_pi" "as.vector" "Gamma_direct" "gr" "<Anonymous>" ".External2" "optim" "private$gmm" "self$WangShaoKim2014" "initialize" "EBMRAlgorithmFast4$new" 
"exp" "compute_pi" "as.vector" "Gamma_direct" "conv_grad" "private$gmm" "self$WangShaoKim2014" "initialize" "EBMRAlgorithmFast4$new" 
"exp" "compute_pi" "as.vector" "Gamma_direct" "conv_grad" "private$gmm" "self$WangShaoKim2014" "initialize" "EBMRAlgorithmFast4$new" 
"exp" "compute_pi" "as.vector" "Gamma_direct" "conv_grad" "private$gmm" "self$WangShaoKim2014" "initialize" "EBMRAlgorithmFast4$new" 
"pmin" "compute_pi" "g" "cache" "fn" "<Anonymous>" ".External2" "optim" "private$gmm" "self$WangShaoKim2014" "initialize" "EBMRAlgorithmFast4$new" 
"fn" "<Anonymous>" ".External2" "optim" "private$gmm" "self$WangShaoKim2014" "initialize" "EBMRAlgorithmFast4$new" 
"fn" "<Anonymous>" ".External2" "optim" "private$gmm" "self$WangShaoKim2014" "initialize" "EBMRAlgorithmFast4$new" 
"fn" "<Anonymous>" ".External2" "optim" "private$gmm" "self$WangShaoKim2014" "initialize" "EBMRAlgorithmFast4$new" 
"pmin" "compute_pi" "g" "cache" "fn" "<Anonymous>" ".External2" "optim" "private$gmm" "self$WangShaoKim2014" "initialize" "EBMRAlgorithmFast4$new" 
"pmin" "compute_pi" "g" "cache" "fn" "<Anonymous>" ".External2" "optim" "private$gmm" "self$WangShaoKim2014" "initialize" "EBMRAlgorithmFast4$new" 
".colMeans" "matrix" "conv_grad" "private$gmm" "self$WangShaoKim2014" "initialize" "EBMRAlgorithmFast4$new" 
".colMeans" "matrix" "conv_grad" "private$gmm" "self$WangShaoKim2014" "initialize" "EBMRAlgorithmFast4$new" 
".colMeans" "matrix" "conv_grad" "private$gmm" "self$WangShaoKim2014" "initialize" "EBMRAlgorithmFast4$new" 
".colMeans" "matrix" "conv_grad" "private$gmm" "self$WangShaoKim2014" "initialize" "EBMRAlgorithmFast4$new" 
".colMeans" "matrix" "conv_grad" "private$gmm" "self$WangShaoKim2014" "initialize" "EBMRAlgorithmFast4$new" 
"%*%" "solve" "W" "doTryCatch" "tryCatchOne" "tryCatchList" "tryCatch" "conv_grad" "proj_grad_norm" "private$gmm" "self$WangShaoKim2014" "initialize" "EBMRAlgorithmFast4$new" 
"%*%" "solve" "W" "doTryCatch" "tryCatchOne" "tryCatchList" "tryCatch" "conv_grad" "proj_grad_norm" "private$gmm" "self$WangShaoKim2014" "initialize" "EBMRAlgorithmFast4$new" 
"%*%" "solve" "W" "doTryCatch" "tryCatchOne" "tryCatchList" "tryCatch" "conv_grad" "proj_grad_norm" "private$gmm" "self$WangShaoKim2014" "initialize" "EBMRAlgorithmFast4$new" 
"g" "func" "hessian.default" "hessian" "doTryCatch" "tryCatchOne" "tryCatchList" "tryCatch" "private$gmm" "self$WangShaoKim2014" "initialize" "EBMRAlgorithmFast4$new" 
"g" "func" "hessian.default" "hessian" "doTryCatch" "tryCatchOne" "tryCatchList" "tryCatch" "private$gmm" "self$WangShaoKim2014" "initialize" "EBMRAlgorithmFast4$new" 
"solve.default" "solve" "W" "doTryCatch" "tryCatchOne" "tryCatchList" "tryCatch" "func" "hessian.default" "hessian" "doTryCatch" "tryCatchOne" "tryCatchList" "tryCatch" "private$gmm" "self$WangShaoKim2014" "initialize" "EBMRAlgorithmFast4$new" 
"solve.default" "solve" "W" "doTryCatch" "tryCatchOne" "tryCatchList" "tryCatch" "func" "hessian.default" "hessian" "doTryCatch" "tryCatchOne" "tryCatchList" "tryCatch" "private$gmm" "self$WangShaoKim2014" "initialize" "EBMRAlgorithmFast4$new" 
"solve.default" "solve" "W" "doTryCatch" "tryCatchOne" "tryCatchList" "tryCatch" "func" "hessian.default" "hessian" "doTryCatch" "tryCatchOne" "tryCatchList" "tryCatch" "private$gmm" "self$WangShaoKim2014" "initialize" "EBMRAlgorithmFast4$new" 
"solve.default" "solve" "W" "doTryCatch" "tryCatchOne" "tryCatchList" "tryCatch" "func" "hessian.default" "hessian" "doTryCatch" "tryCatchOne" "tryCatchList" "tryCatch" "private$gmm" "self$WangShaoKim2014" "initialize" "EBMRAlgorithmFast4$new" 
"*" "g" "func" "genD.default" "genD" "hessian.default" "hessian" "doTryCatch" "tryCatchOne" "tryCatchList" "tryCatch" "private$gmm" "self$WangShaoKim2014" "initialize" "EBMRAlgorithmFast4$new" 
"t.default" "t" "solve" "W" "doTryCatch" "tryCatchOne" "tryCatchList" "tryCatch" "func" "genD.default" "genD" "hessian.default" "hessian" "doTryCatch" "tryCatchOne" "tryCatchList" "tryCatch" "private$gmm" "self$WangShaoKim2014" "initialize" "EBMRAlgorithmFast4$new" 
"t.default" "t" "solve" "W" "doTryCatch" "tryCatchOne" "tryCatchList" "tryCatch" "func" "genD.default" "genD" "hessian.default" "hessian" "doTryCatch" "tryCatchOne" "tryCatchList" "tryCatch" "private$gmm" "self$WangShaoKim2014" "initialize" "EBMRAlgorithmFast4$new" 
"t.default" "t" "solve" "W" "doTryCatch" "tryCatchOne" "tryCatchList" "tryCatch" "func" "genD.default" "genD" "hessian.default" "hessian" "doTryCatch" "tryCatchOne" "tryCatchList" "tryCatch" "private$gmm" "self$WangShaoKim2014" "initialize" "EBMRAlgorithmFast4$new" 
"t.default" "t" "solve" "W" "doTryCatch" "tryCatchOne" "tryCatchList" "tryCatch" "func" "genD.default" "genD" "hessian.default" "hessian" "doTryCatch" "tryCatchOne" "tryCatchList" "tryCatch" "private$gmm" "self$WangShaoKim2014" "initialize" "EBMRAlgorithmFast4$new" 
"*" "g" "func" "genD.default" "genD" "hessian.default" "hessian" "doTryCatch" "tryCatchOne" "tryCatchList" "tryCatch" "private$gmm" "self$WangShaoKim2014" "initialize" "EBMRAlgorithmFast4$new" 
"*" "g" "func" "genD.default" "genD" "hessian.default" "hessian" "doTryCatch" "tryCatchOne" "tryCatchList" "tryCatch" "private$gmm" "self$WangShaoKim2014" "initialize" "EBMRAlgorithmFast4$new" 
"*" "g" "func" "genD.default" "genD" "hessian.default" "hessian" "doTryCatch" "tryCatchOne" "tryCatchList" "tryCatch" "private$gmm" "self$WangShaoKim2014" "initialize" "EBMRAlgorithmFast4$new" 
"*" "g" "func" "genD.default" "genD" "hessian.default" "hessian" "doTryCatch" "tryCatchOne" "tryCatchList" "tryCatch" "private$gmm" "self$WangShaoKim2014" "initialize" "EBMRAlgorithmFast4$new" 
"*" "g" "func" "genD.default" "genD" "hessian.default" "hessian" "doTryCatch" "tryCatchOne" "tryCatchList" "tryCatch" "private$gmm" "self$WangShaoKim2014" "initialize" "EBMRAlgorithmFast4$new" 
"*" "g" "func" "genD.default" "genD" "hessian.default" "hessian" "doTryCatch" "tryCatchOne" "tryCatchList" "tryCatch" "private$gmm" "self$WangShaoKim2014" "initialize" "EBMRAlgorithmFast4$new" 
"*" "g" "func" "genD.default" "genD" "hessian.default" "hessian" "doTryCatch" "tryCatchOne" "tryCatchList" "tryCatch" "private$gmm" "self$WangShaoKim2014" "initialize" "EBMRAlgorithmFast4$new" 
"*" "g" "func" "genD.default" "genD" "hessian.default" "hessian" "doTryCatch" "tryCatchOne" "tryCatchList" "tryCatch" "private$gmm" "self$WangShaoKim2014" "initialize" "EBMRAlgorithmFast4$new" 
"*" "g" "func" "genD.default" "genD" "hessian.default" "hessian" "doTryCatch" "tryCatchOne" "tryCatchList" "tryCatch" "private$gmm" "self$WangShaoKim2014" "initialize" "EBMRAlgorithmFast4$new" 
"exp" "compute_pi" "g" "func" "genD.default" "genD" "hessian.default" "hessian" "doTryCatch" "tryCatchOne" "tryCatchList" "tryCatch" "private$gmm" "self$WangShaoKim2014" "initialize" "EBMRAlgorithmFast4$new" 
"exp" "compute_pi" "g" "func" "genD.default" "genD" "hessian.default" "hessian" "doTryCatch" "tryCatchOne" "tryCatchList" "tryCatch" "private$gmm" "self$WangShaoKim2014" "initialize" "EBMRAlgorithmFast4$new" 
"*" "g" "func" "genD.default" "genD" "hessian.default" "hessian" "doTryCatch" "tryCatchOne" "tryCatchList" "tryCatch" "private$gmm" "self$WangShaoKim2014" "initialize" "EBMRAlgorithmFast4$new" 
"*" "g" "func" "genD.default" "genD" "hessian.default" "hessian" "doTryCatch" "tryCatchOne" "tryCatchList" "tryCatch" "private$gmm" "self$WangShaoKim2014" "initialize" "EBMRAlgorithmFast4$new" 
"pmin" "compute_pi" "g" "func" "genD.default" "genD" "hessian.default" "hessian" "doTryCatch" "tryCatchOne" "tryCatchList" "tryCatch" "private$gmm" "self$WangShaoKim2014" "initialize" "EBMRAlgorithmFast4$new" 
"pmin" "compute_pi" "g" "func" "genD.default" "genD" "hessian.default" "hessian" "doTryCatch" "tryCatchOne" "tryCatchList" "tryCatch" "private$gmm" "self$WangShaoKim2014" "initialize" "EBMRAlgorithmFast4$new" 
"pmin" "compute_pi" "g" "func" "genD.default" "genD" "hessian.default" "hessian" "doTryCatch" "tryCatchOne" "tryCatchList" "tryCatch" "private$gmm" "self$WangShaoKim2014" "initialize" "EBMRAlgorithmFast4$new" 
"%*%" "solve" "W" "doTryCatch" "tryCatchOne" "tryCatchList" "tryCatch" "func" "genD.default" "genD" "hessian.default" "hessian" "doTryCatch" "tryCatchOne" "tryCatchList" "tryCatch" "private$gmm" "self$WangShaoKim2014" "initialize" "EBMRAlgorithmFast4$new" 
"%*%" "solve" "W" "doTryCatch" "tryCatchOne" "tryCatchList" "tryCatch" "func" "genD.default" "genD" "hessian.default" "hessian" "doTryCatch" "tryCatchOne" "tryCatchList" "tryCatch" "private$gmm" "self$WangShaoKim2014" "initialize" "EBMRAlgorithmFast4$new" 
"%*%" "solve" "W" "doTryCatch" "tryCatchOne" "tryCatchList" "tryCatch" "func" "genD.default" "genD" "hessian.default" "hessian" "doTryCatch" "tryCatchOne" "tryCatchList" "tryCatch" "private$gmm" "self$WangShaoKim2014" "initialize" "EBMRAlgorithmFast4$new" 
"%*%" "solve" "W" "doTryCatch" "tryCatchOne" "tryCatchList" "tryCatch" "func" "genD.default" "genD" "hessian.default" "hessian" "doTryCatch" "tryCatchOne" "tryCatchList" "tryCatch" "private$gmm" "self$WangShaoKim2014" "initialize" "EBMRAlgorithmFast4$new" 
".colMeans" "matrix" "func" "genD.default" "genD" "hessian.default" "hessian" "doTryCatch" "tryCatchOne" "tryCatchList" "tryCatch" "private$gmm" "self$WangShaoKim2014" "initialize" "EBMRAlgorithmFast4$new" 
".colMeans" "matrix" "func" "genD.default" "genD" "hessian.default" "hessian" "doTryCatch" "tryCatchOne" "tryCatchList" "tryCatch" "private$gmm" "self$WangShaoKim2014" "initialize" "EBMRAlgorithmFast4$new" 
".colMeans" "matrix" "func" "genD.default" "genD" "hessian.default" "hessian" "doTryCatch" "tryCatchOne" "tryCatchList" "tryCatch" "private$gmm" "self$WangShaoKim2014" "initialize" "EBMRAlgorithmFast4$new" 
".colMeans" "matrix" "func" "genD.default" "genD" "hessian.default" "hessian" "doTryCatch" "tryCatchOne" "tryCatchList" "tryCatch" "private$gmm" "self$WangShaoKim2014" "initialize" "EBMRAlgorithmFast4$new" 
"%*%" "solve" "W" "doTryCatch" "tryCatchOne" "tryCatchList" "tryCatch" "func" "genD.default" "genD" "hessian.default" "hessian" "doTryCatch" "tryCatchOne" "tryCatchList" "tryCatch" "private$gmm" "self$WangShaoKim2014" "initialize" "EBMRAlgorithmFast4$new" 
"%*%" "solve" "W" "doTryCatch" "tryCatchOne" "tryCatchList" "tryCatch" "func" "genD.default" "genD" "hessian.default" "hessian" "doTryCatch" "tryCatchOne" "tryCatchList" "tryCatch" "private$gmm" "self$WangShaoKim2014" "initialize" "EBMRAlgorithmFast4$new" 
"is.na" "mostattributes<-" "pmax" "pmin" "compute_pi" "g" "func" "genD.default" "genD" "hessian.default" "hessian" "doTryCatch" "tryCatchOne" "tryCatchList" "tryCatch" "private$gmm" "self$WangShaoKim2014" "initialize" "EBMRAlgorithmFast4$new" 
"is.na" "mostattributes<-" "pmax" "pmin" "compute_pi" "g" "func" "genD.default" "genD" "hessian.default" "hessian" "doTryCatch" "tryCatchOne" "tryCatchList" "tryCatch" "private$gmm" "self$WangShaoKim2014" "initialize" "EBMRAlgorithmFast4$new" 
"is.na" "mostattributes<-" "pmax" "pmin" "compute_pi" "g" "func" "genD.default" "genD" "hessian.default" "hessian" "doTryCatch" "tryCatchOne" "tryCatchList" "tryCatch" "private$gmm" "self$WangShaoKim2014" "initialize" "EBMRAlgorithmFast4$new" 
"*" "g" "func" "genD.default" "genD" "hessian.default" "hessian" "doTryCatch" "tryCatchOne" "tryCatchList" "tryCatch" "private$gmm" "self$WangShaoKim2014" "initialize" "EBMRAlgorithmFast4$new" 
"*" "g" "func" "genD.default" "genD" "hessian.default" "hessian" "doTryCatch" "tryCatchOne" "tryCatchList" "tryCatch" "private$gmm" "self$WangShaoKim2014" "initialize" "EBMRAlgorithmFast4$new" 
"*" "g" "func" "genD.default" "genD" "hessian.default" "hessian" "doTryCatch" "tryCatchOne" "tryCatchList" "tryCatch" "private$gmm" "self$WangShaoKim2014" "initialize" "EBMRAlgorithmFast4$new" 
"vapply" "pmin" "compute_pi" "g" "func" "genD.default" "genD" "hessian.default" "hessian" "doTryCatch" "tryCatchOne" "tryCatchList" "tryCatch" "private$gmm" "self$WangShaoKim2014" "initialize" "EBMRAlgorithmFast4$new" 
"vapply" "pmin" "compute_pi" "g" "func" "genD.default" "genD" "hessian.default" "hessian" "doTryCatch" "tryCatchOne" "tryCatchList" "tryCatch" "private$gmm" "self$WangShaoKim2014" "initialize" "EBMRAlgorithmFast4$new" 
"vapply" "pmin" "compute_pi" "g" "func" "genD.default" "genD" "hessian.default" "hessian" "doTryCatch" "tryCatchOne" "tryCatchList" "tryCatch" "private$gmm" "self$WangShaoKim2014" "initialize" "EBMRAlgorithmFast4$new" 
"%*%" "solve" "W" "doTryCatch" "tryCatchOne" "tryCatchList" "tryCatch" "func" "genD.default" "genD" "hessian.default" "hessian" "doTryCatch" "tryCatchOne" "tryCatchList" "tryCatch" "private$gmm" "self$WangShaoKim2014" "initialize" "EBMRAlgorithmFast4$new" 
"exp" "compute_pi" "g" "func" "genD.default" "genD" "hessian.default" "hessian" "doTryCatch" "tryCatchOne" "tryCatchList" "tryCatch" "private$gmm" "self$WangShaoKim2014" "initialize" "EBMRAlgorithmFast4$new" 
"as.matrix" "solve.default" "solve" "W" "doTryCatch" "tryCatchOne" "tryCatchList" "tryCatch" "func" "genD.default" "genD" "hessian.default" "hessian" "doTryCatch" "tryCatchOne" "tryCatchList" "tryCatch" "private$gmm" "self$WangShaoKim2014" "initialize" "EBMRAlgorithmFast4$new" 
"as.matrix" "solve.default" "solve" "W" "doTryCatch" "tryCatchOne" "tryCatchList" "tryCatch" "func" "genD.default" "genD" "hessian.default" "hessian" "doTryCatch" "tryCatchOne" "tryCatchList" "tryCatch" "private$gmm" "self$WangShaoKim2014" "initialize" "EBMRAlgorithmFast4$new" 
"as.matrix" "solve.default" "solve" "W" "doTryCatch" "tryCatchOne" "tryCatchList" "tryCatch" "func" "genD.default" "genD" "hessian.default" "hessian" "doTryCatch" "tryCatchOne" "tryCatchList" "tryCatch" "private$gmm" "self$WangShaoKim2014" "initialize" "EBMRAlgorithmFast4$new" 
"*" "g" "func" "genD.default" "genD" "hessian.default" "hessian" "doTryCatch" "tryCatchOne" "tryCatchList" "tryCatch" "private$gmm" "self$WangShaoKim2014" "initialize" "EBMRAlgorithmFast4$new" 
"*" "g" "func" "genD.default" "genD" "hessian.default" "hessian" "doTryCatch" "tryCatchOne" "tryCatchList" "tryCatch" "private$gmm" "self$WangShaoKim2014" "initialize" "EBMRAlgorithmFast4$new" 
"*" "g" "func" "genD.default" "genD" "hessian.default" "hessian" "doTryCatch" "tryCatchOne" "tryCatchList" "tryCatch" "private$gmm" "self$WangShaoKim2014" "initialize" "EBMRAlgorithmFast4$new" 
"*" "g" "func" "genD.default" "genD" "hessian.default" "hessian" "doTryCatch" "tryCatchOne" "tryCatchList" "tryCatch" "private$gmm" "self$WangShaoKim2014" "initialize" "EBMRAlgorithmFast4$new" 
"exp" "compute_pi" "g" "func" "genD.default" "genD" "hessian.default" "hessian" "doTryCatch" "tryCatchOne" "tryCatchList" "tryCatch" "private$gmm" "self$WangShaoKim2014" "initialize" "EBMRAlgorithmFast4$new" 
"exp" "compute_pi" "g" "func" "genD.default" "genD" "hessian.default" "hessian" "doTryCatch" "tryCatchOne" "tryCatchList" "tryCatch" "private$gmm" "self$WangShaoKim2014" "initialize" "EBMRAlgorithmFast4$new" 
"exp" "compute_pi" "g" "func" "genD.default" "genD" "hessian.default" "hessian" "doTryCatch" "tryCatchOne" "tryCatchList" "tryCatch" "private$gmm" "self$WangShaoKim2014" "initialize" "EBMRAlgorithmFast4$new" 
"exp" "compute_pi" "g" "func" "genD.default" "genD" "hessian.default" "hessian" "doTryCatch" "tryCatchOne" "tryCatchList" "tryCatch" "private$gmm" "self$WangShaoKim2014" "initialize" "EBMRAlgorithmFast4$new" 
"exp" "compute_pi" "g" "func" "genD.default" "genD" "hessian.default" "hessian" "doTryCatch" "tryCatchOne" "tryCatchList" "tryCatch" "private$gmm" "self$WangShaoKim2014" "initialize" "EBMRAlgorithmFast4$new" 
"exp" "compute_pi" "g" "func" "genD.default" "genD" "hessian.default" "hessian" "doTryCatch" "tryCatchOne" "tryCatchList" "tryCatch" "private$gmm" "self$WangShaoKim2014" "initialize" "EBMRAlgorithmFast4$new" 
"exp" "compute_pi" "g" "func" "genD.default" "genD" "hessian.default" "hessian" "doTryCatch" "tryCatchOne" "tryCatchList" "tryCatch" "private$gmm" "self$WangShaoKim2014" "initialize" "EBMRAlgorithmFast4$new" 
"t.default" "t" "solve" "W" "doTryCatch" "tryCatchOne" "tryCatchList" "tryCatch" "func" "genD.default" "genD" "hessian.default" "hessian" "doTryCatch" "tryCatchOne" "tryCatchList" "tryCatch" "private$gmm" "self$WangShaoKim2014" "initialize" "EBMRAlgorithmFast4$new" 
"t.default" "t" "solve" "W" "doTryCatch" "tryCatchOne" "tryCatchList" "tryCatch" "func" "genD.default" "genD" "hessian.default" "hessian" "doTryCatch" "tryCatchOne" "tryCatchList" "tryCatch" "private$gmm" "self$WangShaoKim2014" "initialize" "EBMRAlgorithmFast4$new" 
"t.default" "t" "solve" "W" "doTryCatch" "tryCatchOne" "tryCatchList" "tryCatch" "func" "genD.default" "genD" "hessian.default" "hessian" "doTryCatch" "tryCatchOne" "tryCatchList" "tryCatch" "private$gmm" "self$WangShaoKim2014" "initialize" "EBMRAlgorithmFast4$new" 
"t.default" "t" "solve" "W" "doTryCatch" "tryCatchOne" "tryCatchList" "tryCatch" "func" "genD.default" "genD" "hessian.default" "hessian" "doTryCatch" "tryCatchOne" "tryCatchList" "tryCatch" "private$gmm" "self$WangShaoKim2014" "initialize" "EBMRAlgorithmFast4$new" 
"t.default" "t" "solve" "W" "doTryCatch" "tryCatchOne" "tryCatchList" "tryCatch" "func" "genD.default" "genD" "hessian.default" "hessian" "doTryCatch" "tryCatchOne" "tryCatchList" "tryCatch" "private$gmm" "self$WangShaoKim2014" "initialize" "EBMRAlgorithmFast4$new" 
"lengths" "mostattributes<-" "pmax" "pmin" "compute_pi" "g" "func" "genD.default" "genD" "hessian.default" "hessian" "doTryCatch" "tryCatchOne" "tryCatchList" "tryCatch" "private$gmm" "self$WangShaoKim2014" "initialize" "EBMRAlgorithmFast4$new" 
"lengths" "mostattributes<-" "pmax" "pmin" "compute_pi" "g" "func" "genD.default" "genD" "hessian.default" "hessian" "doTryCatch" "tryCatchOne" "tryCatchList" "tryCatch" "private$gmm" "self$WangShaoKim2014" "initialize" "EBMRAlgorithmFast4$new" 
"lengths" "mostattributes<-" "pmax" "pmin" "compute_pi" "g" "func" "genD.default" "genD" "hessian.default" "hessian" "doTryCatch" "tryCatchOne" "tryCatchList" "tryCatch" "private$gmm" "self$WangShaoKim2014" "initialize" "EBMRAlgorithmFast4$new" 
"t.default" "t" "solve" "W" "doTryCatch" "tryCatchOne" "tryCatchList" "tryCatch" "private$gmm" "self$WangShaoKim2014" "initialize" "EBMRAlgorithmFast4$new" 
"t.default" "t" "solve" "W" "doTryCatch" "tryCatchOne" "tryCatchList" "tryCatch" "private$gmm" "self$WangShaoKim2014" "initialize" "EBMRAlgorithmFast4$new" 
"*" "dg" "t_Gamma_i" "private$gmm" "self$WangShaoKim2014" "initialize" "EBMRAlgorithmFast4$new" 
"colMeans" "Gamma" "private$gmm" "self$WangShaoKim2014" "initialize" "EBMRAlgorithmFast4$new" 
"t.default" "t" "standardGeneric" "t" "private$gmm" "self$WangShaoKim2014" "initialize" "EBMRAlgorithmFast4$new" 
"t.default" "t" "standardGeneric" "t" "private$gmm" "self$WangShaoKim2014" "initialize" "EBMRAlgorithmFast4$new" 
"t.default" "t" "standardGeneric" "t" "private$gmm" "self$WangShaoKim2014" "initialize" "EBMRAlgorithmFast4$new" 
"d2g" "Gamma_2" "private$gmm" "self$WangShaoKim2014" "initialize" "EBMRAlgorithmFast4$new" 
"d2g" "Gamma_2" "private$gmm" "self$WangShaoKim2014" "initialize" "EBMRAlgorithmFast4$new" 
"d2g" "Gamma_2" "private$gmm" "self$WangShaoKim2014" "initialize" "EBMRAlgorithmFast4$new" 
"%*%" "private$gmm" "self$WangShaoKim2014" "initialize" "EBMRAlgorithmFast4$new" 
"%*%" "private$gmm" "self$WangShaoKim2014" "initialize" "EBMRAlgorithmFast4$new" 
"%*%" "private$gmm" "self$WangShaoKim2014" "initialize" "EBMRAlgorithmFast4$new" 
"%*%" "private$gmm" "self$WangShaoKim2014" "initialize" "EBMRAlgorithmFast4$new" 
"%*%" "private$gmm" "self$WangShaoKim2014" "initialize" "EBMRAlgorithmFast4$new" 
"as.matrix" "standardGeneric" "as.matrix" "ebmr2$EBMR_IPW" 
"as.matrix" "standardGeneric" "as.matrix" "ebmr2$EBMR_IPW" 
"as.matrix" "standardGeneric" "as.matrix" "ebmr2$EBMR_IPW" 
"as.vector" "ebmr2$EBMR_IPW" 
"sum" "private$check_data" "initialize" "EBMRAlgorithmFast4$new" 
"sum" "private$check_data" "initialize" "EBMRAlgorithmFast4$new" 
"sum" "private$check_data" "initialize" "EBMRAlgorithmFast4$new" 
"model.matrix.default" "model.matrix" "private$build_design_matrix" "self$WangShaoKim2014" "initialize" "EBMRAlgorithmFast4$new" 
"model.matrix.default" "model.matrix" "private$build_design_matrix" "self$WangShaoKim2014" "initialize" "EBMRAlgorithmFast4$new" 
"model.matrix.default" "model.matrix" "private$build_design_matrix" "self$WangShaoKim2014" "initialize" "EBMRAlgorithmFast4$new" 
"model.matrix.default" "model.matrix" "private$build_design_matrix" "self$WangShaoKim2014" "initialize" "EBMRAlgorithmFast4$new" 
".External2" "model.frame.default" "model.frame" "model.matrix.default" "model.matrix" "private$build_design_matrix" "self$WangShaoKim2014" "initialize" "EBMRAlgorithmFast4$new" 
".External2" "model.frame.default" "model.frame" "model.matrix.default" "model.matrix" "private$build_design_matrix" "self$WangShaoKim2014" "initialize" "EBMRAlgorithmFast4$new" 
"factor" "as.factor" "self$WangShaoKim2014" "initialize" "EBMRAlgorithmFast4$new" 
"factor" "as.factor" "self$WangShaoKim2014" "initialize" "EBMRAlgorithmFast4$new" 
"factor" "as.factor" "self$WangShaoKim2014" "initialize" "EBMRAlgorithmFast4$new" 
"FUN" "vapply" ".getXlevels" "lm" "model.matrix" "self$WangShaoKim2014" "initialize" "EBMRAlgorithmFast4$new" 
"FUN" "vapply" ".getXlevels" "lm" "model.matrix" "self$WangShaoKim2014" "initialize" "EBMRAlgorithmFast4$new" 
"FUN" "vapply" ".getXlevels" "lm" "model.matrix" "self$WangShaoKim2014" "initialize" "EBMRAlgorithmFast4$new" 
"as.vector" "self$WangShaoKim2014" "initialize" "EBMRAlgorithmFast4$new" 
"as.vector" "self$WangShaoKim2014" "initialize" "EBMRAlgorithmFast4$new" 
"as.vector" "self$WangShaoKim2014" "initialize" "EBMRAlgorithmFast4$new" 
"mostattributes<-" "pmax" "pmin" "compute_pi" "g" "cache" "fn" "<Anonymous>" ".External2" "optim" "private$gmm" "self$WangShaoKim2014" "initialize" "EBMRAlgorithmFast4$new" 
"g" "cache" "fn" "<Anonymous>" ".External2" "optim" "private$gmm" "self$WangShaoKim2014" "initialize" "EBMRAlgorithmFast4$new" 
"*" "g" "cache" "fn" "<Anonymous>" ".External2" "optim" "private$gmm" "self$WangShaoKim2014" "initialize" "EBMRAlgorithmFast4$new" 
"*" "g" "cache" "fn" "<Anonymous>" ".External2" "optim" "private$gmm" "self$WangShaoKim2014" "initialize" "EBMRAlgorithmFast4$new" 
"*" "g" "cache" "fn" "<Anonymous>" ".External2" "optim" "private$gmm" "self$WangShaoKim2014" "initialize" "EBMRAlgorithmFast4$new" 
"all" "pmax" "pmin" "compute_pi" "as.vector" "Gamma_direct" "gr" "<Anonymous>" ".External2" "optim" "private$gmm" "self$WangShaoKim2014" "initialize" "EBMRAlgorithmFast4$new" 
"fn" "<Anonymous>" ".External2" "optim" "private$gmm" "self$WangShaoKim2014" "initialize" "EBMRAlgorithmFast4$new" 
"fn" "<Anonymous>" ".External2" "optim" "private$gmm" "self$WangShaoKim2014" "initialize" "EBMRAlgorithmFast4$new" 
"fn" "<Anonymous>" ".External2" "optim" "private$gmm" "self$WangShaoKim2014" "initialize" "EBMRAlgorithmFast4$new" 
"cache" "gr" "<Anonymous>" ".External2" "optim" "private$gmm" "self$WangShaoKim2014" "initialize" "EBMRAlgorithmFast4$new" 
"cache" "gr" "<Anonymous>" ".External2" "optim" "private$gmm" "self$WangShaoKim2014" "initialize" "EBMRAlgorithmFast4$new" 
"cache" "gr" "<Anonymous>" ".External2" "optim" "private$gmm" "self$WangShaoKim2014" "initialize" "EBMRAlgorithmFast4$new" 
"exp" "compute_pi" "g" "cache" "fn" "<Anonymous>" ".External2" "optim" "private$gmm" "self$WangShaoKim2014" "initialize" "EBMRAlgorithmFast4$new" 
"*" "g" "cache" "fn" "<Anonymous>" ".External2" "optim" "private$gmm" "self$WangShaoKim2014" "initialize" "EBMRAlgorithmFast4$new" 
"crossprod" "Gamma_direct" "gr" "<Anonymous>" ".External2" "optim" "private$gmm" "self$WangShaoKim2014" "initialize" "EBMRAlgorithmFast4$new" 
"crossprod" "Gamma_direct" "gr" "<Anonymous>" ".External2" "optim" "private$gmm" "self$WangShaoKim2014" "initialize" "EBMRAlgorithmFast4$new" 
"*" "Gamma_direct" "conv_grad" "private$gmm" "self$WangShaoKim2014" "initialize" "EBMRAlgorithmFast4$new" 
"*" "Gamma_direct" "conv_grad" "private$gmm" "self$WangShaoKim2014" "initialize" "EBMRAlgorithmFast4$new" 
"*" "Gamma_direct" "conv_grad" "private$gmm" "self$WangShaoKim2014" "initialize" "EBMRAlgorithmFast4$new" 
"exp" "compute_pi" "g" "cache" "fn" "<Anonymous>" ".External2" "optim" "private$gmm" "self$WangShaoKim2014" "initialize" "EBMRAlgorithmFast4$new" 
"exp" "compute_pi" "g" "cache" "fn" "<Anonymous>" ".External2" "optim" "private$gmm" "self$WangShaoKim2014" "initialize" "EBMRAlgorithmFast4$new" 
"exp" "compute_pi" "g" "cache" "fn" "<Anonymous>" ".External2" "optim" "private$gmm" "self$WangShaoKim2014" "initialize" "EBMRAlgorithmFast4$new" 
"mostattributes<-" "pmax" "pmin" "compute_pi" "g" "cache" "fn" "<Anonymous>" ".External2" "optim" "private$gmm" "self$WangShaoKim2014" "initialize" "EBMRAlgorithmFast4$new" 
"mostattributes<-" "pmax" "pmin" "compute_pi" "g" "cache" "fn" "<Anonymous>" ".External2" "optim" "private$gmm" "self$WangShaoKim2014" "initialize" "EBMRAlgorithmFast4$new" 
"mostattributes<-" "pmax" "pmin" "compute_pi" "g" "cache" "fn" "<Anonymous>" ".External2" "optim" "private$gmm" "self$WangShaoKim2014" "initialize" "EBMRAlgorithmFast4$new" 
"mostattributes<-" "pmax" "pmin" "compute_pi" "g" "cache" "fn" "<Anonymous>" ".External2" "optim" "private$gmm" "self$WangShaoKim2014" "initialize" "EBMRAlgorithmFast4$new" 
"mostattributes<-" "pmax" "pmin" "compute_pi" "g" "cache" "fn" "<Anonymous>" ".External2" "optim" "private$gmm" "self$WangShaoKim2014" "initialize" "EBMRAlgorithmFast4$new" 
"mostattributes<-" "pmax" "pmin" "compute_pi" "g" "cache" "fn" "<Anonymous>" ".External2" "optim" "private$gmm" "self$WangShaoKim2014" "initialize" "EBMRAlgorithmFast4$new" 
"exp" "compute_pi" "as.vector" "Gamma_direct" "gr" "<Anonymous>" ".External2" "optim" "private$gmm" "self$WangShaoKim2014" "initialize" "EBMRAlgorithmFast4$new" 
"crossprod" "Gamma_direct" "gr" "<Anonymous>" ".External2" "optim" "private$gmm" "self$WangShaoKim2014" "initialize" "EBMRAlgorithmFast4$new" 
"crossprod" "Gamma_direct" "gr" "<Anonymous>" ".External2" "optim" "private$gmm" "self$WangShaoKim2014" "initialize" "EBMRAlgorithmFast4$new" 
"crossprod" "Gamma_direct" "gr" "<Anonymous>" ".External2" "optim" "private$gmm" "self$WangShaoKim2014" "initialize" "EBMRAlgorithmFast4$new" 
"exp" "compute_pi" "g" "cache" "fn" "<Anonymous>" ".External2" "optim" "private$gmm" "self$WangShaoKim2014" "initialize" "EBMRAlgorithmFast4$new" 
"exp" "compute_pi" "g" "cache" "fn" "<Anonymous>" ".External2" "optim" "private$gmm" "self$WangShaoKim2014" "initialize" "EBMRAlgorithmFast4$new" 
"exp" "compute_pi" "g" "cache" "fn" "<Anonymous>" ".External2" "optim" "private$gmm" "self$WangShaoKim2014" "initialize" "EBMRAlgorithmFast4$new" 
"exp" "compute_pi" "g" "cache" "fn" "<Anonymous>" ".External2" "optim" "private$gmm" "self$WangShaoKim2014" "initialize" "EBMRAlgorithmFast4$new" 
"exp" "compute_pi" "g" "cache" "fn" "<Anonymous>" ".External2" "optim" "private$gmm" "self$WangShaoKim2014" "initialize" "EBMRAlgorithmFast4$new" 
"pmax" "pmin" "compute_pi" "g" "cache" "fn" "<Anonymous>" ".External2" "optim" "private$gmm" "self$WangShaoKim2014" "initialize" "EBMRAlgorithmFast4$new" 
"pmax" "pmin" "compute_pi" "g" "cache" "fn" "<Anonymous>" ".External2" "optim" "private$gmm" "self$WangShaoKim2014" "initialize" "EBMRAlgorithmFast4$new" 
"*" "g" "cache" "fn" "<Anonymous>" ".External2" "optim" "private$gmm" "self$WangShaoKim2014" "initialize" "EBMRAlgorithmFast4$new" 
"*" "g" "cache" "fn" "<Anonymous>" ".External2" "optim" "private$gmm" "self$WangShaoKim2014" "initialize" "EBMRAlgorithmFast4$new" 
"*" "g" "cache" "fn" "<Anonymous>" ".External2" "optim" "private$gmm" "self$WangShaoKim2014" "initialize" "EBMRAlgorithmFast4$new" 
"*" "g" "cache" "fn" "<Anonymous>" ".External2" "optim" "private$gmm" "self$WangShaoKim2014" "initialize" "EBMRAlgorithmFast4$new" 
".colMeans" "matrix" "conv_grad" "private$gmm" "self$WangShaoKim2014" "initialize" "EBMRAlgorithmFast4$new" 
".colMeans" "matrix" "conv_grad" "private$gmm" "self$WangShaoKim2014" "initialize" "EBMRAlgorithmFast4$new" 
".colMeans" "matrix" "conv_grad" "private$gmm" "self$WangShaoKim2014" "initialize" "EBMRAlgorithmFast4$new" 
"g" "cache" "fn" "<Anonymous>" ".External2" "optim" "private$gmm" "self$WangShaoKim2014" "initialize" "EBMRAlgorithmFast4$new" 
"g" "cache" "fn" "<Anonymous>" ".External2" "optim" "private$gmm" "self$WangShaoKim2014" "initialize" "EBMRAlgorithmFast4$new" 
"*" "g" "conv_grad" "private$gmm" "self$WangShaoKim2014" "initialize" "EBMRAlgorithmFast4$new" 
"*" "g" "conv_grad" "private$gmm" "self$WangShaoKim2014" "initialize" "EBMRAlgorithmFast4$new" 
"*" "g" "conv_grad" "private$gmm" "self$WangShaoKim2014" "initialize" "EBMRAlgorithmFast4$new" 
"-" "Gamma_direct" "gr" "<Anonymous>" ".External2" "optim" "private$gmm" "self$WangShaoKim2014" "initialize" "EBMRAlgorithmFast4$new" 
"-" "Gamma_direct" "gr" "<Anonymous>" ".External2" "optim" "private$gmm" "self$WangShaoKim2014" "initialize" "EBMRAlgorithmFast4$new" 
"-" "Gamma_direct" "gr" "<Anonymous>" ".External2" "optim" "private$gmm" "self$WangShaoKim2014" "initialize" "EBMRAlgorithmFast4$new" 
"-" "Gamma_direct" "gr" "<Anonymous>" ".External2" "optim" "private$gmm" "self$WangShaoKim2014" "initialize" "EBMRAlgorithmFast4$new" 
"-" "Gamma_direct" "gr" "<Anonymous>" ".External2" "optim" "private$gmm" "self$WangShaoKim2014" "initialize" "EBMRAlgorithmFast4$new" 
"vapply" "pmax" "pmin" "compute_pi" "as.vector" "Gamma_direct" "gr" "<Anonymous>" ".External2" "optim" "private$gmm" "self$WangShaoKim2014" "initialize" "EBMRAlgorithmFast4$new" 
"vapply" "pmax" "pmin" "compute_pi" "as.vector" "Gamma_direct" "gr" "<Anonymous>" ".External2" "optim" "private$gmm" "self$WangShaoKim2014" "initialize" "EBMRAlgorithmFast4$new" 
"vapply" "pmax" "pmin" "compute_pi" "as.vector" "Gamma_direct" "gr" "<Anonymous>" ".External2" "optim" "private$gmm" "self$WangShaoKim2014" "initialize" "EBMRAlgorithmFast4$new" 
"vapply" "pmax" "pmin" "compute_pi" "as.vector" "Gamma_direct" "gr" "<Anonymous>" ".External2" "optim" "private$gmm" "self$WangShaoKim2014" "initialize" "EBMRAlgorithmFast4$new" 
"vapply" "pmax" "pmin" "compute_pi" "as.vector" "Gamma_direct" "gr" "<Anonymous>" ".External2" "optim" "private$gmm" "self$WangShaoKim2014" "initialize" "EBMRAlgorithmFast4$new" 
"exp" "compute_pi" "as.vector" "Gamma_direct" "conv_grad" "private$gmm" "self$WangShaoKim2014" "initialize" "EBMRAlgorithmFast4$new" 
"exp" "compute_pi" "as.vector" "Gamma_direct" "conv_grad" "private$gmm" "self$WangShaoKim2014" "initialize" "EBMRAlgorithmFast4$new" 
"exp" "compute_pi" "as.vector" "Gamma_direct" "conv_grad" "private$gmm" "self$WangShaoKim2014" "initialize" "EBMRAlgorithmFast4$new" 
"*" "g" "cache" "fn" "<Anonymous>" ".External2" "optim" "private$gmm" "self$WangShaoKim2014" "initialize" "EBMRAlgorithmFast4$new" 
"*" "g" "cache" "fn" "<Anonymous>" ".External2" "optim" "private$gmm" "self$WangShaoKim2014" "initialize" "EBMRAlgorithmFast4$new" 
"*" "g" "cache" "fn" "<Anonymous>" ".External2" "optim" "private$gmm" "self$WangShaoKim2014" "initialize" "EBMRAlgorithmFast4$new" 
"*" "g" "cache" "fn" "<Anonymous>" ".External2" "optim" "private$gmm" "self$WangShaoKim2014" "initialize" "EBMRAlgorithmFast4$new" 
"*" "g" "cache" "fn" "<Anonymous>" ".External2" "optim" "private$gmm" "self$WangShaoKim2014" "initialize" "EBMRAlgorithmFast4$new" 
"*" "g" "cache" "fn" "<Anonymous>" ".External2" "optim" "private$gmm" "self$WangShaoKim2014" "initialize" "EBMRAlgorithmFast4$new" 
"*" "g" "cache" "fn" "<Anonymous>" ".External2" "optim" "private$gmm" "self$WangShaoKim2014" "initialize" "EBMRAlgorithmFast4$new" 
"*" "g" "cache" "fn" "<Anonymous>" ".External2" "optim" "private$gmm" "self$WangShaoKim2014" "initialize" "EBMRAlgorithmFast4$new" 
"*" "g" "cache" "fn" "<Anonymous>" ".External2" "optim" "private$gmm" "self$WangShaoKim2014" "initialize" "EBMRAlgorithmFast4$new" 
"*" "g" "cache" "fn" "<Anonymous>" ".External2" "optim" "private$gmm" "self$WangShaoKim2014" "initialize" "EBMRAlgorithmFast4$new" 
"*" "g" "cache" "fn" "<Anonymous>" ".External2" "optim" "private$gmm" "self$WangShaoKim2014" "initialize" "EBMRAlgorithmFast4$new" 
"*" "g" "cache" "fn" "<Anonymous>" ".External2" "optim" "private$gmm" "self$WangShaoKim2014" "initialize" "EBMRAlgorithmFast4$new" 
"*" "g" "cache" "fn" "<Anonymous>" ".External2" "optim" "private$gmm" "self$WangShaoKim2014" "initialize" "EBMRAlgorithmFast4$new" 
"*" "g" "cache" "fn" "<Anonymous>" ".External2" "optim" "private$gmm" "self$WangShaoKim2014" "initialize" "EBMRAlgorithmFast4$new" 
"*" "g" "cache" "fn" "<Anonymous>" ".External2" "optim" "private$gmm" "self$WangShaoKim2014" "initialize" "EBMRAlgorithmFast4$new" 
"%*%" "g" "cache" "fn" "<Anonymous>" ".External2" "optim" "private$gmm" "self$WangShaoKim2014" "initialize" "EBMRAlgorithmFast4$new" 
"%*%" "g" "cache" "fn" "<Anonymous>" ".External2" "optim" "private$gmm" "self$WangShaoKim2014" "initialize" "EBMRAlgorithmFast4$new" 
"%*%" "g" "cache" "fn" "<Anonymous>" ".External2" "optim" "private$gmm" "self$WangShaoKim2014" "initialize" "EBMRAlgorithmFast4$new" 
"%*%" "g" "cache" "fn" "<Anonymous>" ".External2" "optim" "private$gmm" "self$WangShaoKim2014" "initialize" "EBMRAlgorithmFast4$new" 
"*" "g" "cache" "fn" "<Anonymous>" ".External2" "optim" "private$gmm" "self$WangShaoKim2014" "initialize" "EBMRAlgorithmFast4$new" 
"match.arg" "optim" "private$gmm" "self$WangShaoKim2014" "initialize" "EBMRAlgorithmFast4$new" 
"crossprod" "Gamma_direct" "gr" "<Anonymous>" ".External2" "optim" "private$gmm" "self$WangShaoKim2014" "initialize" "EBMRAlgorithmFast4$new" 
"crossprod" "Gamma_direct" "gr" "<Anonymous>" ".External2" "optim" "private$gmm" "self$WangShaoKim2014" "initialize" "EBMRAlgorithmFast4$new" 
"crossprod" "Gamma_direct" "gr" "<Anonymous>" ".External2" "optim" "private$gmm" "self$WangShaoKim2014" "initialize" "EBMRAlgorithmFast4$new" 
"crossprod" "Gamma_direct" "gr" "<Anonymous>" ".External2" "optim" "private$gmm" "self$WangShaoKim2014" "initialize" "EBMRAlgorithmFast4$new" 
"-" "Gamma_direct" "conv_grad" "private$gmm" "self$WangShaoKim2014" "initialize" "EBMRAlgorithmFast4$new" 
"-" "Gamma_direct" "conv_grad" "private$gmm" "self$WangShaoKim2014" "initialize" "EBMRAlgorithmFast4$new" 
"*" "Gamma_direct" "gr" "<Anonymous>" ".External2" "optim" "private$gmm" "self$WangShaoKim2014" "initialize" "EBMRAlgorithmFast4$new" 
"*" "Gamma_direct" "gr" "<Anonymous>" ".External2" "optim" "private$gmm" "self$WangShaoKim2014" "initialize" "EBMRAlgorithmFast4$new" 
"*" "Gamma_direct" "gr" "<Anonymous>" ".External2" "optim" "private$gmm" "self$WangShaoKim2014" "initialize" "EBMRAlgorithmFast4$new" 
"crossprod" "Gamma_direct" "conv_grad" "private$gmm" "self$WangShaoKim2014" "initialize" "EBMRAlgorithmFast4$new" 
"crossprod" "Gamma_direct" "conv_grad" "private$gmm" "self$WangShaoKim2014" "initialize" "EBMRAlgorithmFast4$new" 
"crossprod" "Gamma_direct" "conv_grad" "private$gmm" "self$WangShaoKim2014" "initialize" "EBMRAlgorithmFast4$new" 
"exp" "compute_pi" "as.vector" "Gamma_direct" "gr" "<Anonymous>" ".External2" "optim" "private$gmm" "self$WangShaoKim2014" "initialize" "EBMRAlgorithmFast4$new" 
"exp" "compute_pi" "as.vector" "Gamma_direct" "gr" "<Anonymous>" ".External2" "optim" "private$gmm" "self$WangShaoKim2014" "initialize" "EBMRAlgorithmFast4$new" 
"exp" "compute_pi" "as.vector" "Gamma_direct" "gr" "<Anonymous>" ".External2" "optim" "private$gmm" "self$WangShaoKim2014" "initialize" "EBMRAlgorithmFast4$new" 
"%*%" "g" "cache" "fn" "<Anonymous>" ".External2" "optim" "private$gmm" "self$WangShaoKim2014" "initialize" "EBMRAlgorithmFast4$new" 
"%*%" "g" "cache" "fn" "<Anonymous>" ".External2" "optim" "private$gmm" "self$WangShaoKim2014" "initialize" "EBMRAlgorithmFast4$new" 
"%*%" "g" "cache" "fn" "<Anonymous>" ".External2" "optim" "private$gmm" "self$WangShaoKim2014" "initialize" "EBMRAlgorithmFast4$new" 
"%*%" "g" "cache" "fn" "<Anonymous>" ".External2" "optim" "private$gmm" "self$WangShaoKim2014" "initialize" "EBMRAlgorithmFast4$new" 
"*" "Gamma_direct" "gr" "<Anonymous>" ".External2" "optim" "private$gmm" "self$WangShaoKim2014" "initialize" "EBMRAlgorithmFast4$new" 
"*" "Gamma_direct" "gr" "<Anonymous>" ".External2" "optim" "private$gmm" "self$WangShaoKim2014" "initialize" "EBMRAlgorithmFast4$new" 
"*" "Gamma_direct" "gr" "<Anonymous>" ".External2" "optim" "private$gmm" "self$WangShaoKim2014" "initialize" "EBMRAlgorithmFast4$new" 
"crossprod" "Gamma_direct" "gr" "<Anonymous>" ".External2" "optim" "private$gmm" "self$WangShaoKim2014" "initialize" "EBMRAlgorithmFast4$new" 
"crossprod" "Gamma_direct" "gr" "<Anonymous>" ".External2" "optim" "private$gmm" "self$WangShaoKim2014" "initialize" "EBMRAlgorithmFast4$new" 
"private$gmm" "self$WangShaoKim2014" "initialize" "EBMRAlgorithmFast4$new" 
".colMeans" "matrix" "cache" "fn" "<Anonymous>" ".External2" "optim" "private$gmm" "self$WangShaoKim2014" "initialize" "EBMRAlgorithmFast4$new" 
"exp" "compute_pi" "g" "cache" "fn" "<Anonymous>" ".External2" "optim" "private$gmm" "self$WangShaoKim2014" "initialize" "EBMRAlgorithmFast4$new" 
"exp" "compute_pi" "g" "cache" "fn" "<Anonymous>" ".External2" "optim" "private$gmm" "self$WangShaoKim2014" "initialize" "EBMRAlgorithmFast4$new" 
"as.vector" "g" "conv_grad" "private$gmm" "self$WangShaoKim2014" "initialize" "EBMRAlgorithmFast4$new" 
"as.vector" "g" "conv_grad" "private$gmm" "self$WangShaoKim2014" "initialize" "EBMRAlgorithmFast4$new" 
"as.vector" "g" "conv_grad" "private$gmm" "self$WangShaoKim2014" "initialize" "EBMRAlgorithmFast4$new" 
"as.vector" "Gamma_direct" "gr" "<Anonymous>" ".External2" "optim" "private$gmm" "self$WangShaoKim2014" "initialize" "EBMRAlgorithmFast4$new" 
"as.vector" "Gamma_direct" "gr" "<Anonymous>" ".External2" "optim" "private$gmm" "self$WangShaoKim2014" "initialize" "EBMRAlgorithmFast4$new" 
"exp" "compute_pi" "g" "cache" "fn" "<Anonymous>" ".External2" "optim" "private$gmm" "self$WangShaoKim2014" "initialize" "EBMRAlgorithmFast4$new" 
"exp" "compute_pi" "g" "cache" "fn" "<Anonymous>" ".External2" "optim" "private$gmm" "self$WangShaoKim2014" "initialize" "EBMRAlgorithmFast4$new" 
"exp" "compute_pi" "g" "cache" "fn" "<Anonymous>" ".External2" "optim" "private$gmm" "self$WangShaoKim2014" "initialize" "EBMRAlgorithmFast4$new" 
"solve.default" "solve" "W" "doTryCatch" "tryCatchOne" "tryCatchList" "tryCatch" "private$gmm" "self$WangShaoKim2014" "initialize" "EBMRAlgorithmFast4$new" 
"solve.default" "solve" "W" "doTryCatch" "tryCatchOne" "tryCatchList" "tryCatch" "private$gmm" "self$WangShaoKim2014" "initialize" "EBMRAlgorithmFast4$new" 
"solve.default" "solve" "W" "doTryCatch" "tryCatchOne" "tryCatchList" "tryCatch" "private$gmm" "self$WangShaoKim2014" "initialize" "EBMRAlgorithmFast4$new" 
"exp" "compute_pi" "g" "cache" "fn" "<Anonymous>" ".External2" "optim" "private$gmm" "self$WangShaoKim2014" "initialize" "EBMRAlgorithmFast4$new" 
"exp" "compute_pi" "g" "cache" "fn" "<Anonymous>" ".External2" "optim" "private$gmm" "self$WangShaoKim2014" "initialize" "EBMRAlgorithmFast4$new" 
"exp" "compute_pi" "g" "cache" "fn" "<Anonymous>" ".External2" "optim" "private$gmm" "self$WangShaoKim2014" "initialize" "EBMRAlgorithmFast4$new" 
"fn" "<Anonymous>" ".External2" "optim" "private$gmm" "self$WangShaoKim2014" "initialize" "EBMRAlgorithmFast4$new" 
"fn" "<Anonymous>" ".External2" "optim" "private$gmm" "self$WangShaoKim2014" "initialize" "EBMRAlgorithmFast4$new" 
"fn" "<Anonymous>" ".External2" "optim" "private$gmm" "self$WangShaoKim2014" "initialize" "EBMRAlgorithmFast4$new" 
"fn" "<Anonymous>" ".External2" "optim" "private$gmm" "self$WangShaoKim2014" "initialize" "EBMRAlgorithmFast4$new" 
"*" "g" "cache" "fn" "<Anonymous>" ".External2" "optim" "private$gmm" "self$WangShaoKim2014" "initialize" "EBMRAlgorithmFast4$new" 
"*" "g" "cache" "fn" "<Anonymous>" ".External2" "optim" "private$gmm" "self$WangShaoKim2014" "initialize" "EBMRAlgorithmFast4$new" 
"*" "g" "cache" "fn" "<Anonymous>" ".External2" "optim" "private$gmm" "self$WangShaoKim2014" "initialize" "EBMRAlgorithmFast4$new" 
"exp" "compute_pi" "g" "cache" "fn" "<Anonymous>" ".External2" "optim" "private$gmm" "self$WangShaoKim2014" "initialize" "EBMRAlgorithmFast4$new" 
"conv_grad" "private$gmm" "self$WangShaoKim2014" "initialize" "EBMRAlgorithmFast4$new" 
"colnames<-" "solve.default" "solve" "W" "doTryCatch" "tryCatchOne" "tryCatchList" "tryCatch" "private$gmm" "self$WangShaoKim2014" "initialize" "EBMRAlgorithmFast4$new" 
"Gamma_direct" "gr" "<Anonymous>" ".External2" "optim" "private$gmm" "self$WangShaoKim2014" "initialize" "EBMRAlgorithmFast4$new" 
"Gamma_direct" "gr" "<Anonymous>" ".External2" "optim" "private$gmm" "self$WangShaoKim2014" "initialize" "EBMRAlgorithmFast4$new" 
"Gamma_direct" "gr" "<Anonymous>" ".External2" "optim" "private$gmm" "self$WangShaoKim2014" "initialize" "EBMRAlgorithmFast4$new" 
"Gamma_direct" "gr" "<Anonymous>" ".External2" "optim" "private$gmm" "self$WangShaoKim2014" "initialize" "EBMRAlgorithmFast4$new" 
"%*%" "solve" "W" "doTryCatch" "tryCatchOne" "tryCatchList" "tryCatch" "private$gmm" "self$WangShaoKim2014" "initialize" "EBMRAlgorithmFast4$new" 
"private$gmm" "self$WangShaoKim2014" "initialize" "EBMRAlgorithmFast4$new" 
"private$gmm" "self$WangShaoKim2014" "initialize" "EBMRAlgorithmFast4$new" 
"private$gmm" "self$WangShaoKim2014" "initialize" "EBMRAlgorithmFast4$new" 
"g" "cache" "fn" "<Anonymous>" ".External2" "optim" "private$gmm" "self$WangShaoKim2014" "initialize" "EBMRAlgorithmFast4$new" 
"g" "cache" "fn" "<Anonymous>" ".External2" "optim" "private$gmm" "self$WangShaoKim2014" "initialize" "EBMRAlgorithmFast4$new" 
"g" "cache" "fn" "<Anonymous>" ".External2" "optim" "private$gmm" "self$WangShaoKim2014" "initialize" "EBMRAlgorithmFast4$new" 
"%*%" "g" "cache" "fn" "<Anonymous>" ".External2" "optim" "private$gmm" "self$WangShaoKim2014" "initialize" "EBMRAlgorithmFast4$new" 
"%*%" "g" "cache" "fn" "<Anonymous>" ".External2" "optim" "private$gmm" "self$WangShaoKim2014" "initialize" "EBMRAlgorithmFast4$new" 
"solve.default" "solve" "W" "doTryCatch" "tryCatchOne" "tryCatchList" "tryCatch" "private$gmm" "self$WangShaoKim2014" "initialize" "EBMRAlgorithmFast4$new" 
"*" "g" "cache" "fn" "<Anonymous>" ".External2" "optim" "private$gmm" "self$WangShaoKim2014" "initialize" "EBMRAlgorithmFast4$new" 
"*" "g" "cache" "fn" "<Anonymous>" ".External2" "optim" "private$gmm" "self$WangShaoKim2014" "initialize" "EBMRAlgorithmFast4$new" 
"cache" "gr" "<Anonymous>" ".External2" "optim" "private$gmm" "self$WangShaoKim2014" "initialize" "EBMRAlgorithmFast4$new" 
"*" "Gamma_direct" "gr" "<Anonymous>" ".External2" "optim" "private$gmm" "self$WangShaoKim2014" "initialize" "EBMRAlgorithmFast4$new" 
"W" "doTryCatch" "tryCatchOne" "tryCatchList" "tryCatch" "conv_grad" "private$gmm" "self$WangShaoKim2014" "initialize" "EBMRAlgorithmFast4$new" 
".colMeans" "matrix" "cache" "fn" "<Anonymous>" ".External2" "optim" "private$gmm" "self$WangShaoKim2014" "initialize" "EBMRAlgorithmFast4$new" 
".colMeans" "matrix" "cache" "fn" "<Anonymous>" ".External2" "optim" "private$gmm" "self$WangShaoKim2014" "initialize" "EBMRAlgorithmFast4$new" 
"-" "pmax" "pmin" "compute_pi" "g" "cache" "fn" "<Anonymous>" ".External2" "optim" "private$gmm" "self$WangShaoKim2014" "initialize" "EBMRAlgorithmFast4$new" 
"%*%" "as.vector" "Gamma_direct" "gr" "<Anonymous>" ".External2" "optim" "private$gmm" "self$WangShaoKim2014" "initialize" "EBMRAlgorithmFast4$new" 
"cache" "gr" "<Anonymous>" ".External2" "optim" "private$gmm" "self$WangShaoKim2014" "initialize" "EBMRAlgorithmFast4$new" 
"t.default" "t" "solve" "W" "doTryCatch" "tryCatchOne" "tryCatchList" "tryCatch" "conv_grad" "private$gmm" "self$WangShaoKim2014" "initialize" "EBMRAlgorithmFast4$new" 
"t.default" "t" "solve" "W" "doTryCatch" "tryCatchOne" "tryCatchList" "tryCatch" "conv_grad" "private$gmm" "self$WangShaoKim2014" "initialize" "EBMRAlgorithmFast4$new" 
"as.vector" "Gamma_direct" "gr" "<Anonymous>" ".External2" "optim" "private$gmm" "self$WangShaoKim2014" "initialize" "EBMRAlgorithmFast4$new" 
"as.vector" "Gamma_direct" "gr" "<Anonymous>" ".External2" "optim" "private$gmm" "self$WangShaoKim2014" "initialize" "EBMRAlgorithmFast4$new" 
"as.vector" "Gamma_direct" "gr" "<Anonymous>" ".External2" "optim" "private$gmm" "self$WangShaoKim2014" "initialize" "EBMRAlgorithmFast4$new" 
"vapply" "pmin" "compute_pi" "g" "cache" "fn" "<Anonymous>" ".External2" "optim" "private$gmm" "self$WangShaoKim2014" "initialize" "EBMRAlgorithmFast4$new" 
"vapply" "pmin" "compute_pi" "g" "cache" "fn" "<Anonymous>" ".External2" "optim" "private$gmm" "self$WangShaoKim2014" "initialize" "EBMRAlgorithmFast4$new" 
"*" "g" "cache" "fn" "<Anonymous>" ".External2" "optim" "private$gmm" "self$WangShaoKim2014" "initialize" "EBMRAlgorithmFast4$new" 
"*" "g" "cache" "fn" "<Anonymous>" ".External2" "optim" "private$gmm" "self$WangShaoKim2014" "initialize" "EBMRAlgorithmFast4$new" 
"*" "g" "cache" "fn" "<Anonymous>" ".External2" "optim" "private$gmm" "self$WangShaoKim2014" "initialize" "EBMRAlgorithmFast4$new" 
"*" "g" "conv_grad" "private$gmm" "self$WangShaoKim2014" "initialize" "EBMRAlgorithmFast4$new" 
"*" "g" "conv_grad" "private$gmm" "self$WangShaoKim2014" "initialize" "EBMRAlgorithmFast4$new" 
"*" "g" "conv_grad" "private$gmm" "self$WangShaoKim2014" "initialize" "EBMRAlgorithmFast4$new" 
"*" "g" "conv_grad" "private$gmm" "self$WangShaoKim2014" "initialize" "EBMRAlgorithmFast4$new" 
"*" "g" "conv_grad" "private$gmm" "self$WangShaoKim2014" "initialize" "EBMRAlgorithmFast4$new" 
"*" "g" "cache" "fn" "<Anonymous>" ".External2" "optim" "private$gmm" "self$WangShaoKim2014" "initialize" "EBMRAlgorithmFast4$new" 
"as.vector" "g" "cache" "fn" "<Anonymous>" ".External2" "optim" "private$gmm" "self$WangShaoKim2014" "initialize" "EBMRAlgorithmFast4$new" 
"as.vector" "g" "cache" "fn" "<Anonymous>" ".External2" "optim" "private$gmm" "self$WangShaoKim2014" "initialize" "EBMRAlgorithmFast4$new" 
"exp" "compute_pi" "g" "conv_grad" "private$gmm" "self$WangShaoKim2014" "initialize" "EBMRAlgorithmFast4$new" 
"*" "g" "cache" "fn" "<Anonymous>" ".External2" "optim" "private$gmm" "self$WangShaoKim2014" "initialize" "EBMRAlgorithmFast4$new" 
"t.default" "t" "solve" "W" "doTryCatch" "tryCatchOne" "tryCatchList" "tryCatch" "conv_grad" "private$gmm" "self$WangShaoKim2014" "initialize" "EBMRAlgorithmFast4$new" 
"t.default" "t" "solve" "W" "doTryCatch" "tryCatchOne" "tryCatchList" "tryCatch" "conv_grad" "private$gmm" "self$WangShaoKim2014" "initialize" "EBMRAlgorithmFast4$new" 
"exp" "compute_pi" "as.vector" "Gamma_direct" "gr" "<Anonymous>" ".External2" "optim" "private$gmm" "self$WangShaoKim2014" "initialize" "EBMRAlgorithmFast4$new" 
"exp" "compute_pi" "as.vector" "Gamma_direct" "gr" "<Anonymous>" ".External2" "optim" "private$gmm" "self$WangShaoKim2014" "initialize" "EBMRAlgorithmFast4$new" 
"pmin" "compute_pi" "g" "cache" "fn" "<Anonymous>" ".External2" "optim" "private$gmm" "self$WangShaoKim2014" "initialize" "EBMRAlgorithmFast4$new" 
"exp" "compute_pi" "as.vector" "Gamma_direct" "gr" "<Anonymous>" ".External2" "optim" "private$gmm" "self$WangShaoKim2014" "initialize" "EBMRAlgorithmFast4$new" 
"exp" "compute_pi" "as.vector" "Gamma_direct" "gr" "<Anonymous>" ".External2" "optim" "private$gmm" "self$WangShaoKim2014" "initialize" "EBMRAlgorithmFast4$new" 
"exp" "compute_pi" "as.vector" "Gamma_direct" "gr" "<Anonymous>" ".External2" "optim" "private$gmm" "self$WangShaoKim2014" "initialize" "EBMRAlgorithmFast4$new" 
"%*%" "as.vector" "Gamma_direct" "conv_grad" "private$gmm" "self$WangShaoKim2014" "initialize" "EBMRAlgorithmFast4$new" 
"%*%" "as.vector" "Gamma_direct" "conv_grad" "private$gmm" "self$WangShaoKim2014" "initialize" "EBMRAlgorithmFast4$new" 
"%*%" "as.vector" "Gamma_direct" "conv_grad" "private$gmm" "self$WangShaoKim2014" "initialize" "EBMRAlgorithmFast4$new" 
"*" "Gamma_direct" "conv_grad" "proj_grad_norm" "private$gmm" "self$WangShaoKim2014" "initialize" "EBMRAlgorithmFast4$new" 
"*" "Gamma_direct" "conv_grad" "proj_grad_norm" "private$gmm" "self$WangShaoKim2014" "initialize" "EBMRAlgorithmFast4$new" 
"*" "g" "func" "genD.default" "genD" "hessian.default" "hessian" "doTryCatch" "tryCatchOne" "tryCatchList" "tryCatch" "private$gmm" "self$WangShaoKim2014" "initialize" "EBMRAlgorithmFast4$new" 
"mostattributes<-" "pmax" "pmin" "compute_pi" "g" "func" "genD.default" "genD" "hessian.default" "hessian" "doTryCatch" "tryCatchOne" "tryCatchList" "tryCatch" "private$gmm" "self$WangShaoKim2014" "initialize" "EBMRAlgorithmFast4$new" 
"mostattributes<-" "pmax" "pmin" "compute_pi" "g" "func" "genD.default" "genD" "hessian.default" "hessian" "doTryCatch" "tryCatchOne" "tryCatchList" "tryCatch" "private$gmm" "self$WangShaoKim2014" "initialize" "EBMRAlgorithmFast4$new" 
"%*%" "g" "func" "genD.default" "genD" "hessian.default" "hessian" "doTryCatch" "tryCatchOne" "tryCatchList" "tryCatch" "private$gmm" "self$WangShaoKim2014" "initialize" "EBMRAlgorithmFast4$new" 
"%*%" "g" "func" "genD.default" "genD" "hessian.default" "hessian" "doTryCatch" "tryCatchOne" "tryCatchList" "tryCatch" "private$gmm" "self$WangShaoKim2014" "initialize" "EBMRAlgorithmFast4$new" 
"prod" "mostattributes<-" "pmax" "pmin" "compute_pi" "g" "func" "genD.default" "genD" "hessian.default" "hessian" "doTryCatch" "tryCatchOne" "tryCatchList" "tryCatch" "private$gmm" "self$WangShaoKim2014" "initialize" "EBMRAlgorithmFast4$new" 
"prod" "mostattributes<-" "pmax" "pmin" "compute_pi" "g" "func" "genD.default" "genD" "hessian.default" "hessian" "doTryCatch" "tryCatchOne" "tryCatchList" "tryCatch" "private$gmm" "self$WangShaoKim2014" "initialize" "EBMRAlgorithmFast4$new" 
"t.default" "t" "solve" "W" "doTryCatch" "tryCatchOne" "tryCatchList" "tryCatch" "func" "genD.default" "genD" "hessian.default" "hessian" "doTryCatch" "tryCatchOne" "tryCatchList" "tryCatch" "private$gmm" "self$WangShaoKim2014" "initialize" "EBMRAlgorithmFast4$new" 
"exp" "compute_pi" "g" "func" "genD.default" "genD" "hessian.default" "hessian" "doTryCatch" "tryCatchOne" "tryCatchList" "tryCatch" "private$gmm" "self$WangShaoKim2014" "initialize" "EBMRAlgorithmFast4$new" 
"%*%" "solve" "W" "doTryCatch" "tryCatchOne" "tryCatchList" "tryCatch" "func" "genD.default" "genD" "hessian.default" "hessian" "doTryCatch" "tryCatchOne" "tryCatchList" "tryCatch" "private$gmm" "self$WangShaoKim2014" "initialize" "EBMRAlgorithmFast4$new" 
"exp" "compute_pi" "g" "func" "genD.default" "genD" "hessian.default" "hessian" "doTryCatch" "tryCatchOne" "tryCatchList" "tryCatch" "private$gmm" "self$WangShaoKim2014" "initialize" "EBMRAlgorithmFast4$new" 
"pmin" "compute_pi" "g" "func" "genD.default" "genD" "hessian.default" "hessian" "doTryCatch" "tryCatchOne" "tryCatchList" "tryCatch" "private$gmm" "self$WangShaoKim2014" "initialize" "EBMRAlgorithmFast4$new" 
"solve.default" "solve" "W" "doTryCatch" "tryCatchOne" "tryCatchList" "tryCatch" "func" "genD.default" "genD" "hessian.default" "hessian" "doTryCatch" "tryCatchOne" "tryCatchList" "tryCatch" "private$gmm" "self$WangShaoKim2014" "initialize" "EBMRAlgorithmFast4$new" 
"solve.default" "solve" "W" "doTryCatch" "tryCatchOne" "tryCatchList" "tryCatch" "func" "genD.default" "genD" "hessian.default" "hessian" "doTryCatch" "tryCatchOne" "tryCatchList" "tryCatch" "private$gmm" "self$WangShaoKim2014" "initialize" "EBMRAlgorithmFast4$new" 
"t.default" "t" "solve" "W" "doTryCatch" "tryCatchOne" "tryCatchList" "tryCatch" "func" "genD.default" "genD" "hessian.default" "hessian" "doTryCatch" "tryCatchOne" "tryCatchList" "tryCatch" "private$gmm" "self$WangShaoKim2014" "initialize" "EBMRAlgorithmFast4$new" 
"t.default" "t" "solve" "W" "doTryCatch" "tryCatchOne" "tryCatchList" "tryCatch" "func" "genD.default" "genD" "hessian.default" "hessian" "doTryCatch" "tryCatchOne" "tryCatchList" "tryCatch" "private$gmm" "self$WangShaoKim2014" "initialize" "EBMRAlgorithmFast4$new" 
"exp" "compute_pi" "g" "func" "genD.default" "genD" "hessian.default" "hessian" "doTryCatch" "tryCatchOne" "tryCatchList" "tryCatch" "private$gmm" "self$WangShaoKim2014" "initialize" "EBMRAlgorithmFast4$new" 
"exp" "compute_pi" "g" "func" "genD.default" "genD" "hessian.default" "hessian" "doTryCatch" "tryCatchOne" "tryCatchList" "tryCatch" "private$gmm" "self$WangShaoKim2014" "initialize" "EBMRAlgorithmFast4$new" 
"exp" "compute_pi" "g" "func" "genD.default" "genD" "hessian.default" "hessian" "doTryCatch" "tryCatchOne" "tryCatchList" "tryCatch" "private$gmm" "self$WangShaoKim2014" "initialize" "EBMRAlgorithmFast4$new" 
"hessian.default" "hessian" "doTryCatch" "tryCatchOne" "tryCatchList" "tryCatch" "private$gmm" "self$WangShaoKim2014" "initialize" "EBMRAlgorithmFast4$new" 
"hessian.default" "hessian" "doTryCatch" "tryCatchOne" "tryCatchList" "tryCatch" "private$gmm" "self$WangShaoKim2014" "initialize" "EBMRAlgorithmFast4$new" 
"array" "dg" "t_Gamma_i" "private$gmm" "self$WangShaoKim2014" "initialize" "EBMRAlgorithmFast4$new" 
"Gamma" "private$gmm" "self$WangShaoKim2014" "initialize" "EBMRAlgorithmFast4$new" 
"Gamma" "private$gmm" "self$WangShaoKim2014" "initialize" "EBMRAlgorithmFast4$new" 
"Gamma" "private$gmm" "self$WangShaoKim2014" "initialize" "EBMRAlgorithmFast4$new" 
"Gamma" "private$gmm" "self$WangShaoKim2014" "initialize" "EBMRAlgorithmFast4$new" 
"t.default" "t" "standardGeneric" "t" "private$gmm" "self$WangShaoKim2014" "initialize" "EBMRAlgorithmFast4$new" 
"t.default" "t" "standardGeneric" "t" "private$gmm" "self$WangShaoKim2014" "initialize" "EBMRAlgorithmFast4$new" 
"t.default" "t" "standardGeneric" "t" "private$gmm" "self$WangShaoKim2014" "initialize" "EBMRAlgorithmFast4$new" 
"*" "d2g" "Gamma_2" "private$gmm" "self$WangShaoKim2014" "initialize" "EBMRAlgorithmFast4$new" 
"*" "d2g" "Gamma_2" "private$gmm" "self$WangShaoKim2014" "initialize" "EBMRAlgorithmFast4$new" 
"*" "d2g" "Gamma_2" "private$gmm" "self$WangShaoKim2014" "initialize" "EBMRAlgorithmFast4$new" 
"*" "d2g" "Gamma_2" "private$gmm" "self$WangShaoKim2014" "initialize" "EBMRAlgorithmFast4$new" 
"as.vector" "private$gmm" "self$WangShaoKim2014" "initialize" "EBMRAlgorithmFast4$new" 
"as.vector" "private$gmm" "self$WangShaoKim2014" "initialize" "EBMRAlgorithmFast4$new" 
"as.vector" "private$gmm" "self$WangShaoKim2014" "initialize" "EBMRAlgorithmFast4$new" 
"unlist" "as.matrix.data.frame" "as.matrix" "standardGeneric" "as.matrix" "standardGeneric" "mean" "self$WangShaoKim2014" "initialize" "EBMRAlgorithmFast4$new" 
"unlist" "as.matrix.data.frame" "as.matrix" "standardGeneric" "as.matrix" "standardGeneric" "mean" "self$WangShaoKim2014" "initialize" "EBMRAlgorithmFast4$new" 
"unlist" "as.matrix.data.frame" "as.matrix" "standardGeneric" "as.matrix" "standardGeneric" "mean" "self$WangShaoKim2014" "initialize" "EBMRAlgorithmFast4$new" 
"lapply" "do.call" "ebmr2$EBMR_IPW" 
"lapply" "do.call" "ebmr2$EBMR_IPW" 
"lapply" "do.call" "ebmr2$EBMR_IPW" 
"private$build_design_matrix" "self$WangShaoKim2014" "initialize" "EBMRAlgorithmFast4$new" 
"private$build_design_matrix" "self$WangShaoKim2014" "initialize" "EBMRAlgorithmFast4$new" 
"private$build_design_matrix" "self$WangShaoKim2014" "initialize" "EBMRAlgorithmFast4$new" 
"private$build_design_matrix" "self$WangShaoKim2014" "initialize" "EBMRAlgorithmFast4$new" 
"cbind" "h_alpha" "is.data.frame" "colnames" "private$separate_variable_types" "self$WangShaoKim2014" "initialize" "EBMRAlgorithmFast4$new" 
"cbind" "h_alpha" "is.data.frame" "colnames" "private$separate_variable_types" "self$WangShaoKim2014" "initialize" "EBMRAlgorithmFast4$new" 
"cbind" "h_alpha" "is.data.frame" "colnames" "private$separate_variable_types" "self$WangShaoKim2014" "initialize" "EBMRAlgorithmFast4$new" 
"cbind" "h_alpha" "is.data.frame" "colnames" "private$separate_variable_types" "self$WangShaoKim2014" "initialize" "EBMRAlgorithmFast4$new" 
"<Anonymous>" "do.call" "as.data.frame.list" "as.data.frame" "private$separate_variable_types" "self$WangShaoKim2014" "initialize" "EBMRAlgorithmFast4$new" 
"<Anonymous>" "do.call" "as.data.frame.list" "as.data.frame" "private$separate_variable_types" "self$WangShaoKim2014" "initialize" "EBMRAlgorithmFast4$new" 
"[<-.data.frame" "[<-" "self$WangShaoKim2014" "initialize" "EBMRAlgorithmFast4$new" 
"as.vector" "gr" "<Anonymous>" ".External2" "optim" "private$gmm" "self$WangShaoKim2014" "initialize" "EBMRAlgorithmFast4$new" 
"as.vector" "gr" "<Anonymous>" ".External2" "optim" "private$gmm" "self$WangShaoKim2014" "initialize" "EBMRAlgorithmFast4$new" 
"as.vector" "gr" "<Anonymous>" ".External2" "optim" "private$gmm" "self$WangShaoKim2014" "initialize" "EBMRAlgorithmFast4$new" 
"as.vector" "gr" "<Anonymous>" ".External2" "optim" "private$gmm" "self$WangShaoKim2014" "initialize" "EBMRAlgorithmFast4$new" 
"*" "g" "cache" "fn" "<Anonymous>" ".External2" "optim" "private$gmm" "self$WangShaoKim2014" "initialize" "EBMRAlgorithmFast4$new" 
"*" "g" "cache" "fn" "<Anonymous>" ".External2" "optim" "private$gmm" "self$WangShaoKim2014" "initialize" "EBMRAlgorithmFast4$new" 
"*" "g" "cache" "fn" "<Anonymous>" ".External2" "optim" "private$gmm" "self$WangShaoKim2014" "initialize" "EBMRAlgorithmFast4$new" 
"exp" "compute_pi" "as.vector" "Gamma_direct" "gr" "<Anonymous>" ".External2" "optim" "private$gmm" "self$WangShaoKim2014" "initialize" "EBMRAlgorithmFast4$new" 
"exp" "compute_pi" "as.vector" "Gamma_direct" "gr" "<Anonymous>" ".External2" "optim" "private$gmm" "self$WangShaoKim2014" "initialize" "EBMRAlgorithmFast4$new" 
"exp" "compute_pi" "as.vector" "Gamma_direct" "gr" "<Anonymous>" ".External2" "optim" "private$gmm" "self$WangShaoKim2014" "initialize" "EBMRAlgorithmFast4$new" 
"exp" "compute_pi" "as.vector" "Gamma_direct" "gr" "<Anonymous>" ".External2" "optim" "private$gmm" "self$WangShaoKim2014" "initialize" "EBMRAlgorithmFast4$new" 
"exp" "compute_pi" "as.vector" "Gamma_direct" "gr" "<Anonymous>" ".External2" "optim" "private$gmm" "self$WangShaoKim2014" "initialize" "EBMRAlgorithmFast4$new" 
"exp" "compute_pi" "as.vector" "Gamma_direct" "gr" "<Anonymous>" ".External2" "optim" "private$gmm" "self$WangShaoKim2014" "initialize" "EBMRAlgorithmFast4$new" 
"cache" "fn" "<Anonymous>" ".External2" "optim" "private$gmm" "self$WangShaoKim2014" "initialize" "EBMRAlgorithmFast4$new" 
"cache" "fn" "<Anonymous>" ".External2" "optim" "private$gmm" "self$WangShaoKim2014" "initialize" "EBMRAlgorithmFast4$new" 
"fn" "<Anonymous>" ".External2" "optim" "private$gmm" "self$WangShaoKim2014" "initialize" "EBMRAlgorithmFast4$new" 
"fn" "<Anonymous>" ".External2" "optim" "private$gmm" "self$WangShaoKim2014" "initialize" "EBMRAlgorithmFast4$new" 
"mostattributes<-" "pmax" "pmin" "compute_pi" "g" "cache" "fn" "<Anonymous>" ".External2" "optim" "private$gmm" "self$WangShaoKim2014" "initialize" "EBMRAlgorithmFast4$new" 
"mostattributes<-" "pmax" "pmin" "compute_pi" "g" "cache" "fn" "<Anonymous>" ".External2" "optim" "private$gmm" "self$WangShaoKim2014" "initialize" "EBMRAlgorithmFast4$new" 
"exp" "compute_pi" "as.vector" "Gamma_direct" "gr" "<Anonymous>" ".External2" "optim" "private$gmm" "self$WangShaoKim2014" "initialize" "EBMRAlgorithmFast4$new" 
"exp" "compute_pi" "as.vector" "Gamma_direct" "gr" "<Anonymous>" ".External2" "optim" "private$gmm" "self$WangShaoKim2014" "initialize" "EBMRAlgorithmFast4$new" 
"*" "g" "cache" "fn" "<Anonymous>" ".External2" "optim" "private$gmm" "self$WangShaoKim2014" "initialize" "EBMRAlgorithmFast4$new" 
"*" "Gamma_direct" "gr" "<Anonymous>" ".External2" "optim" "private$gmm" "self$WangShaoKim2014" "initialize" "EBMRAlgorithmFast4$new" 
"*" "Gamma_direct" "gr" "<Anonymous>" ".External2" "optim" "private$gmm" "self$WangShaoKim2014" "initialize" "EBMRAlgorithmFast4$new" 
"exp" "compute_pi" "as.vector" "Gamma_direct" "gr" "<Anonymous>" ".External2" "optim" "private$gmm" "self$WangShaoKim2014" "initialize" "EBMRAlgorithmFast4$new" 
"exp" "compute_pi" "as.vector" "Gamma_direct" "gr" "<Anonymous>" ".External2" "optim" "private$gmm" "self$WangShaoKim2014" "initialize" "EBMRAlgorithmFast4$new" 
"exp" "compute_pi" "as.vector" "Gamma_direct" "gr" "<Anonymous>" ".External2" "optim" "private$gmm" "self$WangShaoKim2014" "initialize" "EBMRAlgorithmFast4$new" 
"%*%" "as.vector" "Gamma_direct" "gr" "<Anonymous>" ".External2" "optim" "private$gmm" "self$WangShaoKim2014" "initialize" "EBMRAlgorithmFast4$new" 
"%*%" "as.vector" "Gamma_direct" "gr" "<Anonymous>" ".External2" "optim" "private$gmm" "self$WangShaoKim2014" "initialize" "EBMRAlgorithmFast4$new" 
"%*%" "as.vector" "Gamma_direct" "gr" "<Anonymous>" ".External2" "optim" "private$gmm" "self$WangShaoKim2014" "initialize" "EBMRAlgorithmFast4$new" 
"%*%" "as.vector" "Gamma_direct" "gr" "<Anonymous>" ".External2" "optim" "private$gmm" "self$WangShaoKim2014" "initialize" "EBMRAlgorithmFast4$new" 
"%*%" "g" "cache" "fn" "<Anonymous>" ".External2" "optim" "private$gmm" "self$WangShaoKim2014" "initialize" "EBMRAlgorithmFast4$new" 
"%*%" "g" "cache" "fn" "<Anonymous>" ".External2" "optim" "private$gmm" "self$WangShaoKim2014" "initialize" "EBMRAlgorithmFast4$new" 
"%*%" "g" "cache" "fn" "<Anonymous>" ".External2" "optim" "private$gmm" "self$WangShaoKim2014" "initialize" "EBMRAlgorithmFast4$new" 
"%*%" "g" "cache" "fn" "<Anonymous>" ".External2" "optim" "private$gmm" "self$WangShaoKim2014" "initialize" "EBMRAlgorithmFast4$new" 
"exp" "compute_pi" "g" "cache" "fn" "<Anonymous>" ".External2" "optim" "private$gmm" "self$WangShaoKim2014" "initialize" "EBMRAlgorithmFast4$new" 
"exp" "compute_pi" "g" "cache" "fn" "<Anonymous>" ".External2" "optim" "private$gmm" "self$WangShaoKim2014" "initialize" "EBMRAlgorithmFast4$new" 
"exp" "compute_pi" "g" "cache" "fn" "<Anonymous>" ".External2" "optim" "private$gmm" "self$WangShaoKim2014" "initialize" "EBMRAlgorithmFast4$new" 
"*" "Gamma_direct" "gr" "<Anonymous>" ".External2" "optim" "private$gmm" "self$WangShaoKim2014" "initialize" "EBMRAlgorithmFast4$new" 
"crossprod" "Gamma_direct" "gr" "<Anonymous>" ".External2" "optim" "private$gmm" "self$WangShaoKim2014" "initialize" "EBMRAlgorithmFast4$new" 
"as.vector" "Gamma_direct" "gr" "<Anonymous>" ".External2" "optim" "private$gmm" "self$WangShaoKim2014" "initialize" "EBMRAlgorithmFast4$new" 
"pmax" "pmin" "compute_pi" "as.vector" "Gamma_direct" "gr" "<Anonymous>" ".External2" "optim" "private$gmm" "self$WangShaoKim2014" "initialize" "EBMRAlgorithmFast4$new" 
"pmax" "pmin" "compute_pi" "as.vector" "Gamma_direct" "gr" "<Anonymous>" ".External2" "optim" "private$gmm" "self$WangShaoKim2014" "initialize" "EBMRAlgorithmFast4$new" 
"pmax" "pmin" "compute_pi" "as.vector" "Gamma_direct" "gr" "<Anonymous>" ".External2" "optim" "private$gmm" "self$WangShaoKim2014" "initialize" "EBMRAlgorithmFast4$new" 
"pmax" "pmin" "compute_pi" "as.vector" "Gamma_direct" "gr" "<Anonymous>" ".External2" "optim" "private$gmm" "self$WangShaoKim2014" "initialize" "EBMRAlgorithmFast4$new" 
"%*%" "solve" "W" "doTryCatch" "tryCatchOne" "tryCatchList" "tryCatch" "conv_grad" "private$gmm" "self$WangShaoKim2014" "initialize" "EBMRAlgorithmFast4$new" 
"%*%" "solve" "W" "doTryCatch" "tryCatchOne" "tryCatchList" "tryCatch" "conv_grad" "private$gmm" "self$WangShaoKim2014" "initialize" "EBMRAlgorithmFast4$new" 
"%*%" "solve" "W" "doTryCatch" "tryCatchOne" "tryCatchList" "tryCatch" "conv_grad" "private$gmm" "self$WangShaoKim2014" "initialize" "EBMRAlgorithmFast4$new" 
"%*%" "solve" "W" "doTryCatch" "tryCatchOne" "tryCatchList" "tryCatch" "conv_grad" "private$gmm" "self$WangShaoKim2014" "initialize" "EBMRAlgorithmFast4$new" 
"%*%" "solve" "W" "doTryCatch" "tryCatchOne" "tryCatchList" "tryCatch" "conv_grad" "private$gmm" "self$WangShaoKim2014" "initialize" "EBMRAlgorithmFast4$new" 
"gr" "<Anonymous>" ".External2" "optim" "private$gmm" "self$WangShaoKim2014" "initialize" "EBMRAlgorithmFast4$new" 
"gr" "<Anonymous>" ".External2" "optim" "private$gmm" "self$WangShaoKim2014" "initialize" "EBMRAlgorithmFast4$new" 
"gr" "<Anonymous>" ".External2" "optim" "private$gmm" "self$WangShaoKim2014" "initialize" "EBMRAlgorithmFast4$new" 
"%*%" "g" "cache" "fn" "<Anonymous>" ".External2" "optim" "private$gmm" "self$WangShaoKim2014" "initialize" "EBMRAlgorithmFast4$new" 
"%*%" "g" "cache" "fn" "<Anonymous>" ".External2" "optim" "private$gmm" "self$WangShaoKim2014" "initialize" "EBMRAlgorithmFast4$new" 
"%*%" "g" "cache" "fn" "<Anonymous>" ".External2" "optim" "private$gmm" "self$WangShaoKim2014" "initialize" "EBMRAlgorithmFast4$new" 
".colMeans" "matrix" "conv_grad" "private$gmm" "self$WangShaoKim2014" "initialize" "EBMRAlgorithmFast4$new" 
".colMeans" "matrix" "conv_grad" "private$gmm" "self$WangShaoKim2014" "initialize" "EBMRAlgorithmFast4$new" 
".colMeans" "matrix" "conv_grad" "private$gmm" "self$WangShaoKim2014" "initialize" "EBMRAlgorithmFast4$new" 
"exp" "compute_pi" "as.vector" "Gamma_direct" "gr" "<Anonymous>" ".External2" "optim" "private$gmm" "self$WangShaoKim2014" "initialize" "EBMRAlgorithmFast4$new" 
"exp" "compute_pi" "as.vector" "Gamma_direct" "gr" "<Anonymous>" ".External2" "optim" "private$gmm" "self$WangShaoKim2014" "initialize" "EBMRAlgorithmFast4$new" 
"exp" "compute_pi" "as.vector" "Gamma_direct" "gr" "<Anonymous>" ".External2" "optim" "private$gmm" "self$WangShaoKim2014" "initialize" "EBMRAlgorithmFast4$new" 
"exp" "compute_pi" "as.vector" "Gamma_direct" "gr" "<Anonymous>" ".External2" "optim" "private$gmm" "self$WangShaoKim2014" "initialize" "EBMRAlgorithmFast4$new" 
"exp" "compute_pi" "as.vector" "Gamma_direct" "gr" "<Anonymous>" ".External2" "optim" "private$gmm" "self$WangShaoKim2014" "initialize" "EBMRAlgorithmFast4$new" 
"exp" "compute_pi" "as.vector" "Gamma_direct" "gr" "<Anonymous>" ".External2" "optim" "private$gmm" "self$WangShaoKim2014" "initialize" "EBMRAlgorithmFast4$new" 
"mostattributes<-" "pmax" "pmin" "compute_pi" "g" "cache" "fn" "<Anonymous>" ".External2" "optim" "private$gmm" "self$WangShaoKim2014" "initialize" "EBMRAlgorithmFast4$new" 
"mostattributes<-" "pmax" "pmin" "compute_pi" "g" "cache" "fn" "<Anonymous>" ".External2" "optim" "private$gmm" "self$WangShaoKim2014" "initialize" "EBMRAlgorithmFast4$new" 
"exp" "compute_pi" "as.vector" "Gamma_direct" "conv_grad" "private$gmm" "self$WangShaoKim2014" "initialize" "EBMRAlgorithmFast4$new" 
"exp" "compute_pi" "as.vector" "Gamma_direct" "conv_grad" "private$gmm" "self$WangShaoKim2014" "initialize" "EBMRAlgorithmFast4$new" 
"exp" "compute_pi" "as.vector" "Gamma_direct" "conv_grad" "private$gmm" "self$WangShaoKim2014" "initialize" "EBMRAlgorithmFast4$new" 
"crossprod" "Gamma_direct" "conv_grad" "private$gmm" "self$WangShaoKim2014" "initialize" "EBMRAlgorithmFast4$new" 
"crossprod" "Gamma_direct" "conv_grad" "private$gmm" "self$WangShaoKim2014" "initialize" "EBMRAlgorithmFast4$new" 
"crossprod" "Gamma_direct" "conv_grad" "private$gmm" "self$WangShaoKim2014" "initialize" "EBMRAlgorithmFast4$new" 
"crossprod" "Gamma_direct" "conv_grad" "private$gmm" "self$WangShaoKim2014" "initialize" "EBMRAlgorithmFast4$new" 
"crossprod" "Gamma_direct" "conv_grad" "private$gmm" "self$WangShaoKim2014" "initialize" "EBMRAlgorithmFast4$new" 
"pmax" "pmin" "compute_pi" "g" "cache" "fn" "<Anonymous>" ".External2" "optim" "private$gmm" "self$WangShaoKim2014" "initialize" "EBMRAlgorithmFast4$new" 
"pmax" "pmin" "compute_pi" "g" "cache" "fn" "<Anonymous>" ".External2" "optim" "private$gmm" "self$WangShaoKim2014" "initialize" "EBMRAlgorithmFast4$new" 
"mostattributes<-" "pmin" "compute_pi" "g" "cache" "fn" "<Anonymous>" ".External2" "optim" "private$gmm" "self$WangShaoKim2014" "initialize" "EBMRAlgorithmFast4$new" 
"mostattributes<-" "pmin" "compute_pi" "g" "cache" "fn" "<Anonymous>" ".External2" "optim" "private$gmm" "self$WangShaoKim2014" "initialize" "EBMRAlgorithmFast4$new" 
"%*%" "solve" "W" "doTryCatch" "tryCatchOne" "tryCatchList" "tryCatch" "conv_grad" "private$gmm" "self$WangShaoKim2014" "initialize" "EBMRAlgorithmFast4$new" 
"%*%" "solve" "W" "doTryCatch" "tryCatchOne" "tryCatchList" "tryCatch" "conv_grad" "private$gmm" "self$WangShaoKim2014" "initialize" "EBMRAlgorithmFast4$new" 
"%*%" "solve" "W" "doTryCatch" "tryCatchOne" "tryCatchList" "tryCatch" "conv_grad" "private$gmm" "self$WangShaoKim2014" "initialize" "EBMRAlgorithmFast4$new" 
"vapply" "pmax" "pmin" "compute_pi" "as.vector" "Gamma_direct" "gr" "<Anonymous>" ".External2" "optim" "private$gmm" "self$WangShaoKim2014" "initialize" "EBMRAlgorithmFast4$new" 
"vapply" "pmax" "pmin" "compute_pi" "as.vector" "Gamma_direct" "gr" "<Anonymous>" ".External2" "optim" "private$gmm" "self$WangShaoKim2014" "initialize" "EBMRAlgorithmFast4$new" 
"exp" "compute_pi" "as.vector" "Gamma_direct" "gr" "<Anonymous>" ".External2" "optim" "private$gmm" "self$WangShaoKim2014" "initialize" "EBMRAlgorithmFast4$new" 
"exp" "compute_pi" "as.vector" "Gamma_direct" "gr" "<Anonymous>" ".External2" "optim" "private$gmm" "self$WangShaoKim2014" "initialize" "EBMRAlgorithmFast4$new" 
"exp" "compute_pi" "as.vector" "Gamma_direct" "gr" "<Anonymous>" ".External2" "optim" "private$gmm" "self$WangShaoKim2014" "initialize" "EBMRAlgorithmFast4$new" 
"exp" "compute_pi" "as.vector" "Gamma_direct" "gr" "<Anonymous>" ".External2" "optim" "private$gmm" "self$WangShaoKim2014" "initialize" "EBMRAlgorithmFast4$new" 
"exp" "compute_pi" "as.vector" "Gamma_direct" "gr" "<Anonymous>" ".External2" "optim" "private$gmm" "self$WangShaoKim2014" "initialize" "EBMRAlgorithmFast4$new" 
"%*%" "g" "conv_grad" "private$gmm" "self$WangShaoKim2014" "initialize" "EBMRAlgorithmFast4$new" 
"%*%" "g" "conv_grad" "private$gmm" "self$WangShaoKim2014" "initialize" "EBMRAlgorithmFast4$new" 
"%*%" "g" "conv_grad" "private$gmm" "self$WangShaoKim2014" "initialize" "EBMRAlgorithmFast4$new" 
"%*%" "as.vector" "Gamma_direct" "gr" "<Anonymous>" ".External2" "optim" "private$gmm" "self$WangShaoKim2014" "initialize" "EBMRAlgorithmFast4$new" 
"%*%" "as.vector" "Gamma_direct" "gr" "<Anonymous>" ".External2" "optim" "private$gmm" "self$WangShaoKim2014" "initialize" "EBMRAlgorithmFast4$new" 
"%*%" "as.vector" "Gamma_direct" "gr" "<Anonymous>" ".External2" "optim" "private$gmm" "self$WangShaoKim2014" "initialize" "EBMRAlgorithmFast4$new" 
"mostattributes<-" "pmax" "pmin" "compute_pi" "g" "conv_grad" "private$gmm" "self$WangShaoKim2014" "initialize" "EBMRAlgorithmFast4$new" 
"mostattributes<-" "pmax" "pmin" "compute_pi" "g" "conv_grad" "private$gmm" "self$WangShaoKim2014" "initialize" "EBMRAlgorithmFast4$new" 
"crossprod" "Gamma_direct" "gr" "<Anonymous>" ".External2" "optim" "private$gmm" "self$WangShaoKim2014" "initialize" "EBMRAlgorithmFast4$new" 
"crossprod" "Gamma_direct" "gr" "<Anonymous>" ".External2" "optim" "private$gmm" "self$WangShaoKim2014" "initialize" "EBMRAlgorithmFast4$new" 
"crossprod" "Gamma_direct" "gr" "<Anonymous>" ".External2" "optim" "private$gmm" "self$WangShaoKim2014" "initialize" "EBMRAlgorithmFast4$new" 
"exp" "compute_pi" "as.vector" "Gamma_direct" "gr" "<Anonymous>" ".External2" "optim" "private$gmm" "self$WangShaoKim2014" "initialize" "EBMRAlgorithmFast4$new" 
"exp" "compute_pi" "as.vector" "Gamma_direct" "gr" "<Anonymous>" ".External2" "optim" "private$gmm" "self$WangShaoKim2014" "initialize" "EBMRAlgorithmFast4$new" 
"exp" "compute_pi" "as.vector" "Gamma_direct" "gr" "<Anonymous>" ".External2" "optim" "private$gmm" "self$WangShaoKim2014" "initialize" "EBMRAlgorithmFast4$new" 
"mostattributes<-" "pmin" "compute_pi" "g" "cache" "fn" "<Anonymous>" ".External2" "optim" "private$gmm" "self$WangShaoKim2014" "initialize" "EBMRAlgorithmFast4$new" 
"mostattributes<-" "pmin" "compute_pi" "g" "cache" "fn" "<Anonymous>" ".External2" "optim" "private$gmm" "self$WangShaoKim2014" "initialize" "EBMRAlgorithmFast4$new" 
"conv_grad" "private$gmm" "self$WangShaoKim2014" "initialize" "EBMRAlgorithmFast4$new" 
"conv_grad" "private$gmm" "self$WangShaoKim2014" "initialize" "EBMRAlgorithmFast4$new" 
"conv_grad" "private$gmm" "self$WangShaoKim2014" "initialize" "EBMRAlgorithmFast4$new" 
"conv_grad" "private$gmm" "self$WangShaoKim2014" "initialize" "EBMRAlgorithmFast4$new" 
"conv_grad" "private$gmm" "self$WangShaoKim2014" "initialize" "EBMRAlgorithmFast4$new" 
"conv_grad" "private$gmm" "self$WangShaoKim2014" "initialize" "EBMRAlgorithmFast4$new" 
"*" "Gamma_direct" "gr" "<Anonymous>" ".External2" "optim" "private$gmm" "self$WangShaoKim2014" "initialize" "EBMRAlgorithmFast4$new" 
"*" "Gamma_direct" "gr" "<Anonymous>" ".External2" "optim" "private$gmm" "self$WangShaoKim2014" "initialize" "EBMRAlgorithmFast4$new" 
"t.default" "t" "solve" "W" "doTryCatch" "tryCatchOne" "tryCatchList" "tryCatch" "private$gmm" "self$WangShaoKim2014" "initialize" "EBMRAlgorithmFast4$new" 
"exp" "compute_pi" "g" "cache" "fn" "<Anonymous>" ".External2" "optim" "private$gmm" "self$WangShaoKim2014" "initialize" "EBMRAlgorithmFast4$new" 
"%*%" "as.vector" "Gamma_direct" "gr" "<Anonymous>" ".External2" "optim" "private$gmm" "self$WangShaoKim2014" "initialize" "EBMRAlgorithmFast4$new" 
"%*%" "as.vector" "Gamma_direct" "gr" "<Anonymous>" ".External2" "optim" "private$gmm" "self$WangShaoKim2014" "initialize" "EBMRAlgorithmFast4$new" 
"%*%" "as.vector" "Gamma_direct" "gr" "<Anonymous>" ".External2" "optim" "private$gmm" "self$WangShaoKim2014" "initialize" "EBMRAlgorithmFast4$new" 
"exp" "compute_pi" "as.vector" "Gamma_direct" "conv_grad" "private$gmm" "self$WangShaoKim2014" "initialize" "EBMRAlgorithmFast4$new" 
"exp" "compute_pi" "as.vector" "Gamma_direct" "conv_grad" "private$gmm" "self$WangShaoKim2014" "initialize" "EBMRAlgorithmFast4$new" 
"%*%" "g" "cache" "fn" "<Anonymous>" ".External2" "optim" "private$gmm" "self$WangShaoKim2014" "initialize" "EBMRAlgorithmFast4$new" 
"%*%" "g" "cache" "fn" "<Anonymous>" ".External2" "optim" "private$gmm" "self$WangShaoKim2014" "initialize" "EBMRAlgorithmFast4$new" 
"exp" "compute_pi" "as.vector" "Gamma_direct" "gr" "<Anonymous>" ".External2" "optim" "private$gmm" "self$WangShaoKim2014" "initialize" "EBMRAlgorithmFast4$new" 
"crossprod" "Gamma_direct" "gr" "<Anonymous>" ".External2" "optim" "private$gmm" "self$WangShaoKim2014" "initialize" "EBMRAlgorithmFast4$new" 
"crossprod" "Gamma_direct" "gr" "<Anonymous>" ".External2" "optim" "private$gmm" "self$WangShaoKim2014" "initialize" "EBMRAlgorithmFast4$new" 
"crossprod" "Gamma_direct" "gr" "<Anonymous>" ".External2" "optim" "private$gmm" "self$WangShaoKim2014" "initialize" "EBMRAlgorithmFast4$new" 
"solve" "W" "doTryCatch" "tryCatchOne" "tryCatchList" "tryCatch" "private$gmm" "self$WangShaoKim2014" "initialize" "EBMRAlgorithmFast4$new" 
"solve" "W" "doTryCatch" "tryCatchOne" "tryCatchList" "tryCatch" "private$gmm" "self$WangShaoKim2014" "initialize" "EBMRAlgorithmFast4$new" 
"solve" "W" "doTryCatch" "tryCatchOne" "tryCatchList" "tryCatch" "private$gmm" "self$WangShaoKim2014" "initialize" "EBMRAlgorithmFast4$new" 
"solve" "W" "doTryCatch" "tryCatchOne" "tryCatchList" "tryCatch" "private$gmm" "self$WangShaoKim2014" "initialize" "EBMRAlgorithmFast4$new" 
"proj_grad_norm" "private$gmm" "self$WangShaoKim2014" "initialize" "EBMRAlgorithmFast4$new" 
"proj_grad_norm" "private$gmm" "self$WangShaoKim2014" "initialize" "EBMRAlgorithmFast4$new" 
"proj_grad_norm" "private$gmm" "self$WangShaoKim2014" "initialize" "EBMRAlgorithmFast4$new" 
"doTryCatch" "tryCatchOne" "tryCatchList" "tryCatch" "private$gmm" "self$WangShaoKim2014" "initialize" "EBMRAlgorithmFast4$new" 
"doTryCatch" "tryCatchOne" "tryCatchList" "tryCatch" "private$gmm" "self$WangShaoKim2014" "initialize" "EBMRAlgorithmFast4$new" 
"doTryCatch" "tryCatchOne" "tryCatchList" "tryCatch" "private$gmm" "self$WangShaoKim2014" "initialize" "EBMRAlgorithmFast4$new" 
"*" "g" "func" "genD.default" "genD" "hessian.default" "hessian" "doTryCatch" "tryCatchOne" "tryCatchList" "tryCatch" "private$gmm" "self$WangShaoKim2014" "initialize" "EBMRAlgorithmFast4$new" 
"*" "g" "func" "genD.default" "genD" "hessian.default" "hessian" "doTryCatch" "tryCatchOne" "tryCatchList" "tryCatch" "private$gmm" "self$WangShaoKim2014" "initialize" "EBMRAlgorithmFast4$new" 
"*" "g" "func" "genD.default" "genD" "hessian.default" "hessian" "doTryCatch" "tryCatchOne" "tryCatchList" "tryCatch" "private$gmm" "self$WangShaoKim2014" "initialize" "EBMRAlgorithmFast4$new" 
"exp" "compute_pi" "g" "func" "genD.default" "genD" "hessian.default" "hessian" "doTryCatch" "tryCatchOne" "tryCatchList" "tryCatch" "private$gmm" "self$WangShaoKim2014" "initialize" "EBMRAlgorithmFast4$new" 
"exp" "compute_pi" "g" "func" "genD.default" "genD" "hessian.default" "hessian" "doTryCatch" "tryCatchOne" "tryCatchList" "tryCatch" "private$gmm" "self$WangShaoKim2014" "initialize" "EBMRAlgorithmFast4$new" 
"exp" "compute_pi" "g" "func" "genD.default" "genD" "hessian.default" "hessian" "doTryCatch" "tryCatchOne" "tryCatchList" "tryCatch" "private$gmm" "self$WangShaoKim2014" "initialize" "EBMRAlgorithmFast4$new" 
"exp" "compute_pi" "g" "func" "genD.default" "genD" "hessian.default" "hessian" "doTryCatch" "tryCatchOne" "tryCatchList" "tryCatch" "private$gmm" "self$WangShaoKim2014" "initialize" "EBMRAlgorithmFast4$new" 
"%*%" "solve" "W" "doTryCatch" "tryCatchOne" "tryCatchList" "tryCatch" "func" "genD.default" "genD" "hessian.default" "hessian" "doTryCatch" "tryCatchOne" "tryCatchList" "tryCatch" "private$gmm" "self$WangShaoKim2014" "initialize" "EBMRAlgorithmFast4$new" 
"%*%" "solve" "W" "doTryCatch" "tryCatchOne" "tryCatchList" "tryCatch" "func" "genD.default" "genD" "hessian.default" "hessian" "doTryCatch" "tryCatchOne" "tryCatchList" "tryCatch" "private$gmm" "self$WangShaoKim2014" "initialize" "EBMRAlgorithmFast4$new" 
"%*%" "solve" "W" "doTryCatch" "tryCatchOne" "tryCatchList" "tryCatch" "func" "genD.default" "genD" "hessian.default" "hessian" "doTryCatch" "tryCatchOne" "tryCatchList" "tryCatch" "private$gmm" "self$WangShaoKim2014" "initialize" "EBMRAlgorithmFast4$new" 
"%*%" "solve" "W" "doTryCatch" "tryCatchOne" "tryCatchList" "tryCatch" "func" "genD.default" "genD" "hessian.default" "hessian" "doTryCatch" "tryCatchOne" "tryCatchList" "tryCatch" "private$gmm" "self$WangShaoKim2014" "initialize" "EBMRAlgorithmFast4$new" 
"t.default" "t" "solve" "W" "doTryCatch" "tryCatchOne" "tryCatchList" "tryCatch" "func" "genD.default" "genD" "hessian.default" "hessian" "doTryCatch" "tryCatchOne" "tryCatchList" "tryCatch" "private$gmm" "self$WangShaoKim2014" "initialize" "EBMRAlgorithmFast4$new" 
"t.default" "t" "solve" "W" "doTryCatch" "tryCatchOne" "tryCatchList" "tryCatch" "func" "genD.default" "genD" "hessian.default" "hessian" "doTryCatch" "tryCatchOne" "tryCatchList" "tryCatch" "private$gmm" "self$WangShaoKim2014" "initialize" "EBMRAlgorithmFast4$new" 
"t.default" "t" "solve" "W" "doTryCatch" "tryCatchOne" "tryCatchList" "tryCatch" "func" "genD.default" "genD" "hessian.default" "hessian" "doTryCatch" "tryCatchOne" "tryCatchList" "tryCatch" "private$gmm" "self$WangShaoKim2014" "initialize" "EBMRAlgorithmFast4$new" 
"exp" "compute_pi" "g" "func" "genD.default" "genD" "hessian.default" "hessian" "doTryCatch" "tryCatchOne" "tryCatchList" "tryCatch" "private$gmm" "self$WangShaoKim2014" "initialize" "EBMRAlgorithmFast4$new" 
"exp" "compute_pi" "g" "func" "genD.default" "genD" "hessian.default" "hessian" "doTryCatch" "tryCatchOne" "tryCatchList" "tryCatch" "private$gmm" "self$WangShaoKim2014" "initialize" "EBMRAlgorithmFast4$new" 
"exp" "compute_pi" "g" "func" "genD.default" "genD" "hessian.default" "hessian" "doTryCatch" "tryCatchOne" "tryCatchList" "tryCatch" "private$gmm" "self$WangShaoKim2014" "initialize" "EBMRAlgorithmFast4$new" 
"pmax" "pmin" "compute_pi" "g" "func" "genD.default" "genD" "hessian.default" "hessian" "doTryCatch" "tryCatchOne" "tryCatchList" "tryCatch" "private$gmm" "self$WangShaoKim2014" "initialize" "EBMRAlgorithmFast4$new" 
"pmax" "pmin" "compute_pi" "g" "func" "genD.default" "genD" "hessian.default" "hessian" "doTryCatch" "tryCatchOne" "tryCatchList" "tryCatch" "private$gmm" "self$WangShaoKim2014" "initialize" "EBMRAlgorithmFast4$new" 
"pmax" "pmin" "compute_pi" "g" "func" "genD.default" "genD" "hessian.default" "hessian" "doTryCatch" "tryCatchOne" "tryCatchList" "tryCatch" "private$gmm" "self$WangShaoKim2014" "initialize" "EBMRAlgorithmFast4$new" 
"pmax" "pmin" "compute_pi" "g" "func" "genD.default" "genD" "hessian.default" "hessian" "doTryCatch" "tryCatchOne" "tryCatchList" "tryCatch" "private$gmm" "self$WangShaoKim2014" "initialize" "EBMRAlgorithmFast4$new" 
"pmax" "pmin" "compute_pi" "g" "func" "genD.default" "genD" "hessian.default" "hessian" "doTryCatch" "tryCatchOne" "tryCatchList" "tryCatch" "private$gmm" "self$WangShaoKim2014" "initialize" "EBMRAlgorithmFast4$new" 
"pmax" "pmin" "compute_pi" "g" "func" "genD.default" "genD" "hessian.default" "hessian" "doTryCatch" "tryCatchOne" "tryCatchList" "tryCatch" "private$gmm" "self$WangShaoKim2014" "initialize" "EBMRAlgorithmFast4$new" 
"*" "g" "func" "genD.default" "genD" "hessian.default" "hessian" "doTryCatch" "tryCatchOne" "tryCatchList" "tryCatch" "private$gmm" "self$WangShaoKim2014" "initialize" "EBMRAlgorithmFast4$new" 
"*" "g" "func" "genD.default" "genD" "hessian.default" "hessian" "doTryCatch" "tryCatchOne" "tryCatchList" "tryCatch" "private$gmm" "self$WangShaoKim2014" "initialize" "EBMRAlgorithmFast4$new" 
"mostattributes<-" "pmax" "pmin" "compute_pi" "g" "func" "genD.default" "genD" "hessian.default" "hessian" "doTryCatch" "tryCatchOne" "tryCatchList" "tryCatch" "private$gmm" "self$WangShaoKim2014" "initialize" "EBMRAlgorithmFast4$new" 
"mostattributes<-" "pmax" "pmin" "compute_pi" "g" "func" "genD.default" "genD" "hessian.default" "hessian" "doTryCatch" "tryCatchOne" "tryCatchList" "tryCatch" "private$gmm" "self$WangShaoKim2014" "initialize" "EBMRAlgorithmFast4$new" 
"pmin" "compute_pi" "g" "func" "genD.default" "genD" "hessian.default" "hessian" "doTryCatch" "tryCatchOne" "tryCatchList" "tryCatch" "private$gmm" "self$WangShaoKim2014" "initialize" "EBMRAlgorithmFast4$new" 
"pmin" "compute_pi" "g" "func" "genD.default" "genD" "hessian.default" "hessian" "doTryCatch" "tryCatchOne" "tryCatchList" "tryCatch" "private$gmm" "self$WangShaoKim2014" "initialize" "EBMRAlgorithmFast4$new" 
"pmin" "compute_pi" "g" "func" "genD.default" "genD" "hessian.default" "hessian" "doTryCatch" "tryCatchOne" "tryCatchList" "tryCatch" "private$gmm" "self$WangShaoKim2014" "initialize" "EBMRAlgorithmFast4$new" 
"exp" "compute_pi" "g" "func" "genD.default" "genD" "hessian.default" "hessian" "doTryCatch" "tryCatchOne" "tryCatchList" "tryCatch" "private$gmm" "self$WangShaoKim2014" "initialize" "EBMRAlgorithmFast4$new" 
"exp" "compute_pi" "g" "func" "genD.default" "genD" "hessian.default" "hessian" "doTryCatch" "tryCatchOne" "tryCatchList" "tryCatch" "private$gmm" "self$WangShaoKim2014" "initialize" "EBMRAlgorithmFast4$new" 
"t.default" "t" "solve" "W" "doTryCatch" "tryCatchOne" "tryCatchList" "tryCatch" "func" "genD.default" "genD" "hessian.default" "hessian" "doTryCatch" "tryCatchOne" "tryCatchList" "tryCatch" "private$gmm" "self$WangShaoKim2014" "initialize" "EBMRAlgorithmFast4$new" 
"t.default" "t" "solve" "W" "doTryCatch" "tryCatchOne" "tryCatchList" "tryCatch" "func" "genD.default" "genD" "hessian.default" "hessian" "doTryCatch" "tryCatchOne" "tryCatchList" "tryCatch" "private$gmm" "self$WangShaoKim2014" "initialize" "EBMRAlgorithmFast4$new" 
"t.default" "t" "solve" "W" "doTryCatch" "tryCatchOne" "tryCatchList" "tryCatch" "func" "genD.default" "genD" "hessian.default" "hessian" "doTryCatch" "tryCatchOne" "tryCatchList" "tryCatch" "private$gmm" "self$WangShaoKim2014" "initialize" "EBMRAlgorithmFast4$new" 
"exp" "compute_pi" "g" "func" "genD.default" "genD" "hessian.default" "hessian" "doTryCatch" "tryCatchOne" "tryCatchList" "tryCatch" "private$gmm" "self$WangShaoKim2014" "initialize" "EBMRAlgorithmFast4$new" 
"exp" "compute_pi" "g" "func" "genD.default" "genD" "hessian.default" "hessian" "doTryCatch" "tryCatchOne" "tryCatchList" "tryCatch" "private$gmm" "self$WangShaoKim2014" "initialize" "EBMRAlgorithmFast4$new" 
"exp" "compute_pi" "g" "func" "genD.default" "genD" "hessian.default" "hessian" "doTryCatch" "tryCatchOne" "tryCatchList" "tryCatch" "private$gmm" "self$WangShaoKim2014" "initialize" "EBMRAlgorithmFast4$new" 
"%*%" "solve" "W" "doTryCatch" "tryCatchOne" "tryCatchList" "tryCatch" "func" "genD.default" "genD" "hessian.default" "hessian" "doTryCatch" "tryCatchOne" "tryCatchList" "tryCatch" "private$gmm" "self$WangShaoKim2014" "initialize" "EBMRAlgorithmFast4$new" 
"%*%" "solve" "W" "doTryCatch" "tryCatchOne" "tryCatchList" "tryCatch" "func" "genD.default" "genD" "hessian.default" "hessian" "doTryCatch" "tryCatchOne" "tryCatchList" "tryCatch" "private$gmm" "self$WangShaoKim2014" "initialize" "EBMRAlgorithmFast4$new" 
"%*%" "solve" "W" "doTryCatch" "tryCatchOne" "tryCatchList" "tryCatch" "func" "genD.default" "genD" "hessian.default" "hessian" "doTryCatch" "tryCatchOne" "tryCatchList" "tryCatch" "private$gmm" "self$WangShaoKim2014" "initialize" "EBMRAlgorithmFast4$new" 
"t.default" "t" "solve" "W" "doTryCatch" "tryCatchOne" "tryCatchList" "tryCatch" "func" "genD.default" "genD" "hessian.default" "hessian" "doTryCatch" "tryCatchOne" "tryCatchList" "tryCatch" "private$gmm" "self$WangShaoKim2014" "initialize" "EBMRAlgorithmFast4$new" 
"t.default" "t" "solve" "W" "doTryCatch" "tryCatchOne" "tryCatchList" "tryCatch" "func" "genD.default" "genD" "hessian.default" "hessian" "doTryCatch" "tryCatchOne" "tryCatchList" "tryCatch" "private$gmm" "self$WangShaoKim2014" "initialize" "EBMRAlgorithmFast4$new" 
"t.default" "t" "solve" "W" "doTryCatch" "tryCatchOne" "tryCatchList" "tryCatch" "func" "genD.default" "genD" "hessian.default" "hessian" "doTryCatch" "tryCatchOne" "tryCatchList" "tryCatch" "private$gmm" "self$WangShaoKim2014" "initialize" "EBMRAlgorithmFast4$new" 
"t.default" "t" "solve" "W" "doTryCatch" "tryCatchOne" "tryCatchList" "tryCatch" "func" "genD.default" "genD" "hessian.default" "hessian" "doTryCatch" "tryCatchOne" "tryCatchList" "tryCatch" "private$gmm" "self$WangShaoKim2014" "initialize" "EBMRAlgorithmFast4$new" 
"g" "func" "genD.default" "genD" "hessian.default" "hessian" "doTryCatch" "tryCatchOne" "tryCatchList" "tryCatch" "private$gmm" "self$WangShaoKim2014" "initialize" "EBMRAlgorithmFast4$new" 
"pmin" "compute_pi" "g" "func" "genD.default" "genD" "hessian.default" "hessian" "doTryCatch" "tryCatchOne" "tryCatchList" "tryCatch" "private$gmm" "self$WangShaoKim2014" "initialize" "EBMRAlgorithmFast4$new" 
"%*%" "solve" "W" "doTryCatch" "tryCatchOne" "tryCatchList" "tryCatch" "func" "genD.default" "genD" "hessian.default" "hessian" "doTryCatch" "tryCatchOne" "tryCatchList" "tryCatch" "private$gmm" "self$WangShaoKim2014" "initialize" "EBMRAlgorithmFast4$new" 
"%*%" "solve" "W" "doTryCatch" "tryCatchOne" "tryCatchList" "tryCatch" "func" "genD.default" "genD" "hessian.default" "hessian" "doTryCatch" "tryCatchOne" "tryCatchList" "tryCatch" "private$gmm" "self$WangShaoKim2014" "initialize" "EBMRAlgorithmFast4$new" 
"%*%" "solve" "W" "doTryCatch" "tryCatchOne" "tryCatchList" "tryCatch" "func" "genD.default" "genD" "hessian.default" "hessian" "doTryCatch" "tryCatchOne" "tryCatchList" "tryCatch" "private$gmm" "self$WangShaoKim2014" "initialize" "EBMRAlgorithmFast4$new" 
"%*%" "solve" "W" "doTryCatch" "tryCatchOne" "tryCatchList" "tryCatch" "func" "genD.default" "genD" "hessian.default" "hessian" "doTryCatch" "tryCatchOne" "tryCatchList" "tryCatch" "private$gmm" "self$WangShaoKim2014" "initialize" "EBMRAlgorithmFast4$new" 
"%*%" "solve" "W" "doTryCatch" "tryCatchOne" "tryCatchList" "tryCatch" "func" "genD.default" "genD" "hessian.default" "hessian" "doTryCatch" "tryCatchOne" "tryCatchList" "tryCatch" "private$gmm" "self$WangShaoKim2014" "initialize" "EBMRAlgorithmFast4$new" 
"%*%" "solve" "W" "doTryCatch" "tryCatchOne" "tryCatchList" "tryCatch" "func" "genD.default" "genD" "hessian.default" "hessian" "doTryCatch" "tryCatchOne" "tryCatchList" "tryCatch" "private$gmm" "self$WangShaoKim2014" "initialize" "EBMRAlgorithmFast4$new" 
"*" "g" "func" "genD.default" "genD" "hessian.default" "hessian" "doTryCatch" "tryCatchOne" "tryCatchList" "tryCatch" "private$gmm" "self$WangShaoKim2014" "initialize" "EBMRAlgorithmFast4$new" 
"*" "g" "func" "genD.default" "genD" "hessian.default" "hessian" "doTryCatch" "tryCatchOne" "tryCatchList" "tryCatch" "private$gmm" "self$WangShaoKim2014" "initialize" "EBMRAlgorithmFast4$new" 
"*" "g" "func" "genD.default" "genD" "hessian.default" "hessian" "doTryCatch" "tryCatchOne" "tryCatchList" "tryCatch" "private$gmm" "self$WangShaoKim2014" "initialize" "EBMRAlgorithmFast4$new" 
"*" "g" "func" "genD.default" "genD" "hessian.default" "hessian" "doTryCatch" "tryCatchOne" "tryCatchList" "tryCatch" "private$gmm" "self$WangShaoKim2014" "initialize" "EBMRAlgorithmFast4$new" 
"*" "g" "func" "genD.default" "genD" "hessian.default" "hessian" "doTryCatch" "tryCatchOne" "tryCatchList" "tryCatch" "private$gmm" "self$WangShaoKim2014" "initialize" "EBMRAlgorithmFast4$new" 
"tryCatchList" "tryCatch" "func" "genD.default" "genD" "hessian.default" "hessian" "doTryCatch" "tryCatchOne" "tryCatchList" "tryCatch" "private$gmm" "self$WangShaoKim2014" "initialize" "EBMRAlgorithmFast4$new" 
"%*%" "solve" "W" "doTryCatch" "tryCatchOne" "tryCatchList" "tryCatch" "func" "genD.default" "genD" "hessian.default" "hessian" "doTryCatch" "tryCatchOne" "tryCatchList" "tryCatch" "private$gmm" "self$WangShaoKim2014" "initialize" "EBMRAlgorithmFast4$new" 
"%*%" "solve" "W" "doTryCatch" "tryCatchOne" "tryCatchList" "tryCatch" "func" "genD.default" "genD" "hessian.default" "hessian" "doTryCatch" "tryCatchOne" "tryCatchList" "tryCatch" "private$gmm" "self$WangShaoKim2014" "initialize" "EBMRAlgorithmFast4$new" 
"t.default" "t" "solve" "W" "doTryCatch" "tryCatchOne" "tryCatchList" "tryCatch" "func" "genD.default" "genD" "hessian.default" "hessian" "doTryCatch" "tryCatchOne" "tryCatchList" "tryCatch" "private$gmm" "self$WangShaoKim2014" "initialize" "EBMRAlgorithmFast4$new" 
"eigen" "doTryCatch" "tryCatchOne" "tryCatchList" "tryCatch" "private$gmm" "self$WangShaoKim2014" "initialize" "EBMRAlgorithmFast4$new" 
"*" "dg" "t_Gamma_i" "private$gmm" "self$WangShaoKim2014" "initialize" "EBMRAlgorithmFast4$new" 
"*" "dg" "t_Gamma_i" "private$gmm" "self$WangShaoKim2014" "initialize" "EBMRAlgorithmFast4$new" 
"base::colMeans" "colMeans" "colMeans" "Gamma" "private$gmm" "self$WangShaoKim2014" "initialize" "EBMRAlgorithmFast4$new" 
"base::colMeans" "colMeans" "colMeans" "Gamma" "private$gmm" "self$WangShaoKim2014" "initialize" "EBMRAlgorithmFast4$new" 
"base::colMeans" "colMeans" "colMeans" "Gamma" "private$gmm" "self$WangShaoKim2014" "initialize" "EBMRAlgorithmFast4$new" 
"base::colMeans" "colMeans" "colMeans" "Gamma" "private$gmm" "self$WangShaoKim2014" "initialize" "EBMRAlgorithmFast4$new" 
"exp" "compute_pi" "as.vector" "d2g" "Gamma_2" "private$gmm" "self$WangShaoKim2014" "initialize" "EBMRAlgorithmFast4$new" 
"exp" "compute_pi" "as.vector" "d2g" "Gamma_2" "private$gmm" "self$WangShaoKim2014" "initialize" "EBMRAlgorithmFast4$new" 
"exp" "compute_pi" "as.vector" "d2g" "Gamma_2" "private$gmm" "self$WangShaoKim2014" "initialize" "EBMRAlgorithmFast4$new" 
"exp" "compute_pi" "as.vector" "d2g" "Gamma_2" "private$gmm" "self$WangShaoKim2014" "initialize" "EBMRAlgorithmFast4$new" 
"-" "private$gmm" "self$WangShaoKim2014" "initialize" "EBMRAlgorithmFast4$new" 
"matrix" "private$gmm" "self$WangShaoKim2014" "initialize" "EBMRAlgorithmFast4$new" 
"matrix" "private$gmm" "self$WangShaoKim2014" "initialize" "EBMRAlgorithmFast4$new" 
"matrix" "private$gmm" "self$WangShaoKim2014" "initialize" "EBMRAlgorithmFast4$new" 
"matrix" "private$gmm" "self$WangShaoKim2014" "initialize" "EBMRAlgorithmFast4$new" 
"matrix" "private$gmm" "self$WangShaoKim2014" "initialize" "EBMRAlgorithmFast4$new" 
"matrix" "private$gmm" "self$WangShaoKim2014" "initialize" "EBMRAlgorithmFast4$new" 
"matrix" "private$gmm" "self$WangShaoKim2014" "initialize" "EBMRAlgorithmFast4$new" 
"matrix" "private$gmm" "self$WangShaoKim2014" "initialize" "EBMRAlgorithmFast4$new" 
"matrix" "private$gmm" "self$WangShaoKim2014" "initialize" "EBMRAlgorithmFast4$new" 
"matrix" "private$gmm" "self$WangShaoKim2014" "initialize" "EBMRAlgorithmFast4$new" 
"matrix" "private$gmm" "self$WangShaoKim2014" "initialize" "EBMRAlgorithmFast4$new" 
"as.vector" "private$gmm" "self$WangShaoKim2014" "initialize" "EBMRAlgorithmFast4$new" 
"as.vector" "private$gmm" "self$WangShaoKim2014" "initialize" "EBMRAlgorithmFast4$new" 
"isTRUE" "mean.default" "mean" "standardGeneric" "mean" "self$WangShaoKim2014" "initialize" "EBMRAlgorithmFast4$new" 
"isTRUE" "mean.default" "mean" "standardGeneric" "mean" "self$WangShaoKim2014" "initialize" "EBMRAlgorithmFast4$new" 
"^" "as.vector" "ebmr2$EBMR_IPW" 
"^" "as.vector" "ebmr2$EBMR_IPW" 
"names" "names" "[.data.frame" "[" 
"names" "names" "[.data.frame" "[" 
"names" "names" "[.data.frame" "[" 
"[[.data.frame" "[[" "na.omit.data.frame" "na.omit" ".External2" "model.frame.default" "stats::model.frame" "eval" "eval" "lm" "model.matrix" "self$WangShaoKim2014" "initialize" "EBMRAlgorithmFast4$new" 
"[[.data.frame" "[[" "na.omit.data.frame" "na.omit" ".External2" "model.frame.default" "stats::model.frame" "eval" "eval" "lm" "model.matrix" "self$WangShaoKim2014" "initialize" "EBMRAlgorithmFast4$new" 
"[[.data.frame" "[[" "na.omit.data.frame" "na.omit" ".External2" "model.frame.default" "stats::model.frame" "eval" "eval" "lm" "model.matrix" "self$WangShaoKim2014" "initialize" "EBMRAlgorithmFast4$new" 
"as.list" "lapply" "model.matrix.default" "model.matrix" "lm" "model.matrix" "self$WangShaoKim2014" "initialize" "EBMRAlgorithmFast4$new" 
"as.list" "lapply" "model.matrix.default" "model.matrix" "lm" "model.matrix" "self$WangShaoKim2014" "initialize" "EBMRAlgorithmFast4$new" 
"unlist" "as.matrix.data.frame" "as.matrix" "standardGeneric" "as.matrix" "self$WangShaoKim2014" "initialize" "EBMRAlgorithmFast4$new" 
"unlist" "as.matrix.data.frame" "as.matrix" "standardGeneric" "as.matrix" "self$WangShaoKim2014" "initialize" "EBMRAlgorithmFast4$new" 
"unlist" "as.matrix.data.frame" "as.matrix" "standardGeneric" "as.matrix" "self$WangShaoKim2014" "initialize" "EBMRAlgorithmFast4$new" 
"unlist" "as.matrix.data.frame" "as.matrix" "standardGeneric" "as.matrix" "self$WangShaoKim2014" "initialize" "EBMRAlgorithmFast4$new" 
"private$gmm" "self$WangShaoKim2014" "initialize" "EBMRAlgorithmFast4$new" 
"private$gmm" "self$WangShaoKim2014" "initialize" "EBMRAlgorithmFast4$new" 
"private$gmm" "self$WangShaoKim2014" "initialize" "EBMRAlgorithmFast4$new" 
"private$gmm" "self$WangShaoKim2014" "initialize" "EBMRAlgorithmFast4$new" 
"pmax" "pmin" "compute_pi" "as.vector" "Gamma_direct" "gr" "<Anonymous>" ".External2" "optim" "private$gmm" "self$WangShaoKim2014" "initialize" "EBMRAlgorithmFast4$new" 
"pmax" "pmin" "compute_pi" "as.vector" "Gamma_direct" "gr" "<Anonymous>" ".External2" "optim" "private$gmm" "self$WangShaoKim2014" "initialize" "EBMRAlgorithmFast4$new" 
"pmax" "pmin" "compute_pi" "as.vector" "Gamma_direct" "gr" "<Anonymous>" ".External2" "optim" "private$gmm" "self$WangShaoKim2014" "initialize" "EBMRAlgorithmFast4$new" 
"as.vector" "g" "cache" "fn" "<Anonymous>" ".External2" "optim" "private$gmm" "self$WangShaoKim2014" "initialize" "EBMRAlgorithmFast4$new" 
"as.vector" "g" "cache" "fn" "<Anonymous>" ".External2" "optim" "private$gmm" "self$WangShaoKim2014" "initialize" "EBMRAlgorithmFast4$new" 
"as.vector" "g" "cache" "fn" "<Anonymous>" ".External2" "optim" "private$gmm" "self$WangShaoKim2014" "initialize" "EBMRAlgorithmFast4$new" 
"crossprod" "Gamma_direct" "gr" "<Anonymous>" ".External2" "optim" "private$gmm" "self$WangShaoKim2014" "initialize" "EBMRAlgorithmFast4$new" 
"crossprod" "Gamma_direct" "gr" "<Anonymous>" ".External2" "optim" "private$gmm" "self$WangShaoKim2014" "initialize" "EBMRAlgorithmFast4$new" 
"crossprod" "Gamma_direct" "gr" "<Anonymous>" ".External2" "optim" "private$gmm" "self$WangShaoKim2014" "initialize" "EBMRAlgorithmFast4$new" 
"as.vector" "g" "cache" "fn" "<Anonymous>" ".External2" "optim" "private$gmm" "self$WangShaoKim2014" "initialize" "EBMRAlgorithmFast4$new" 
"as.vector" "g" "cache" "fn" "<Anonymous>" ".External2" "optim" "private$gmm" "self$WangShaoKim2014" "initialize" "EBMRAlgorithmFast4$new" 
"pmin" "compute_pi" "as.vector" "Gamma_direct" "gr" "<Anonymous>" ".External2" "optim" "private$gmm" "self$WangShaoKim2014" "initialize" "EBMRAlgorithmFast4$new" 
"pmin" "compute_pi" "as.vector" "Gamma_direct" "gr" "<Anonymous>" ".External2" "optim" "private$gmm" "self$WangShaoKim2014" "initialize" "EBMRAlgorithmFast4$new" 
"pmin" "compute_pi" "as.vector" "Gamma_direct" "gr" "<Anonymous>" ".External2" "optim" "private$gmm" "self$WangShaoKim2014" "initialize" "EBMRAlgorithmFast4$new" 
"*" "Gamma_direct" "gr" "<Anonymous>" ".External2" "optim" "private$gmm" "self$WangShaoKim2014" "initialize" "EBMRAlgorithmFast4$new" 
"*" "Gamma_direct" "gr" "<Anonymous>" ".External2" "optim" "private$gmm" "self$WangShaoKim2014" "initialize" "EBMRAlgorithmFast4$new" 
"mostattributes<-" "pmin" "compute_pi" "g" "cache" "fn" "<Anonymous>" ".External2" "optim" "private$gmm" "self$WangShaoKim2014" "initialize" "EBMRAlgorithmFast4$new" 
"mostattributes<-" "pmin" "compute_pi" "g" "cache" "fn" "<Anonymous>" ".External2" "optim" "private$gmm" "self$WangShaoKim2014" "initialize" "EBMRAlgorithmFast4$new" 
"mostattributes<-" "pmin" "compute_pi" "g" "cache" "fn" "<Anonymous>" ".External2" "optim" "private$gmm" "self$WangShaoKim2014" "initialize" "EBMRAlgorithmFast4$new" 
"exp" "compute_pi" "as.vector" "Gamma_direct" "gr" "<Anonymous>" ".External2" "optim" "private$gmm" "self$WangShaoKim2014" "initialize" "EBMRAlgorithmFast4$new" 
"exp" "compute_pi" "as.vector" "Gamma_direct" "gr" "<Anonymous>" ".External2" "optim" "private$gmm" "self$WangShaoKim2014" "initialize" "EBMRAlgorithmFast4$new" 
"exp" "compute_pi" "as.vector" "Gamma_direct" "gr" "<Anonymous>" ".External2" "optim" "private$gmm" "self$WangShaoKim2014" "initialize" "EBMRAlgorithmFast4$new" 
"exp" "compute_pi" "g" "cache" "fn" "<Anonymous>" ".External2" "optim" "private$gmm" "self$WangShaoKim2014" "initialize" "EBMRAlgorithmFast4$new" 
"exp" "compute_pi" "g" "cache" "fn" "<Anonymous>" ".External2" "optim" "private$gmm" "self$WangShaoKim2014" "initialize" "EBMRAlgorithmFast4$new" 
"*" "Gamma_direct" "gr" "<Anonymous>" ".External2" "optim" "private$gmm" "self$WangShaoKim2014" "initialize" "EBMRAlgorithmFast4$new" 
"*" "Gamma_direct" "gr" "<Anonymous>" ".External2" "optim" "private$gmm" "self$WangShaoKim2014" "initialize" "EBMRAlgorithmFast4$new" 
"mostattributes<-" "pmax" "pmin" "compute_pi" "g" "cache" "fn" "<Anonymous>" ".External2" "optim" "private$gmm" "self$WangShaoKim2014" "initialize" "EBMRAlgorithmFast4$new" 
"mostattributes<-" "pmax" "pmin" "compute_pi" "g" "cache" "fn" "<Anonymous>" ".External2" "optim" "private$gmm" "self$WangShaoKim2014" "initialize" "EBMRAlgorithmFast4$new" 
"%*%" "as.vector" "Gamma_direct" "gr" "<Anonymous>" ".External2" "optim" "private$gmm" "self$WangShaoKim2014" "initialize" "EBMRAlgorithmFast4$new" 
"%*%" "as.vector" "Gamma_direct" "gr" "<Anonymous>" ".External2" "optim" "private$gmm" "self$WangShaoKim2014" "initialize" "EBMRAlgorithmFast4$new" 
"%*%" "as.vector" "Gamma_direct" "gr" "<Anonymous>" ".External2" "optim" "private$gmm" "self$WangShaoKim2014" "initialize" "EBMRAlgorithmFast4$new" 
"cache" "fn" "<Anonymous>" ".External2" "optim" "private$gmm" "self$WangShaoKim2014" "initialize" "EBMRAlgorithmFast4$new" 
"cache" "fn" "<Anonymous>" ".External2" "optim" "private$gmm" "self$WangShaoKim2014" "initialize" "EBMRAlgorithmFast4$new" 
"cache" "fn" "<Anonymous>" ".External2" "optim" "private$gmm" "self$WangShaoKim2014" "initialize" "EBMRAlgorithmFast4$new" 
"is.function" "match.fun" "vapply" "pmax" "pmin" "compute_pi" "g" "cache" "fn" "<Anonymous>" ".External2" "optim" "private$gmm" "self$WangShaoKim2014" "initialize" "EBMRAlgorithmFast4$new" 
"%*%" "g" "cache" "fn" "<Anonymous>" ".External2" "optim" "private$gmm" "self$WangShaoKim2014" "initialize" "EBMRAlgorithmFast4$new" 
"%*%" "g" "cache" "fn" "<Anonymous>" ".External2" "optim" "private$gmm" "self$WangShaoKim2014" "initialize" "EBMRAlgorithmFast4$new" 
"*" "g" "cache" "fn" "<Anonymous>" ".External2" "optim" "private$gmm" "self$WangShaoKim2014" "initialize" "EBMRAlgorithmFast4$new" 
"*" "g" "conv_grad" "private$gmm" "self$WangShaoKim2014" "initialize" "EBMRAlgorithmFast4$new" 
"*" "g" "conv_grad" "private$gmm" "self$WangShaoKim2014" "initialize" "EBMRAlgorithmFast4$new" 
"*" "g" "cache" "fn" "<Anonymous>" ".External2" "optim" "private$gmm" "self$WangShaoKim2014" "initialize" "EBMRAlgorithmFast4$new" 
"exp" "compute_pi" "as.vector" "Gamma_direct" "gr" "<Anonymous>" ".External2" "optim" "private$gmm" "self$WangShaoKim2014" "initialize" "EBMRAlgorithmFast4$new" 
"exp" "compute_pi" "as.vector" "Gamma_direct" "gr" "<Anonymous>" ".External2" "optim" "private$gmm" "self$WangShaoKim2014" "initialize" "EBMRAlgorithmFast4$new" 
"exp" "compute_pi" "as.vector" "Gamma_direct" "gr" "<Anonymous>" ".External2" "optim" "private$gmm" "self$WangShaoKim2014" "initialize" "EBMRAlgorithmFast4$new" 
"vapply" "pmin" "compute_pi" "g" "cache" "fn" "<Anonymous>" ".External2" "optim" "private$gmm" "self$WangShaoKim2014" "initialize" "EBMRAlgorithmFast4$new" 
"vapply" "pmin" "compute_pi" "g" "cache" "fn" "<Anonymous>" ".External2" "optim" "private$gmm" "self$WangShaoKim2014" "initialize" "EBMRAlgorithmFast4$new" 
"exp" "compute_pi" "as.vector" "Gamma_direct" "gr" "<Anonymous>" ".External2" "optim" "private$gmm" "self$WangShaoKim2014" "initialize" "EBMRAlgorithmFast4$new" 
"exp" "compute_pi" "as.vector" "Gamma_direct" "gr" "<Anonymous>" ".External2" "optim" "private$gmm" "self$WangShaoKim2014" "initialize" "EBMRAlgorithmFast4$new" 
"exp" "compute_pi" "as.vector" "Gamma_direct" "gr" "<Anonymous>" ".External2" "optim" "private$gmm" "self$WangShaoKim2014" "initialize" "EBMRAlgorithmFast4$new" 
"pmax" "pmin" "compute_pi" "g" "cache" "fn" "<Anonymous>" ".External2" "optim" "private$gmm" "self$WangShaoKim2014" "initialize" "EBMRAlgorithmFast4$new" 
"pmax" "pmin" "compute_pi" "g" "cache" "fn" "<Anonymous>" ".External2" "optim" "private$gmm" "self$WangShaoKim2014" "initialize" "EBMRAlgorithmFast4$new" 
"*" "g" "cache" "fn" "<Anonymous>" ".External2" "optim" "private$gmm" "self$WangShaoKim2014" "initialize" "EBMRAlgorithmFast4$new" 
"*" "g" "cache" "fn" "<Anonymous>" ".External2" "optim" "private$gmm" "self$WangShaoKim2014" "initialize" "EBMRAlgorithmFast4$new" 
"mostattributes<-" "pmax" "pmin" "compute_pi" "g" "cache" "fn" "<Anonymous>" ".External2" "optim" "private$gmm" "self$WangShaoKim2014" "initialize" "EBMRAlgorithmFast4$new" 
"mostattributes<-" "pmax" "pmin" "compute_pi" "g" "cache" "fn" "<Anonymous>" ".External2" "optim" "private$gmm" "self$WangShaoKim2014" "initialize" "EBMRAlgorithmFast4$new" 
"mostattributes<-" "pmax" "pmin" "compute_pi" "g" "cache" "fn" "<Anonymous>" ".External2" "optim" "private$gmm" "self$WangShaoKim2014" "initialize" "EBMRAlgorithmFast4$new" 
"*" "g" "cache" "fn" "<Anonymous>" ".External2" "optim" "private$gmm" "self$WangShaoKim2014" "initialize" "EBMRAlgorithmFast4$new" 
"*" "g" "cache" "fn" "<Anonymous>" ".External2" "optim" "private$gmm" "self$WangShaoKim2014" "initialize" "EBMRAlgorithmFast4$new" 
"*" "g" "cache" "fn" "<Anonymous>" ".External2" "optim" "private$gmm" "self$WangShaoKim2014" "initialize" "EBMRAlgorithmFast4$new" 
"crossprod" "Gamma_direct" "gr" "<Anonymous>" ".External2" "optim" "private$gmm" "self$WangShaoKim2014" "initialize" "EBMRAlgorithmFast4$new" 
"crossprod" "Gamma_direct" "gr" "<Anonymous>" ".External2" "optim" "private$gmm" "self$WangShaoKim2014" "initialize" "EBMRAlgorithmFast4$new" 
"%*%" "as.vector" "Gamma_direct" "gr" "<Anonymous>" ".External2" "optim" "private$gmm" "self$WangShaoKim2014" "initialize" "EBMRAlgorithmFast4$new" 
"%*%" "as.vector" "Gamma_direct" "gr" "<Anonymous>" ".External2" "optim" "private$gmm" "self$WangShaoKim2014" "initialize" "EBMRAlgorithmFast4$new" 
"%*%" "as.vector" "Gamma_direct" "gr" "<Anonymous>" ".External2" "optim" "private$gmm" "self$WangShaoKim2014" "initialize" "EBMRAlgorithmFast4$new" 
"%*%" "as.vector" "Gamma_direct" "conv_grad" "private$gmm" "self$WangShaoKim2014" "initialize" "EBMRAlgorithmFast4$new" 
"%*%" "as.vector" "Gamma_direct" "conv_grad" "private$gmm" "self$WangShaoKim2014" "initialize" "EBMRAlgorithmFast4$new" 
"*" "Gamma_direct" "gr" "<Anonymous>" ".External2" "optim" "private$gmm" "self$WangShaoKim2014" "initialize" "EBMRAlgorithmFast4$new" 
"*" "Gamma_direct" "gr" "<Anonymous>" ".External2" "optim" "private$gmm" "self$WangShaoKim2014" "initialize" "EBMRAlgorithmFast4$new" 
"*" "Gamma_direct" "gr" "<Anonymous>" ".External2" "optim" "private$gmm" "self$WangShaoKim2014" "initialize" "EBMRAlgorithmFast4$new" 
"fn" "<Anonymous>" ".External2" "optim" "private$gmm" "self$WangShaoKim2014" "initialize" "EBMRAlgorithmFast4$new" 
"fn" "<Anonymous>" ".External2" "optim" "private$gmm" "self$WangShaoKim2014" "initialize" "EBMRAlgorithmFast4$new" 
"compute_pi" "as.vector" "Gamma_direct" "gr" "<Anonymous>" ".External2" "optim" "private$gmm" "self$WangShaoKim2014" "initialize" "EBMRAlgorithmFast4$new" 
"crossprod" "Gamma_direct" "gr" "<Anonymous>" ".External2" "optim" "private$gmm" "self$WangShaoKim2014" "initialize" "EBMRAlgorithmFast4$new" 
"*" "g" "cache" "fn" "<Anonymous>" ".External2" "optim" "private$gmm" "self$WangShaoKim2014" "initialize" "EBMRAlgorithmFast4$new" 
"*" "g" "cache" "fn" "<Anonymous>" ".External2" "optim" "private$gmm" "self$WangShaoKim2014" "initialize" "EBMRAlgorithmFast4$new" 
"pmax" "pmin" "compute_pi" "as.vector" "Gamma_direct" "gr" "<Anonymous>" ".External2" "optim" "private$gmm" "self$WangShaoKim2014" "initialize" "EBMRAlgorithmFast4$new" 
"pmax" "pmin" "compute_pi" "as.vector" "Gamma_direct" "gr" "<Anonymous>" ".External2" "optim" "private$gmm" "self$WangShaoKim2014" "initialize" "EBMRAlgorithmFast4$new" 
"pmax" "pmin" "compute_pi" "g" "cache" "fn" "<Anonymous>" ".External2" "optim" "private$gmm" "self$WangShaoKim2014" "initialize" "EBMRAlgorithmFast4$new" 
"pmax" "pmin" "compute_pi" "g" "cache" "fn" "<Anonymous>" ".External2" "optim" "private$gmm" "self$WangShaoKim2014" "initialize" "EBMRAlgorithmFast4$new" 
"*" "g" "cache" "fn" "<Anonymous>" ".External2" "optim" "private$gmm" "self$WangShaoKim2014" "initialize" "EBMRAlgorithmFast4$new" 
"*" "g" "cache" "fn" "<Anonymous>" ".External2" "optim" "private$gmm" "self$WangShaoKim2014" "initialize" "EBMRAlgorithmFast4$new" 
"exp" "compute_pi" "as.vector" "Gamma_direct" "gr" "<Anonymous>" ".External2" "optim" "private$gmm" "self$WangShaoKim2014" "initialize" "EBMRAlgorithmFast4$new" 
"exp" "compute_pi" "as.vector" "Gamma_direct" "gr" "<Anonymous>" ".External2" "optim" "private$gmm" "self$WangShaoKim2014" "initialize" "EBMRAlgorithmFast4$new" 
"exp" "compute_pi" "as.vector" "Gamma_direct" "gr" "<Anonymous>" ".External2" "optim" "private$gmm" "self$WangShaoKim2014" "initialize" "EBMRAlgorithmFast4$new" 
"*" "Gamma_direct" "gr" "<Anonymous>" ".External2" "optim" "private$gmm" "self$WangShaoKim2014" "initialize" "EBMRAlgorithmFast4$new" 
"cache" "private$gmm" "self$WangShaoKim2014" "initialize" "EBMRAlgorithmFast4$new" 
"cache" "private$gmm" "self$WangShaoKim2014" "initialize" "EBMRAlgorithmFast4$new" 
"exp" "compute_pi" "as.vector" "Gamma_direct" "conv_grad" "private$gmm" "self$WangShaoKim2014" "initialize" "EBMRAlgorithmFast4$new" 
"exp" "compute_pi" "as.vector" "Gamma_direct" "conv_grad" "private$gmm" "self$WangShaoKim2014" "initialize" "EBMRAlgorithmFast4$new" 
"pmax" "pmin" "compute_pi" "g" "cache" "fn" "<Anonymous>" ".External2" "optim" "private$gmm" "self$WangShaoKim2014" "initialize" "EBMRAlgorithmFast4$new" 
"pmax" "pmin" "compute_pi" "g" "cache" "fn" "<Anonymous>" ".External2" "optim" "private$gmm" "self$WangShaoKim2014" "initialize" "EBMRAlgorithmFast4$new" 
"as.vector" "Gamma_direct" "gr" "<Anonymous>" ".External2" "optim" "private$gmm" "self$WangShaoKim2014" "initialize" "EBMRAlgorithmFast4$new" 
"as.vector" "Gamma_direct" "gr" "<Anonymous>" ".External2" "optim" "private$gmm" "self$WangShaoKim2014" "initialize" "EBMRAlgorithmFast4$new" 
"as.vector" "Gamma_direct" "gr" "<Anonymous>" ".External2" "optim" "private$gmm" "self$WangShaoKim2014" "initialize" "EBMRAlgorithmFast4$new" 
"crossprod" "Gamma_direct" "gr" "<Anonymous>" ".External2" "optim" "private$gmm" "self$WangShaoKim2014" "initialize" "EBMRAlgorithmFast4$new" 
"crossprod" "Gamma_direct" "gr" "<Anonymous>" ".External2" "optim" "private$gmm" "self$WangShaoKim2014" "initialize" "EBMRAlgorithmFast4$new" 
"cache" "fn" "<Anonymous>" ".External2" "optim" "private$gmm" "self$WangShaoKim2014" "initialize" "EBMRAlgorithmFast4$new" 
"cache" "fn" "<Anonymous>" ".External2" "optim" "private$gmm" "self$WangShaoKim2014" "initialize" "EBMRAlgorithmFast4$new" 
"mostattributes<-" "pmin" "compute_pi" "g" "cache" "fn" "<Anonymous>" ".External2" "optim" "private$gmm" "self$WangShaoKim2014" "initialize" "EBMRAlgorithmFast4$new" 
"mostattributes<-" "pmin" "compute_pi" "g" "cache" "fn" "<Anonymous>" ".External2" "optim" "private$gmm" "self$WangShaoKim2014" "initialize" "EBMRAlgorithmFast4$new" 
"mostattributes<-" "pmin" "compute_pi" "g" "cache" "fn" "<Anonymous>" ".External2" "optim" "private$gmm" "self$WangShaoKim2014" "initialize" "EBMRAlgorithmFast4$new" 
"mostattributes<-" "pmin" "compute_pi" "g" "cache" "fn" "<Anonymous>" ".External2" "optim" "private$gmm" "self$WangShaoKim2014" "initialize" "EBMRAlgorithmFast4$new" 
"mostattributes<-" "pmin" "compute_pi" "g" "cache" "fn" "<Anonymous>" ".External2" "optim" "private$gmm" "self$WangShaoKim2014" "initialize" "EBMRAlgorithmFast4$new" 
"all" "pmin" "compute_pi" "as.vector" "Gamma_direct" "gr" "<Anonymous>" ".External2" "optim" "private$gmm" "self$WangShaoKim2014" "initialize" "EBMRAlgorithmFast4$new" 
"all" "pmin" "compute_pi" "as.vector" "Gamma_direct" "gr" "<Anonymous>" ".External2" "optim" "private$gmm" "self$WangShaoKim2014" "initialize" "EBMRAlgorithmFast4$new" 
"all" "pmin" "compute_pi" "as.vector" "Gamma_direct" "gr" "<Anonymous>" ".External2" "optim" "private$gmm" "self$WangShaoKim2014" "initialize" "EBMRAlgorithmFast4$new" 
"all" "pmin" "compute_pi" "as.vector" "Gamma_direct" "gr" "<Anonymous>" ".External2" "optim" "private$gmm" "self$WangShaoKim2014" "initialize" "EBMRAlgorithmFast4$new" 
"all" "pmin" "compute_pi" "as.vector" "Gamma_direct" "gr" "<Anonymous>" ".External2" "optim" "private$gmm" "self$WangShaoKim2014" "initialize" "EBMRAlgorithmFast4$new" 
"compute_pi" "g" "cache" "fn" "<Anonymous>" ".External2" "optim" "private$gmm" "self$WangShaoKim2014" "initialize" "EBMRAlgorithmFast4$new" 
"compute_pi" "g" "cache" "fn" "<Anonymous>" ".External2" "optim" "private$gmm" "self$WangShaoKim2014" "initialize" "EBMRAlgorithmFast4$new" 
"compute_pi" "g" "cache" "fn" "<Anonymous>" ".External2" "optim" "private$gmm" "self$WangShaoKim2014" "initialize" "EBMRAlgorithmFast4$new" 
"compute_pi" "g" "cache" "fn" "<Anonymous>" ".External2" "optim" "private$gmm" "self$WangShaoKim2014" "initialize" "EBMRAlgorithmFast4$new" 
"compute_pi" "g" "cache" "fn" "<Anonymous>" ".External2" "optim" "private$gmm" "self$WangShaoKim2014" "initialize" "EBMRAlgorithmFast4$new" 
"*" "g" "cache" "fn" "<Anonymous>" ".External2" "optim" "private$gmm" "self$WangShaoKim2014" "initialize" "EBMRAlgorithmFast4$new" 
"*" "g" "cache" "fn" "<Anonymous>" ".External2" "optim" "private$gmm" "self$WangShaoKim2014" "initialize" "EBMRAlgorithmFast4$new" 
"*" "g" "cache" "fn" "<Anonymous>" ".External2" "optim" "private$gmm" "self$WangShaoKim2014" "initialize" "EBMRAlgorithmFast4$new" 
"as.vector" "gr" "<Anonymous>" ".External2" "optim" "private$gmm" "self$WangShaoKim2014" "initialize" "EBMRAlgorithmFast4$new" 
"as.vector" "gr" "<Anonymous>" ".External2" "optim" "private$gmm" "self$WangShaoKim2014" "initialize" "EBMRAlgorithmFast4$new" 
"as.vector" "gr" "<Anonymous>" ".External2" "optim" "private$gmm" "self$WangShaoKim2014" "initialize" "EBMRAlgorithmFast4$new" 
"*" "g" "cache" "fn" "<Anonymous>" ".External2" "optim" "private$gmm" "self$WangShaoKim2014" "initialize" "EBMRAlgorithmFast4$new" 
"exp" "compute_pi" "as.vector" "Gamma_direct" "gr" "<Anonymous>" ".External2" "optim" "private$gmm" "self$WangShaoKim2014" "initialize" "EBMRAlgorithmFast4$new" 
"*" "Gamma_direct" "gr" "<Anonymous>" ".External2" "optim" "private$gmm" "self$WangShaoKim2014" "initialize" "EBMRAlgorithmFast4$new" 
"*" "Gamma_direct" "gr" "<Anonymous>" ".External2" "optim" "private$gmm" "self$WangShaoKim2014" "initialize" "EBMRAlgorithmFast4$new" 
"*" "Gamma_direct" "gr" "<Anonymous>" ".External2" "optim" "private$gmm" "self$WangShaoKim2014" "initialize" "EBMRAlgorithmFast4$new" 
"*" "Gamma_direct" "gr" "<Anonymous>" ".External2" "optim" "private$gmm" "self$WangShaoKim2014" "initialize" "EBMRAlgorithmFast4$new" 
"exp" "compute_pi" "as.vector" "Gamma_direct" "gr" "<Anonymous>" ".External2" "optim" "private$gmm" "self$WangShaoKim2014" "initialize" "EBMRAlgorithmFast4$new" 
"exp" "compute_pi" "as.vector" "Gamma_direct" "gr" "<Anonymous>" ".External2" "optim" "private$gmm" "self$WangShaoKim2014" "initialize" "EBMRAlgorithmFast4$new" 
"exp" "compute_pi" "as.vector" "Gamma_direct" "gr" "<Anonymous>" ".External2" "optim" "private$gmm" "self$WangShaoKim2014" "initialize" "EBMRAlgorithmFast4$new" 
"t.default" "t" "solve" "W" "doTryCatch" "tryCatchOne" "tryCatchList" "tryCatch" "private$gmm" "self$WangShaoKim2014" "initialize" "EBMRAlgorithmFast4$new" 
"t.default" "t" "solve" "W" "doTryCatch" "tryCatchOne" "tryCatchList" "tryCatch" "private$gmm" "self$WangShaoKim2014" "initialize" "EBMRAlgorithmFast4$new" 
"t.default" "t" "solve" "W" "doTryCatch" "tryCatchOne" "tryCatchList" "tryCatch" "private$gmm" "self$WangShaoKim2014" "initialize" "EBMRAlgorithmFast4$new" 
"t.default" "t" "solve" "W" "doTryCatch" "tryCatchOne" "tryCatchList" "tryCatch" "private$gmm" "self$WangShaoKim2014" "initialize" "EBMRAlgorithmFast4$new" 
"%*%" "g" "cache" "fn" "<Anonymous>" ".External2" "optim" "private$gmm" "self$WangShaoKim2014" "initialize" "EBMRAlgorithmFast4$new" 
"%*%" "g" "cache" "fn" "<Anonymous>" ".External2" "optim" "private$gmm" "self$WangShaoKim2014" "initialize" "EBMRAlgorithmFast4$new" 
"%*%" "g" "cache" "fn" "<Anonymous>" ".External2" "optim" "private$gmm" "self$WangShaoKim2014" "initialize" "EBMRAlgorithmFast4$new" 
"%*%" "g" "cache" "fn" "<Anonymous>" ".External2" "optim" "private$gmm" "self$WangShaoKim2014" "initialize" "EBMRAlgorithmFast4$new" 
"*" "Gamma_direct" "gr" "<Anonymous>" ".External2" "optim" "private$gmm" "self$WangShaoKim2014" "initialize" "EBMRAlgorithmFast4$new" 
"crossprod" "Gamma_direct" "gr" "<Anonymous>" ".External2" "optim" "private$gmm" "self$WangShaoKim2014" "initialize" "EBMRAlgorithmFast4$new" 
"crossprod" "Gamma_direct" "gr" "<Anonymous>" ".External2" "optim" "private$gmm" "self$WangShaoKim2014" "initialize" "EBMRAlgorithmFast4$new" 
"vapply" "pmax" "pmin" "compute_pi" "as.vector" "Gamma_direct" "conv_grad" "private$gmm" "self$WangShaoKim2014" "initialize" "EBMRAlgorithmFast4$new" 
"vapply" "pmax" "pmin" "compute_pi" "as.vector" "Gamma_direct" "conv_grad" "private$gmm" "self$WangShaoKim2014" "initialize" "EBMRAlgorithmFast4$new" 
"*" "g" "cache" "fn" "<Anonymous>" ".External2" "optim" "private$gmm" "self$WangShaoKim2014" "initialize" "EBMRAlgorithmFast4$new" 
"-" "Gamma_direct" "gr" "<Anonymous>" ".External2" "optim" "private$gmm" "self$WangShaoKim2014" "initialize" "EBMRAlgorithmFast4$new" 
"-" "Gamma_direct" "gr" "<Anonymous>" ".External2" "optim" "private$gmm" "self$WangShaoKim2014" "initialize" "EBMRAlgorithmFast4$new" 
"exp" "compute_pi" "g" "cache" "fn" "<Anonymous>" ".External2" "optim" "private$gmm" "self$WangShaoKim2014" "initialize" "EBMRAlgorithmFast4$new" 
"exp" "compute_pi" "g" "cache" "fn" "<Anonymous>" ".External2" "optim" "private$gmm" "self$WangShaoKim2014" "initialize" "EBMRAlgorithmFast4$new" 
"identical" "cache" "gr" "<Anonymous>" ".External2" "optim" "private$gmm" "self$WangShaoKim2014" "initialize" "EBMRAlgorithmFast4$new" 
"identical" "cache" "gr" "<Anonymous>" ".External2" "optim" "private$gmm" "self$WangShaoKim2014" "initialize" "EBMRAlgorithmFast4$new" 
"*" "g" "cache" "fn" "<Anonymous>" ".External2" "optim" "private$gmm" "self$WangShaoKim2014" "initialize" "EBMRAlgorithmFast4$new" 
"*" "g" "cache" "fn" "<Anonymous>" ".External2" "optim" "private$gmm" "self$WangShaoKim2014" "initialize" "EBMRAlgorithmFast4$new" 
"pmin" "compute_pi" "g" "cache" "fn" "<Anonymous>" ".External2" "optim" "private$gmm" "self$WangShaoKim2014" "initialize" "EBMRAlgorithmFast4$new" 
"pmin" "compute_pi" "g" "cache" "fn" "<Anonymous>" ".External2" "optim" "private$gmm" "self$WangShaoKim2014" "initialize" "EBMRAlgorithmFast4$new" 
"pmin" "compute_pi" "g" "cache" "fn" "<Anonymous>" ".External2" "optim" "private$gmm" "self$WangShaoKim2014" "initialize" "EBMRAlgorithmFast4$new" 
"pmin" "compute_pi" "g" "cache" "fn" "<Anonymous>" ".External2" "optim" "private$gmm" "self$WangShaoKim2014" "initialize" "EBMRAlgorithmFast4$new" 
"identical" "cache" "gr" "<Anonymous>" ".External2" "optim" "private$gmm" "self$WangShaoKim2014" "initialize" "EBMRAlgorithmFast4$new" 
"identical" "cache" "gr" "<Anonymous>" ".External2" "optim" "private$gmm" "self$WangShaoKim2014" "initialize" "EBMRAlgorithmFast4$new" 
"identical" "cache" "gr" "<Anonymous>" ".External2" "optim" "private$gmm" "self$WangShaoKim2014" "initialize" "EBMRAlgorithmFast4$new" 
"identical" "cache" "gr" "<Anonymous>" ".External2" "optim" "private$gmm" "self$WangShaoKim2014" "initialize" "EBMRAlgorithmFast4$new" 
"t.default" "t" "solve" "W" "doTryCatch" "tryCatchOne" "tryCatchList" "tryCatch" "conv_grad" "private$gmm" "self$WangShaoKim2014" "initialize" "EBMRAlgorithmFast4$new" 
"t.default" "t" "solve" "W" "doTryCatch" "tryCatchOne" "tryCatchList" "tryCatch" "conv_grad" "private$gmm" "self$WangShaoKim2014" "initialize" "EBMRAlgorithmFast4$new" 
"t.default" "t" "solve" "W" "doTryCatch" "tryCatchOne" "tryCatchList" "tryCatch" "conv_grad" "private$gmm" "self$WangShaoKim2014" "initialize" "EBMRAlgorithmFast4$new" 
"exp" "compute_pi" "g" "cache" "fn" "<Anonymous>" ".External2" "optim" "private$gmm" "self$WangShaoKim2014" "initialize" "EBMRAlgorithmFast4$new" 
"*" "Gamma_direct" "gr" "<Anonymous>" ".External2" "optim" "private$gmm" "self$WangShaoKim2014" "initialize" "EBMRAlgorithmFast4$new" 
"*" "Gamma_direct" "gr" "<Anonymous>" ".External2" "optim" "private$gmm" "self$WangShaoKim2014" "initialize" "EBMRAlgorithmFast4$new" 
"*" "Gamma_direct" "gr" "<Anonymous>" ".External2" "optim" "private$gmm" "self$WangShaoKim2014" "initialize" "EBMRAlgorithmFast4$new" 
"*" "Gamma_direct" "gr" "<Anonymous>" ".External2" "optim" "private$gmm" "self$WangShaoKim2014" "initialize" "EBMRAlgorithmFast4$new" 
"exp" "compute_pi" "as.vector" "Gamma_direct" "gr" "<Anonymous>" ".External2" "optim" "private$gmm" "self$WangShaoKim2014" "initialize" "EBMRAlgorithmFast4$new" 
"exp" "compute_pi" "as.vector" "Gamma_direct" "gr" "<Anonymous>" ".External2" "optim" "private$gmm" "self$WangShaoKim2014" "initialize" "EBMRAlgorithmFast4$new" 
"exp" "compute_pi" "as.vector" "Gamma_direct" "gr" "<Anonymous>" ".External2" "optim" "private$gmm" "self$WangShaoKim2014" "initialize" "EBMRAlgorithmFast4$new" 
"exp" "compute_pi" "as.vector" "Gamma_direct" "gr" "<Anonymous>" ".External2" "optim" "private$gmm" "self$WangShaoKim2014" "initialize" "EBMRAlgorithmFast4$new" 
"exp" "compute_pi" "as.vector" "Gamma_direct" "gr" "<Anonymous>" ".External2" "optim" "private$gmm" "self$WangShaoKim2014" "initialize" "EBMRAlgorithmFast4$new" 
"as.vector" "g" "cache" "fn" "<Anonymous>" ".External2" "optim" "private$gmm" "self$WangShaoKim2014" "initialize" "EBMRAlgorithmFast4$new" 
"as.vector" "g" "cache" "fn" "<Anonymous>" ".External2" "optim" "private$gmm" "self$WangShaoKim2014" "initialize" "EBMRAlgorithmFast4$new" 
"as.vector" "g" "cache" "fn" "<Anonymous>" ".External2" "optim" "private$gmm" "self$WangShaoKim2014" "initialize" "EBMRAlgorithmFast4$new" 
"Gamma_direct" "conv_grad" "private$gmm" "self$WangShaoKim2014" "initialize" "EBMRAlgorithmFast4$new" 
"<Anonymous>" ".External2" "optim" "private$gmm" "self$WangShaoKim2014" "initialize" "EBMRAlgorithmFast4$new" 
"<Anonymous>" ".External2" "optim" "private$gmm" "self$WangShaoKim2014" "initialize" "EBMRAlgorithmFast4$new" 
"<Anonymous>" ".External2" "optim" "private$gmm" "self$WangShaoKim2014" "initialize" "EBMRAlgorithmFast4$new" 
"<Anonymous>" ".External2" "optim" "private$gmm" "self$WangShaoKim2014" "initialize" "EBMRAlgorithmFast4$new" 
"/" "compute_pi" "g" "cache" "fn" "<Anonymous>" ".External2" "optim" "private$gmm" "self$WangShaoKim2014" "initialize" "EBMRAlgorithmFast4$new" 
"/" "compute_pi" "g" "cache" "fn" "<Anonymous>" ".External2" "optim" "private$gmm" "self$WangShaoKim2014" "initialize" "EBMRAlgorithmFast4$new" 
"/" "compute_pi" "g" "cache" "fn" "<Anonymous>" ".External2" "optim" "private$gmm" "self$WangShaoKim2014" "initialize" "EBMRAlgorithmFast4$new" 
"/" "compute_pi" "g" "cache" "fn" "<Anonymous>" ".External2" "optim" "private$gmm" "self$WangShaoKim2014" "initialize" "EBMRAlgorithmFast4$new" 
"/" "compute_pi" "g" "cache" "fn" "<Anonymous>" ".External2" "optim" "private$gmm" "self$WangShaoKim2014" "initialize" "EBMRAlgorithmFast4$new" 
"/" "compute_pi" "g" "cache" "fn" "<Anonymous>" ".External2" "optim" "private$gmm" "self$WangShaoKim2014" "initialize" "EBMRAlgorithmFast4$new" 
"%*%" "solve" "W" "doTryCatch" "tryCatchOne" "tryCatchList" "tryCatch" "private$gmm" "self$WangShaoKim2014" "initialize" "EBMRAlgorithmFast4$new" 
"%*%" "solve" "W" "doTryCatch" "tryCatchOne" "tryCatchList" "tryCatch" "private$gmm" "self$WangShaoKim2014" "initialize" "EBMRAlgorithmFast4$new" 
"%*%" "solve" "W" "doTryCatch" "tryCatchOne" "tryCatchList" "tryCatch" "private$gmm" "self$WangShaoKim2014" "initialize" "EBMRAlgorithmFast4$new" 
"%*%" "solve" "W" "doTryCatch" "tryCatchOne" "tryCatchList" "tryCatch" "private$gmm" "self$WangShaoKim2014" "initialize" "EBMRAlgorithmFast4$new" 
"%*%" "solve" "W" "doTryCatch" "tryCatchOne" "tryCatchList" "tryCatch" "private$gmm" "self$WangShaoKim2014" "initialize" "EBMRAlgorithmFast4$new" 
"exp" "compute_pi" "as.vector" "Gamma_direct" "gr" "<Anonymous>" ".External2" "optim" "private$gmm" "self$WangShaoKim2014" "initialize" "EBMRAlgorithmFast4$new" 
"exp" "compute_pi" "as.vector" "Gamma_direct" "gr" "<Anonymous>" ".External2" "optim" "private$gmm" "self$WangShaoKim2014" "initialize" "EBMRAlgorithmFast4$new" 
"exp" "compute_pi" "as.vector" "Gamma_direct" "gr" "<Anonymous>" ".External2" "optim" "private$gmm" "self$WangShaoKim2014" "initialize" "EBMRAlgorithmFast4$new" 
"*" "g" "cache" "fn" "<Anonymous>" ".External2" "optim" "private$gmm" "self$WangShaoKim2014" "initialize" "EBMRAlgorithmFast4$new" 
"pmin" "compute_pi" "g" "cache" "fn" "<Anonymous>" ".External2" "optim" "private$gmm" "self$WangShaoKim2014" "initialize" "EBMRAlgorithmFast4$new" 
"pmin" "compute_pi" "g" "cache" "fn" "<Anonymous>" ".External2" "optim" "private$gmm" "self$WangShaoKim2014" "initialize" "EBMRAlgorithmFast4$new" 
"pmin" "compute_pi" "g" "cache" "fn" "<Anonymous>" ".External2" "optim" "private$gmm" "self$WangShaoKim2014" "initialize" "EBMRAlgorithmFast4$new" 
"pmin" "compute_pi" "g" "cache" "fn" "<Anonymous>" ".External2" "optim" "private$gmm" "self$WangShaoKim2014" "initialize" "EBMRAlgorithmFast4$new" 
"pmin" "compute_pi" "g" "cache" "fn" "<Anonymous>" ".External2" "optim" "private$gmm" "self$WangShaoKim2014" "initialize" "EBMRAlgorithmFast4$new" 
"g" "cache" "fn" "<Anonymous>" ".External2" "optim" "private$gmm" "self$WangShaoKim2014" "initialize" "EBMRAlgorithmFast4$new" 
"g" "cache" "fn" "<Anonymous>" ".External2" "optim" "private$gmm" "self$WangShaoKim2014" "initialize" "EBMRAlgorithmFast4$new" 
"g" "cache" "fn" "<Anonymous>" ".External2" "optim" "private$gmm" "self$WangShaoKim2014" "initialize" "EBMRAlgorithmFast4$new" 
"g" "cache" "fn" "<Anonymous>" ".External2" "optim" "private$gmm" "self$WangShaoKim2014" "initialize" "EBMRAlgorithmFast4$new" 
"g" "cache" "fn" "<Anonymous>" ".External2" "optim" "private$gmm" "self$WangShaoKim2014" "initialize" "EBMRAlgorithmFast4$new" 
"*" "g" "conv_grad" "private$gmm" "self$WangShaoKim2014" "initialize" "EBMRAlgorithmFast4$new" 
"*" "g" "conv_grad" "private$gmm" "self$WangShaoKim2014" "initialize" "EBMRAlgorithmFast4$new" 
"*" "g" "conv_grad" "private$gmm" "self$WangShaoKim2014" "initialize" "EBMRAlgorithmFast4$new" 
"*" "g" "conv_grad" "private$gmm" "self$WangShaoKim2014" "initialize" "EBMRAlgorithmFast4$new" 
"*" "g" "conv_grad" "private$gmm" "self$WangShaoKim2014" "initialize" "EBMRAlgorithmFast4$new" 
"exp" "compute_pi" "as.vector" "Gamma_direct" "conv_grad" "private$gmm" "self$WangShaoKim2014" "initialize" "EBMRAlgorithmFast4$new" 
"all" "mostattributes<-" "pmax" "pmin" "compute_pi" "g" "cache" "fn" "<Anonymous>" ".External2" "optim" "private$gmm" "self$WangShaoKim2014" "initialize" "EBMRAlgorithmFast4$new" 
"all" "mostattributes<-" "pmax" "pmin" "compute_pi" "g" "cache" "fn" "<Anonymous>" ".External2" "optim" "private$gmm" "self$WangShaoKim2014" "initialize" "EBMRAlgorithmFast4$new" 
"all" "mostattributes<-" "pmax" "pmin" "compute_pi" "g" "cache" "fn" "<Anonymous>" ".External2" "optim" "private$gmm" "self$WangShaoKim2014" "initialize" "EBMRAlgorithmFast4$new" 
"all" "mostattributes<-" "pmax" "pmin" "compute_pi" "g" "cache" "fn" "<Anonymous>" ".External2" "optim" "private$gmm" "self$WangShaoKim2014" "initialize" "EBMRAlgorithmFast4$new" 
"all" "mostattributes<-" "pmax" "pmin" "compute_pi" "g" "cache" "fn" "<Anonymous>" ".External2" "optim" "private$gmm" "self$WangShaoKim2014" "initialize" "EBMRAlgorithmFast4$new" 
"as.vector" "Gamma_direct" "gr" "<Anonymous>" ".External2" "optim" "private$gmm" "self$WangShaoKim2014" "initialize" "EBMRAlgorithmFast4$new" 
"*" "Gamma_direct" "gr" "<Anonymous>" ".External2" "optim" "private$gmm" "self$WangShaoKim2014" "initialize" "EBMRAlgorithmFast4$new" 
"*" "Gamma_direct" "gr" "<Anonymous>" ".External2" "optim" "private$gmm" "self$WangShaoKim2014" "initialize" "EBMRAlgorithmFast4$new" 
"exp" "compute_pi" "g" "cache" "fn" "<Anonymous>" ".External2" "optim" "private$gmm" "self$WangShaoKim2014" "initialize" "EBMRAlgorithmFast4$new" 
"crossprod" "Gamma_direct" "gr" "<Anonymous>" ".External2" "optim" "private$gmm" "self$WangShaoKim2014" "initialize" "EBMRAlgorithmFast4$new" 
"crossprod" "Gamma_direct" "gr" "<Anonymous>" ".External2" "optim" "private$gmm" "self$WangShaoKim2014" "initialize" "EBMRAlgorithmFast4$new" 
"*" "Gamma_direct" "gr" "<Anonymous>" ".External2" "optim" "private$gmm" "self$WangShaoKim2014" "initialize" "EBMRAlgorithmFast4$new" 
"*" "Gamma_direct" "gr" "<Anonymous>" ".External2" "optim" "private$gmm" "self$WangShaoKim2014" "initialize" "EBMRAlgorithmFast4$new" 
"pmax" "pmin" "compute_pi" "g" "cache" "fn" "<Anonymous>" ".External2" "optim" "private$gmm" "self$WangShaoKim2014" "initialize" "EBMRAlgorithmFast4$new" 
".colMeans" "matrix" "cache" "fn" "<Anonymous>" ".External2" "optim" "private$gmm" "self$WangShaoKim2014" "initialize" "EBMRAlgorithmFast4$new" 
".colMeans" "matrix" "cache" "fn" "<Anonymous>" ".External2" "optim" "private$gmm" "self$WangShaoKim2014" "initialize" "EBMRAlgorithmFast4$new" 
"*" "g" "conv_grad" "private$gmm" "self$WangShaoKim2014" "initialize" "EBMRAlgorithmFast4$new" 
"*" "g" "cache" "fn" "<Anonymous>" ".External2" "optim" "private$gmm" "self$WangShaoKim2014" "initialize" "EBMRAlgorithmFast4$new" 
"*" "g" "cache" "fn" "<Anonymous>" ".External2" "optim" "private$gmm" "self$WangShaoKim2014" "initialize" "EBMRAlgorithmFast4$new" 
"identical" "cache" "gr" "<Anonymous>" ".External2" "optim" "private$gmm" "self$WangShaoKim2014" "initialize" "EBMRAlgorithmFast4$new" 
"identical" "cache" "gr" "<Anonymous>" ".External2" "optim" "private$gmm" "self$WangShaoKim2014" "initialize" "EBMRAlgorithmFast4$new" 
"crossprod" "Gamma_direct" "gr" "<Anonymous>" ".External2" "optim" "private$gmm" "self$WangShaoKim2014" "initialize" "EBMRAlgorithmFast4$new" 
"crossprod" "Gamma_direct" "gr" "<Anonymous>" ".External2" "optim" "private$gmm" "self$WangShaoKim2014" "initialize" "EBMRAlgorithmFast4$new" 
"%*%" "as.vector" "Gamma_direct" "gr" "<Anonymous>" ".External2" "optim" "private$gmm" "self$WangShaoKim2014" "initialize" "EBMRAlgorithmFast4$new" 
"fn" "<Anonymous>" ".External2" "optim" "private$gmm" "self$WangShaoKim2014" "initialize" "EBMRAlgorithmFast4$new" 
"*" "Gamma_direct" "gr" "<Anonymous>" ".External2" "optim" "private$gmm" "self$WangShaoKim2014" "initialize" "EBMRAlgorithmFast4$new" 
"exp" "compute_pi" "g" "cache" "fn" "<Anonymous>" ".External2" "optim" "private$gmm" "self$WangShaoKim2014" "initialize" "EBMRAlgorithmFast4$new" 
"exp" "compute_pi" "g" "cache" "fn" "<Anonymous>" ".External2" "optim" "private$gmm" "self$WangShaoKim2014" "initialize" "EBMRAlgorithmFast4$new" 
"exp" "compute_pi" "g" "cache" "fn" "<Anonymous>" ".External2" "optim" "private$gmm" "self$WangShaoKim2014" "initialize" "EBMRAlgorithmFast4$new" 
"all" "pmax" "pmin" "compute_pi" "as.vector" "Gamma_direct" "gr" "<Anonymous>" ".External2" "optim" "private$gmm" "self$WangShaoKim2014" "initialize" "EBMRAlgorithmFast4$new" 
"all" "pmax" "pmin" "compute_pi" "as.vector" "Gamma_direct" "gr" "<Anonymous>" ".External2" "optim" "private$gmm" "self$WangShaoKim2014" "initialize" "EBMRAlgorithmFast4$new" 
"t.default" "t" "solve" "W" "doTryCatch" "tryCatchOne" "tryCatchList" "tryCatch" "conv_grad" "private$gmm" "self$WangShaoKim2014" "initialize" "EBMRAlgorithmFast4$new" 
"t.default" "t" "solve" "W" "doTryCatch" "tryCatchOne" "tryCatchList" "tryCatch" "conv_grad" "private$gmm" "self$WangShaoKim2014" "initialize" "EBMRAlgorithmFast4$new" 
"exp" "compute_pi" "as.vector" "Gamma_direct" "conv_grad" "private$gmm" "self$WangShaoKim2014" "initialize" "EBMRAlgorithmFast4$new" 
"exp" "compute_pi" "as.vector" "Gamma_direct" "conv_grad" "private$gmm" "self$WangShaoKim2014" "initialize" "EBMRAlgorithmFast4$new" 
"*" "g" "cache" "fn" "<Anonymous>" ".External2" "optim" "private$gmm" "self$WangShaoKim2014" "initialize" "EBMRAlgorithmFast4$new" 
"exp" "compute_pi" "as.vector" "Gamma_direct" "gr" "<Anonymous>" ".External2" "optim" "private$gmm" "self$WangShaoKim2014" "initialize" "EBMRAlgorithmFast4$new" 
"%*%" "solve" "W" "doTryCatch" "tryCatchOne" "tryCatchList" "tryCatch" "conv_grad" "private$gmm" "self$WangShaoKim2014" "initialize" "EBMRAlgorithmFast4$new" 
"%*%" "solve" "W" "doTryCatch" "tryCatchOne" "tryCatchList" "tryCatch" "conv_grad" "private$gmm" "self$WangShaoKim2014" "initialize" "EBMRAlgorithmFast4$new" 
"%*%" "solve" "W" "doTryCatch" "tryCatchOne" "tryCatchList" "tryCatch" "conv_grad" "private$gmm" "self$WangShaoKim2014" "initialize" "EBMRAlgorithmFast4$new" 
"crossprod" "Gamma_direct" "gr" "<Anonymous>" ".External2" "optim" "private$gmm" "self$WangShaoKim2014" "initialize" "EBMRAlgorithmFast4$new" 
"g" "cache" "fn" "<Anonymous>" ".External2" "optim" "private$gmm" "self$WangShaoKim2014" "initialize" "EBMRAlgorithmFast4$new" 
"g" "cache" "fn" "<Anonymous>" ".External2" "optim" "private$gmm" "self$WangShaoKim2014" "initialize" "EBMRAlgorithmFast4$new" 
"exp" "compute_pi" "g" "cache" "fn" "<Anonymous>" ".External2" "optim" "private$gmm" "self$WangShaoKim2014" "initialize" "EBMRAlgorithmFast4$new" 
"exp" "compute_pi" "g" "cache" "fn" "<Anonymous>" ".External2" "optim" "private$gmm" "self$WangShaoKim2014" "initialize" "EBMRAlgorithmFast4$new" 
"exp" "compute_pi" "g" "cache" "fn" "<Anonymous>" ".External2" "optim" "private$gmm" "self$WangShaoKim2014" "initialize" "EBMRAlgorithmFast4$new" 
"exp" "compute_pi" "as.vector" "Gamma_direct" "gr" "<Anonymous>" ".External2" "optim" "private$gmm" "self$WangShaoKim2014" "initialize" "EBMRAlgorithmFast4$new" 
"exp" "compute_pi" "as.vector" "Gamma_direct" "gr" "<Anonymous>" ".External2" "optim" "private$gmm" "self$WangShaoKim2014" "initialize" "EBMRAlgorithmFast4$new" 
"pmin" "compute_pi" "g" "cache" "fn" "<Anonymous>" ".External2" "optim" "private$gmm" "self$WangShaoKim2014" "initialize" "EBMRAlgorithmFast4$new" 
"pmin" "compute_pi" "g" "cache" "fn" "<Anonymous>" ".External2" "optim" "private$gmm" "self$WangShaoKim2014" "initialize" "EBMRAlgorithmFast4$new" 
"pmin" "compute_pi" "g" "cache" "fn" "<Anonymous>" ".External2" "optim" "private$gmm" "self$WangShaoKim2014" "initialize" "EBMRAlgorithmFast4$new" 
"*" "g" "cache" "fn" "<Anonymous>" ".External2" "optim" "private$gmm" "self$WangShaoKim2014" "initialize" "EBMRAlgorithmFast4$new" 
"*" "g" "cache" "fn" "<Anonymous>" ".External2" "optim" "private$gmm" "self$WangShaoKim2014" "initialize" "EBMRAlgorithmFast4$new" 
"pmin" "compute_pi" "as.vector" "Gamma_direct" "gr" "<Anonymous>" ".External2" "optim" "private$gmm" "self$WangShaoKim2014" "initialize" "EBMRAlgorithmFast4$new" 
"pmin" "compute_pi" "as.vector" "Gamma_direct" "gr" "<Anonymous>" ".External2" "optim" "private$gmm" "self$WangShaoKim2014" "initialize" "EBMRAlgorithmFast4$new" 
"is.data.frame" "colnames<-" "solve.default" "solve" "W" "doTryCatch" "tryCatchOne" "tryCatchList" "tryCatch" "conv_grad" "private$gmm" "self$WangShaoKim2014" "initialize" "EBMRAlgorithmFast4$new" 
"is.data.frame" "colnames<-" "solve.default" "solve" "W" "doTryCatch" "tryCatchOne" "tryCatchList" "tryCatch" "conv_grad" "private$gmm" "self$WangShaoKim2014" "initialize" "EBMRAlgorithmFast4$new" 
"exp" "compute_pi" "as.vector" "Gamma_direct" "gr" "<Anonymous>" ".External2" "optim" "private$gmm" "self$WangShaoKim2014" "initialize" "EBMRAlgorithmFast4$new" 
"exp" "compute_pi" "as.vector" "Gamma_direct" "gr" "<Anonymous>" ".External2" "optim" "private$gmm" "self$WangShaoKim2014" "initialize" "EBMRAlgorithmFast4$new" 
"exp" "compute_pi" "as.vector" "Gamma_direct" "gr" "<Anonymous>" ".External2" "optim" "private$gmm" "self$WangShaoKim2014" "initialize" "EBMRAlgorithmFast4$new" 
"*" "g" "cache" "fn" "<Anonymous>" ".External2" "optim" "private$gmm" "self$WangShaoKim2014" "initialize" "EBMRAlgorithmFast4$new" 
"*" "g" "cache" "fn" "<Anonymous>" ".External2" "optim" "private$gmm" "self$WangShaoKim2014" "initialize" "EBMRAlgorithmFast4$new" 
"*" "g" "cache" "fn" "<Anonymous>" ".External2" "optim" "private$gmm" "self$WangShaoKim2014" "initialize" "EBMRAlgorithmFast4$new" 
"fn" "<Anonymous>" ".External2" "optim" "private$gmm" "self$WangShaoKim2014" "initialize" "EBMRAlgorithmFast4$new" 
"*" "Gamma_direct" "gr" "<Anonymous>" ".External2" "optim" "private$gmm" "self$WangShaoKim2014" "initialize" "EBMRAlgorithmFast4$new" 
"*" "Gamma_direct" "gr" "<Anonymous>" ".External2" "optim" "private$gmm" "self$WangShaoKim2014" "initialize" "EBMRAlgorithmFast4$new" 
"*" "Gamma_direct" "gr" "<Anonymous>" ".External2" "optim" "private$gmm" "self$WangShaoKim2014" "initialize" "EBMRAlgorithmFast4$new" 
"*" "Gamma_direct" "gr" "<Anonymous>" ".External2" "optim" "private$gmm" "self$WangShaoKim2014" "initialize" "EBMRAlgorithmFast4$new" 
"*" "Gamma_direct" "gr" "<Anonymous>" ".External2" "optim" "private$gmm" "self$WangShaoKim2014" "initialize" "EBMRAlgorithmFast4$new" 
"*" "Gamma_direct" "gr" "<Anonymous>" ".External2" "optim" "private$gmm" "self$WangShaoKim2014" "initialize" "EBMRAlgorithmFast4$new" 
"*" "Gamma_direct" "gr" "<Anonymous>" ".External2" "optim" "private$gmm" "self$WangShaoKim2014" "initialize" "EBMRAlgorithmFast4$new" 
"crossprod" "Gamma_direct" "gr" "<Anonymous>" ".External2" "optim" "private$gmm" "self$WangShaoKim2014" "initialize" "EBMRAlgorithmFast4$new" 
"crossprod" "Gamma_direct" "gr" "<Anonymous>" ".External2" "optim" "private$gmm" "self$WangShaoKim2014" "initialize" "EBMRAlgorithmFast4$new" 
"pmin" "compute_pi" "g" "conv_grad" "private$gmm" "self$WangShaoKim2014" "initialize" "EBMRAlgorithmFast4$new" 
"%*%" "as.vector" "Gamma_direct" "conv_grad" "private$gmm" "self$WangShaoKim2014" "initialize" "EBMRAlgorithmFast4$new" 
"%*%" "as.vector" "Gamma_direct" "conv_grad" "private$gmm" "self$WangShaoKim2014" "initialize" "EBMRAlgorithmFast4$new" 
"%*%" "as.vector" "Gamma_direct" "conv_grad" "private$gmm" "self$WangShaoKim2014" "initialize" "EBMRAlgorithmFast4$new" 
"exp" "compute_pi" "as.vector" "Gamma_direct" "conv_grad" "proj_grad_norm" "private$gmm" "self$WangShaoKim2014" "initialize" "EBMRAlgorithmFast4$new" 
"exp" "compute_pi" "g" "func" "genD.default" "genD" "hessian.default" "hessian" "doTryCatch" "tryCatchOne" "tryCatchList" "tryCatch" "private$gmm" "self$WangShaoKim2014" "initialize" "EBMRAlgorithmFast4$new" 
"exp" "compute_pi" "g" "func" "genD.default" "genD" "hessian.default" "hessian" "doTryCatch" "tryCatchOne" "tryCatchList" "tryCatch" "private$gmm" "self$WangShaoKim2014" "initialize" "EBMRAlgorithmFast4$new" 
"mostattributes<-" "pmax" "pmin" "compute_pi" "g" "func" "genD.default" "genD" "hessian.default" "hessian" "doTryCatch" "tryCatchOne" "tryCatchList" "tryCatch" "private$gmm" "self$WangShaoKim2014" "initialize" "EBMRAlgorithmFast4$new" 
"*" "g" "func" "genD.default" "genD" "hessian.default" "hessian" "doTryCatch" "tryCatchOne" "tryCatchList" "tryCatch" "private$gmm" "self$WangShaoKim2014" "initialize" "EBMRAlgorithmFast4$new" 
"*" "g" "func" "genD.default" "genD" "hessian.default" "hessian" "doTryCatch" "tryCatchOne" "tryCatchList" "tryCatch" "private$gmm" "self$WangShaoKim2014" "initialize" "EBMRAlgorithmFast4$new" 
"*" "g" "func" "genD.default" "genD" "hessian.default" "hessian" "doTryCatch" "tryCatchOne" "tryCatchList" "tryCatch" "private$gmm" "self$WangShaoKim2014" "initialize" "EBMRAlgorithmFast4$new" 
"*" "g" "func" "genD.default" "genD" "hessian.default" "hessian" "doTryCatch" "tryCatchOne" "tryCatchList" "tryCatch" "private$gmm" "self$WangShaoKim2014" "initialize" "EBMRAlgorithmFast4$new" 
"*" "g" "func" "genD.default" "genD" "hessian.default" "hessian" "doTryCatch" "tryCatchOne" "tryCatchList" "tryCatch" "private$gmm" "self$WangShaoKim2014" "initialize" "EBMRAlgorithmFast4$new" 
"*" "g" "func" "genD.default" "genD" "hessian.default" "hessian" "doTryCatch" "tryCatchOne" "tryCatchList" "tryCatch" "private$gmm" "self$WangShaoKim2014" "initialize" "EBMRAlgorithmFast4$new" 
"*" "g" "func" "genD.default" "genD" "hessian.default" "hessian" "doTryCatch" "tryCatchOne" "tryCatchList" "tryCatch" "private$gmm" "self$WangShaoKim2014" "initialize" "EBMRAlgorithmFast4$new" 
"%*%" "solve" "W" "doTryCatch" "tryCatchOne" "tryCatchList" "tryCatch" "func" "genD.default" "genD" "hessian.default" "hessian" "doTryCatch" "tryCatchOne" "tryCatchList" "tryCatch" "private$gmm" "self$WangShaoKim2014" "initialize" "EBMRAlgorithmFast4$new" 
"%*%" "solve" "W" "doTryCatch" "tryCatchOne" "tryCatchList" "tryCatch" "func" "genD.default" "genD" "hessian.default" "hessian" "doTryCatch" "tryCatchOne" "tryCatchList" "tryCatch" "private$gmm" "self$WangShaoKim2014" "initialize" "EBMRAlgorithmFast4$new" 
"%*%" "solve" "W" "doTryCatch" "tryCatchOne" "tryCatchList" "tryCatch" "func" "genD.default" "genD" "hessian.default" "hessian" "doTryCatch" "tryCatchOne" "tryCatchList" "tryCatch" "private$gmm" "self$WangShaoKim2014" "initialize" "EBMRAlgorithmFast4$new" 
"*" "g" "func" "genD.default" "genD" "hessian.default" "hessian" "doTryCatch" "tryCatchOne" "tryCatchList" "tryCatch" "private$gmm" "self$WangShaoKim2014" "initialize" "EBMRAlgorithmFast4$new" 
"*" "g" "func" "genD.default" "genD" "hessian.default" "hessian" "doTryCatch" "tryCatchOne" "tryCatchList" "tryCatch" "private$gmm" "self$WangShaoKim2014" "initialize" "EBMRAlgorithmFast4$new" 
"*" "g" "func" "genD.default" "genD" "hessian.default" "hessian" "doTryCatch" "tryCatchOne" "tryCatchList" "tryCatch" "private$gmm" "self$WangShaoKim2014" "initialize" "EBMRAlgorithmFast4$new" 
"*" "g" "func" "genD.default" "genD" "hessian.default" "hessian" "doTryCatch" "tryCatchOne" "tryCatchList" "tryCatch" "private$gmm" "self$WangShaoKim2014" "initialize" "EBMRAlgorithmFast4$new" 
"*" "g" "func" "genD.default" "genD" "hessian.default" "hessian" "doTryCatch" "tryCatchOne" "tryCatchList" "tryCatch" "private$gmm" "self$WangShaoKim2014" "initialize" "EBMRAlgorithmFast4$new" 
"*" "g" "func" "genD.default" "genD" "hessian.default" "hessian" "doTryCatch" "tryCatchOne" "tryCatchList" "tryCatch" "private$gmm" "self$WangShaoKim2014" "initialize" "EBMRAlgorithmFast4$new" 
"*" "g" "func" "genD.default" "genD" "hessian.default" "hessian" "doTryCatch" "tryCatchOne" "tryCatchList" "tryCatch" "private$gmm" "self$WangShaoKim2014" "initialize" "EBMRAlgorithmFast4$new" 
"pmax" "pmin" "compute_pi" "g" "func" "genD.default" "genD" "hessian.default" "hessian" "doTryCatch" "tryCatchOne" "tryCatchList" "tryCatch" "private$gmm" "self$WangShaoKim2014" "initialize" "EBMRAlgorithmFast4$new" 
"pmax" "pmin" "compute_pi" "g" "func" "genD.default" "genD" "hessian.default" "hessian" "doTryCatch" "tryCatchOne" "tryCatchList" "tryCatch" "private$gmm" "self$WangShaoKim2014" "initialize" "EBMRAlgorithmFast4$new" 
"pmax" "pmin" "compute_pi" "g" "func" "genD.default" "genD" "hessian.default" "hessian" "doTryCatch" "tryCatchOne" "tryCatchList" "tryCatch" "private$gmm" "self$WangShaoKim2014" "initialize" "EBMRAlgorithmFast4$new" 
"%*%" "solve" "W" "doTryCatch" "tryCatchOne" "tryCatchList" "tryCatch" "func" "genD.default" "genD" "hessian.default" "hessian" "doTryCatch" "tryCatchOne" "tryCatchList" "tryCatch" "private$gmm" "self$WangShaoKim2014" "initialize" "EBMRAlgorithmFast4$new" 
"%*%" "solve" "W" "doTryCatch" "tryCatchOne" "tryCatchList" "tryCatch" "func" "genD.default" "genD" "hessian.default" "hessian" "doTryCatch" "tryCatchOne" "tryCatchList" "tryCatch" "private$gmm" "self$WangShaoKim2014" "initialize" "EBMRAlgorithmFast4$new" 
"%*%" "solve" "W" "doTryCatch" "tryCatchOne" "tryCatchList" "tryCatch" "func" "genD.default" "genD" "hessian.default" "hessian" "doTryCatch" "tryCatchOne" "tryCatchList" "tryCatch" "private$gmm" "self$WangShaoKim2014" "initialize" "EBMRAlgorithmFast4$new" 
"%*%" "solve" "W" "doTryCatch" "tryCatchOne" "tryCatchList" "tryCatch" "func" "genD.default" "genD" "hessian.default" "hessian" "doTryCatch" "tryCatchOne" "tryCatchList" "tryCatch" "private$gmm" "self$WangShaoKim2014" "initialize" "EBMRAlgorithmFast4$new" 
"%*%" "solve" "W" "doTryCatch" "tryCatchOne" "tryCatchList" "tryCatch" "func" "genD.default" "genD" "hessian.default" "hessian" "doTryCatch" "tryCatchOne" "tryCatchList" "tryCatch" "private$gmm" "self$WangShaoKim2014" "initialize" "EBMRAlgorithmFast4$new" 
"t.default" "t" "solve" "W" "doTryCatch" "tryCatchOne" "tryCatchList" "tryCatch" "func" "genD.default" "genD" "hessian.default" "hessian" "doTryCatch" "tryCatchOne" "tryCatchList" "tryCatch" "private$gmm" "self$WangShaoKim2014" "initialize" "EBMRAlgorithmFast4$new" 
"t.default" "t" "solve" "W" "doTryCatch" "tryCatchOne" "tryCatchList" "tryCatch" "func" "genD.default" "genD" "hessian.default" "hessian" "doTryCatch" "tryCatchOne" "tryCatchList" "tryCatch" "private$gmm" "self$WangShaoKim2014" "initialize" "EBMRAlgorithmFast4$new" 
"*" "g" "func" "genD.default" "genD" "hessian.default" "hessian" "doTryCatch" "tryCatchOne" "tryCatchList" "tryCatch" "private$gmm" "self$WangShaoKim2014" "initialize" "EBMRAlgorithmFast4$new" 
"*" "g" "func" "genD.default" "genD" "hessian.default" "hessian" "doTryCatch" "tryCatchOne" "tryCatchList" "tryCatch" "private$gmm" "self$WangShaoKim2014" "initialize" "EBMRAlgorithmFast4$new" 
"exp" "compute_pi" "g" "func" "genD.default" "genD" "hessian.default" "hessian" "doTryCatch" "tryCatchOne" "tryCatchList" "tryCatch" "private$gmm" "self$WangShaoKim2014" "initialize" "EBMRAlgorithmFast4$new" 
"exp" "compute_pi" "g" "func" "genD.default" "genD" "hessian.default" "hessian" "doTryCatch" "tryCatchOne" "tryCatchList" "tryCatch" "private$gmm" "self$WangShaoKim2014" "initialize" "EBMRAlgorithmFast4$new" 
"exp" "compute_pi" "g" "func" "genD.default" "genD" "hessian.default" "hessian" "doTryCatch" "tryCatchOne" "tryCatchList" "tryCatch" "private$gmm" "self$WangShaoKim2014" "initialize" "EBMRAlgorithmFast4$new" 
"%*%" "g" "func" "genD.default" "genD" "hessian.default" "hessian" "doTryCatch" "tryCatchOne" "tryCatchList" "tryCatch" "private$gmm" "self$WangShaoKim2014" "initialize" "EBMRAlgorithmFast4$new" 
"%*%" "g" "func" "genD.default" "genD" "hessian.default" "hessian" "doTryCatch" "tryCatchOne" "tryCatchList" "tryCatch" "private$gmm" "self$WangShaoKim2014" "initialize" "EBMRAlgorithmFast4$new" 
"as.vector" "g" "func" "genD.default" "genD" "hessian.default" "hessian" "doTryCatch" "tryCatchOne" "tryCatchList" "tryCatch" "private$gmm" "self$WangShaoKim2014" "initialize" "EBMRAlgorithmFast4$new" 
"%*%" "solve" "W" "doTryCatch" "tryCatchOne" "tryCatchList" "tryCatch" "func" "genD.default" "genD" "hessian.default" "hessian" "doTryCatch" "tryCatchOne" "tryCatchList" "tryCatch" "private$gmm" "self$WangShaoKim2014" "initialize" "EBMRAlgorithmFast4$new" 
"solve.default" "solve" "W" "doTryCatch" "tryCatchOne" "tryCatchList" "tryCatch" "func" "genD.default" "genD" "hessian.default" "hessian" "doTryCatch" "tryCatchOne" "tryCatchList" "tryCatch" "private$gmm" "self$WangShaoKim2014" "initialize" "EBMRAlgorithmFast4$new" 
"solve.default" "solve" "W" "doTryCatch" "tryCatchOne" "tryCatchList" "tryCatch" "func" "genD.default" "genD" "hessian.default" "hessian" "doTryCatch" "tryCatchOne" "tryCatchList" "tryCatch" "private$gmm" "self$WangShaoKim2014" "initialize" "EBMRAlgorithmFast4$new" 
"solve.default" "solve" "W" "doTryCatch" "tryCatchOne" "tryCatchList" "tryCatch" "func" "genD.default" "genD" "hessian.default" "hessian" "doTryCatch" "tryCatchOne" "tryCatchList" "tryCatch" "private$gmm" "self$WangShaoKim2014" "initialize" "EBMRAlgorithmFast4$new" 
"t" "solve" "W" "doTryCatch" "tryCatchOne" "tryCatchList" "tryCatch" "func" "genD.default" "genD" "hessian.default" "hessian" "doTryCatch" "tryCatchOne" "tryCatchList" "tryCatch" "private$gmm" "self$WangShaoKim2014" "initialize" "EBMRAlgorithmFast4$new" 
"t" "solve" "W" "doTryCatch" "tryCatchOne" "tryCatchList" "tryCatch" "func" "genD.default" "genD" "hessian.default" "hessian" "doTryCatch" "tryCatchOne" "tryCatchList" "tryCatch" "private$gmm" "self$WangShaoKim2014" "initialize" "EBMRAlgorithmFast4$new" 
"t" "solve" "W" "doTryCatch" "tryCatchOne" "tryCatchList" "tryCatch" "func" "genD.default" "genD" "hessian.default" "hessian" "doTryCatch" "tryCatchOne" "tryCatchList" "tryCatch" "private$gmm" "self$WangShaoKim2014" "initialize" "EBMRAlgorithmFast4$new" 
"t" "solve" "W" "doTryCatch" "tryCatchOne" "tryCatchList" "tryCatch" "func" "genD.default" "genD" "hessian.default" "hessian" "doTryCatch" "tryCatchOne" "tryCatchList" "tryCatch" "private$gmm" "self$WangShaoKim2014" "initialize" "EBMRAlgorithmFast4$new" 
"exp" "compute_pi" "g" "func" "genD.default" "genD" "hessian.default" "hessian" "doTryCatch" "tryCatchOne" "tryCatchList" "tryCatch" "private$gmm" "self$WangShaoKim2014" "initialize" "EBMRAlgorithmFast4$new" 
"exp" "compute_pi" "g" "func" "genD.default" "genD" "hessian.default" "hessian" "doTryCatch" "tryCatchOne" "tryCatchList" "tryCatch" "private$gmm" "self$WangShaoKim2014" "initialize" "EBMRAlgorithmFast4$new" 
"exp" "compute_pi" "g" "func" "genD.default" "genD" "hessian.default" "hessian" "doTryCatch" "tryCatchOne" "tryCatchList" "tryCatch" "private$gmm" "self$WangShaoKim2014" "initialize" "EBMRAlgorithmFast4$new" 
"exp" "compute_pi" "g" "func" "genD.default" "genD" "hessian.default" "hessian" "doTryCatch" "tryCatchOne" "tryCatchList" "tryCatch" "private$gmm" "self$WangShaoKim2014" "initialize" "EBMRAlgorithmFast4$new" 
"solve.default" "solve" "W" "doTryCatch" "tryCatchOne" "tryCatchList" "tryCatch" "func" "genD.default" "genD" "hessian.default" "hessian" "doTryCatch" "tryCatchOne" "tryCatchList" "tryCatch" "private$gmm" "self$WangShaoKim2014" "initialize" "EBMRAlgorithmFast4$new" 
"solve.default" "solve" "W" "doTryCatch" "tryCatchOne" "tryCatchList" "tryCatch" "func" "genD.default" "genD" "hessian.default" "hessian" "doTryCatch" "tryCatchOne" "tryCatchList" "tryCatch" "private$gmm" "self$WangShaoKim2014" "initialize" "EBMRAlgorithmFast4$new" 
"solve.default" "solve" "W" "doTryCatch" "tryCatchOne" "tryCatchList" "tryCatch" "func" "genD.default" "genD" "hessian.default" "hessian" "doTryCatch" "tryCatchOne" "tryCatchList" "tryCatch" "private$gmm" "self$WangShaoKim2014" "initialize" "EBMRAlgorithmFast4$new" 
".colMeans" "matrix" "func" "genD.default" "genD" "hessian.default" "hessian" "doTryCatch" "tryCatchOne" "tryCatchList" "tryCatch" "private$gmm" "self$WangShaoKim2014" "initialize" "EBMRAlgorithmFast4$new" 
".colMeans" "matrix" "func" "genD.default" "genD" "hessian.default" "hessian" "doTryCatch" "tryCatchOne" "tryCatchList" "tryCatch" "private$gmm" "self$WangShaoKim2014" "initialize" "EBMRAlgorithmFast4$new" 
".colMeans" "matrix" "func" "genD.default" "genD" "hessian.default" "hessian" "doTryCatch" "tryCatchOne" "tryCatchList" "tryCatch" "private$gmm" "self$WangShaoKim2014" "initialize" "EBMRAlgorithmFast4$new" 
"%*%" "solve" "W" "doTryCatch" "tryCatchOne" "tryCatchList" "tryCatch" "func" "genD.default" "genD" "hessian.default" "hessian" "doTryCatch" "tryCatchOne" "tryCatchList" "tryCatch" "private$gmm" "self$WangShaoKim2014" "initialize" "EBMRAlgorithmFast4$new" 
"%*%" "solve" "W" "doTryCatch" "tryCatchOne" "tryCatchList" "tryCatch" "func" "genD.default" "genD" "hessian.default" "hessian" "doTryCatch" "tryCatchOne" "tryCatchList" "tryCatch" "private$gmm" "self$WangShaoKim2014" "initialize" "EBMRAlgorithmFast4$new" 
"%*%" "solve" "W" "doTryCatch" "tryCatchOne" "tryCatchList" "tryCatch" "func" "genD.default" "genD" "hessian.default" "hessian" "doTryCatch" "tryCatchOne" "tryCatchList" "tryCatch" "private$gmm" "self$WangShaoKim2014" "initialize" "EBMRAlgorithmFast4$new" 
"%*%" "solve" "W" "doTryCatch" "tryCatchOne" "tryCatchList" "tryCatch" "func" "genD.default" "genD" "hessian.default" "hessian" "doTryCatch" "tryCatchOne" "tryCatchList" "tryCatch" "private$gmm" "self$WangShaoKim2014" "initialize" "EBMRAlgorithmFast4$new" 
"solve.default" "solve" "W" "doTryCatch" "tryCatchOne" "tryCatchList" "tryCatch" "func" "genD.default" "genD" "hessian.default" "hessian" "doTryCatch" "tryCatchOne" "tryCatchList" "tryCatch" "private$gmm" "self$WangShaoKim2014" "initialize" "EBMRAlgorithmFast4$new" 
"exp" "compute_pi" "g" "func" "genD.default" "genD" "hessian.default" "hessian" "doTryCatch" "tryCatchOne" "tryCatchList" "tryCatch" "private$gmm" "self$WangShaoKim2014" "initialize" "EBMRAlgorithmFast4$new" 
"exp" "compute_pi" "g" "func" "genD.default" "genD" "hessian.default" "hessian" "doTryCatch" "tryCatchOne" "tryCatchList" "tryCatch" "private$gmm" "self$WangShaoKim2014" "initialize" "EBMRAlgorithmFast4$new" 
"genD.default" "genD" "hessian.default" "hessian" "doTryCatch" "tryCatchOne" "tryCatchList" "tryCatch" "private$gmm" "self$WangShaoKim2014" "initialize" "EBMRAlgorithmFast4$new" 
"%*%" "g" "func" "genD.default" "genD" "hessian.default" "hessian" "doTryCatch" "tryCatchOne" "tryCatchList" "tryCatch" "private$gmm" "self$WangShaoKim2014" "initialize" "EBMRAlgorithmFast4$new" 
"%*%" "g" "func" "genD.default" "genD" "hessian.default" "hessian" "doTryCatch" "tryCatchOne" "tryCatchList" "tryCatch" "private$gmm" "self$WangShaoKim2014" "initialize" "EBMRAlgorithmFast4$new" 
"%*%" "g" "func" "genD.default" "genD" "hessian.default" "hessian" "doTryCatch" "tryCatchOne" "tryCatchList" "tryCatch" "private$gmm" "self$WangShaoKim2014" "initialize" "EBMRAlgorithmFast4$new" 
"mostattributes<-" "pmax" "pmin" "compute_pi" "g" "func" "genD.default" "genD" "hessian.default" "hessian" "doTryCatch" "tryCatchOne" "tryCatchList" "tryCatch" "private$gmm" "self$WangShaoKim2014" "initialize" "EBMRAlgorithmFast4$new" 
"mostattributes<-" "pmax" "pmin" "compute_pi" "g" "func" "genD.default" "genD" "hessian.default" "hessian" "doTryCatch" "tryCatchOne" "tryCatchList" "tryCatch" "private$gmm" "self$WangShaoKim2014" "initialize" "EBMRAlgorithmFast4$new" 
"mostattributes<-" "pmax" "pmin" "compute_pi" "g" "func" "genD.default" "genD" "hessian.default" "hessian" "doTryCatch" "tryCatchOne" "tryCatchList" "tryCatch" "private$gmm" "self$WangShaoKim2014" "initialize" "EBMRAlgorithmFast4$new" 
".colMeans" "matrix" "func" "genD.default" "genD" "hessian.default" "hessian" "doTryCatch" "tryCatchOne" "tryCatchList" "tryCatch" "private$gmm" "self$WangShaoKim2014" "initialize" "EBMRAlgorithmFast4$new" 
"as.vector" "dg" "t_Gamma_i" "private$gmm" "self$WangShaoKim2014" "initialize" "EBMRAlgorithmFast4$new" 
"as.vector" "dg" "t_Gamma_i" "private$gmm" "self$WangShaoKim2014" "initialize" "EBMRAlgorithmFast4$new" 
"dg" "t_Gamma_i" "private$gmm" "self$WangShaoKim2014" "initialize" "EBMRAlgorithmFast4$new" 
"dg" "t_Gamma_i" "private$gmm" "self$WangShaoKim2014" "initialize" "EBMRAlgorithmFast4$new" 
"pmax" "pmin" "compute_pi" "as.vector" "d2g" "Gamma_2" "private$gmm" "self$WangShaoKim2014" "initialize" "EBMRAlgorithmFast4$new" 
"pmax" "pmin" "compute_pi" "as.vector" "d2g" "Gamma_2" "private$gmm" "self$WangShaoKim2014" "initialize" "EBMRAlgorithmFast4$new" 
"pmax" "pmin" "compute_pi" "as.vector" "d2g" "Gamma_2" "private$gmm" "self$WangShaoKim2014" "initialize" "EBMRAlgorithmFast4$new" 
"pmax" "pmin" "compute_pi" "as.vector" "d2g" "Gamma_2" "private$gmm" "self$WangShaoKim2014" "initialize" "EBMRAlgorithmFast4$new" 
"pmax" "pmin" "compute_pi" "as.vector" "d2g" "Gamma_2" "private$gmm" "self$WangShaoKim2014" "initialize" "EBMRAlgorithmFast4$new" 
"matrix" "private$gmm" "self$WangShaoKim2014" "initialize" "EBMRAlgorithmFast4$new" 
"matrix" "private$gmm" "self$WangShaoKim2014" "initialize" "EBMRAlgorithmFast4$new" 
"matrix" "private$gmm" "self$WangShaoKim2014" "initialize" "EBMRAlgorithmFast4$new" 
"matrix" "private$gmm" "self$WangShaoKim2014" "initialize" "EBMRAlgorithmFast4$new" 
"is.data.frame" "var" "private$gmm" "self$WangShaoKim2014" "initialize" "EBMRAlgorithmFast4$new" 
"is.data.frame" "var" "private$gmm" "self$WangShaoKim2014" "initialize" "EBMRAlgorithmFast4$new" 
"is.data.frame" "var" "private$gmm" "self$WangShaoKim2014" "initialize" "EBMRAlgorithmFast4$new" 
"-" "ebmr2$EBMR_IPW" 
"-" "ebmr2$EBMR_IPW" 
"-" "ebmr2$EBMR_IPW" 
"-" "ebmr2$EBMR_IPW" 
"/" "standardGeneric" "t" "as.vector" "ebmr2$EBMR_IPW" 
"/" "standardGeneric" "t" "as.vector" "ebmr2$EBMR_IPW" 
"as.formula" "private$build_design_matrix" "self$WangShaoKim2014" "initialize" "EBMRAlgorithmFast4$new" 
".External2" "model.matrix.default" "model.matrix" "private$build_design_matrix" "self$WangShaoKim2014" "initialize" "EBMRAlgorithmFast4$new" 
"deparse" "paste" "deparse1" "force" "as.data.frame.numeric" "as.data.frame" "<Anonymous>" "do.call" "as.data.frame.list" "as.data.frame" "private$separate_variable_types" "self$WangShaoKim2014" "initialize" "EBMRAlgorithmFast4$new" 
"deparse" "paste" "deparse1" "force" "as.data.frame.numeric" "as.data.frame" "<Anonymous>" "do.call" "as.data.frame.list" "as.data.frame" "private$separate_variable_types" "self$WangShaoKim2014" "initialize" "EBMRAlgorithmFast4$new" 
"deparse" "paste" "deparse1" "force" "as.data.frame.numeric" "as.data.frame" "<Anonymous>" "do.call" "as.data.frame.list" "as.data.frame" "private$separate_variable_types" "self$WangShaoKim2014" "initialize" "EBMRAlgorithmFast4$new" 
"factor" "as.factor" "self$WangShaoKim2014" "initialize" "EBMRAlgorithmFast4$new" 
"factor" "as.factor" "self$WangShaoKim2014" "initialize" "EBMRAlgorithmFast4$new" 
"[<-.data.frame" "[<-" "self$WangShaoKim2014" "initialize" "EBMRAlgorithmFast4$new" 
"[<-.data.frame" "[<-" "self$WangShaoKim2014" "initialize" "EBMRAlgorithmFast4$new" 
"is.empty.model" "lm" "model.matrix" "self$WangShaoKim2014" "initialize" "EBMRAlgorithmFast4$new" 
"[.data.frame" "[" "lapply" ".getXlevels" "lm" "model.matrix" "self$WangShaoKim2014" "initialize" "EBMRAlgorithmFast4$new" 
"as.vector" "self$WangShaoKim2014" "initialize" "EBMRAlgorithmFast4$new" 
"mostattributes<-" "pmin" "compute_pi" "g" "cache" "fn" "<Anonymous>" ".External2" "optim" "private$gmm" "self$WangShaoKim2014" "initialize" "EBMRAlgorithmFast4$new" 
"identical" "cache" "fn" "<Anonymous>" ".External2" "optim" "private$gmm" "self$WangShaoKim2014" "initialize" "EBMRAlgorithmFast4$new" 
"identical" "cache" "fn" "<Anonymous>" ".External2" "optim" "private$gmm" "self$WangShaoKim2014" "initialize" "EBMRAlgorithmFast4$new" 
"*" "Gamma_direct" "gr" "<Anonymous>" ".External2" "optim" "private$gmm" "self$WangShaoKim2014" "initialize" "EBMRAlgorithmFast4$new" 
"exp" "compute_pi" "g" "cache" "fn" "<Anonymous>" ".External2" "optim" "private$gmm" "self$WangShaoKim2014" "initialize" "EBMRAlgorithmFast4$new" 
"exp" "compute_pi" "g" "cache" "fn" "<Anonymous>" ".External2" "optim" "private$gmm" "self$WangShaoKim2014" "initialize" "EBMRAlgorithmFast4$new" 
"pmin" "compute_pi" "as.vector" "Gamma_direct" "gr" "<Anonymous>" ".External2" "optim" "private$gmm" "self$WangShaoKim2014" "initialize" "EBMRAlgorithmFast4$new" 
"pmin" "compute_pi" "as.vector" "Gamma_direct" "gr" "<Anonymous>" ".External2" "optim" "private$gmm" "self$WangShaoKim2014" "initialize" "EBMRAlgorithmFast4$new" 
"pmin" "compute_pi" "as.vector" "Gamma_direct" "gr" "<Anonymous>" ".External2" "optim" "private$gmm" "self$WangShaoKim2014" "initialize" "EBMRAlgorithmFast4$new" 
".External2" "optim" "private$gmm" "self$WangShaoKim2014" "initialize" "EBMRAlgorithmFast4$new" 
".External2" "optim" "private$gmm" "self$WangShaoKim2014" "initialize" "EBMRAlgorithmFast4$new" 
".External2" "optim" "private$gmm" "self$WangShaoKim2014" "initialize" "EBMRAlgorithmFast4$new" 
".External2" "optim" "private$gmm" "self$WangShaoKim2014" "initialize" "EBMRAlgorithmFast4$new" 
"exp" "compute_pi" "as.vector" "Gamma_direct" "gr" "<Anonymous>" ".External2" "optim" "private$gmm" "self$WangShaoKim2014" "initialize" "EBMRAlgorithmFast4$new" 
"exp" "compute_pi" "as.vector" "Gamma_direct" "gr" "<Anonymous>" ".External2" "optim" "private$gmm" "self$WangShaoKim2014" "initialize" "EBMRAlgorithmFast4$new" 
"solve.default" "solve" "W" "doTryCatch" "tryCatchOne" "tryCatchList" "tryCatch" "private$gmm" "self$WangShaoKim2014" "initialize" "EBMRAlgorithmFast4$new" 
"mostattributes<-" "pmax" "pmin" "compute_pi" "g" "conv_grad" "private$gmm" "self$WangShaoKim2014" "initialize" "EBMRAlgorithmFast4$new" 
"mostattributes<-" "pmax" "pmin" "compute_pi" "g" "conv_grad" "private$gmm" "self$WangShaoKim2014" "initialize" "EBMRAlgorithmFast4$new" 
"mostattributes<-" "pmax" "pmin" "compute_pi" "g" "conv_grad" "private$gmm" "self$WangShaoKim2014" "initialize" "EBMRAlgorithmFast4$new" 
"exp" "compute_pi" "g" "cache" "fn" "<Anonymous>" ".External2" "optim" "private$gmm" "self$WangShaoKim2014" "initialize" "EBMRAlgorithmFast4$new" 
"exp" "compute_pi" "g" "cache" "fn" "<Anonymous>" ".External2" "optim" "private$gmm" "self$WangShaoKim2014" "initialize" "EBMRAlgorithmFast4$new" 
"vapply" "pmin" "compute_pi" "as.vector" "Gamma_direct" "gr" "<Anonymous>" ".External2" "optim" "private$gmm" "self$WangShaoKim2014" "initialize" "EBMRAlgorithmFast4$new" 
"vapply" "pmin" "compute_pi" "as.vector" "Gamma_direct" "gr" "<Anonymous>" ".External2" "optim" "private$gmm" "self$WangShaoKim2014" "initialize" "EBMRAlgorithmFast4$new" 
"exp" "compute_pi" "g" "cache" "fn" "<Anonymous>" ".External2" "optim" "private$gmm" "self$WangShaoKim2014" "initialize" "EBMRAlgorithmFast4$new" 
"exp" "compute_pi" "g" "cache" "fn" "<Anonymous>" ".External2" "optim" "private$gmm" "self$WangShaoKim2014" "initialize" "EBMRAlgorithmFast4$new" 
"exp" "compute_pi" "g" "cache" "fn" "<Anonymous>" ".External2" "optim" "private$gmm" "self$WangShaoKim2014" "initialize" "EBMRAlgorithmFast4$new" 
"cache" "fn" "<Anonymous>" ".External2" "optim" "private$gmm" "self$WangShaoKim2014" "initialize" "EBMRAlgorithmFast4$new" 
"crossprod" "Gamma_direct" "gr" "<Anonymous>" ".External2" "optim" "private$gmm" "self$WangShaoKim2014" "initialize" "EBMRAlgorithmFast4$new" 
"crossprod" "Gamma_direct" "gr" "<Anonymous>" ".External2" "optim" "private$gmm" "self$WangShaoKim2014" "initialize" "EBMRAlgorithmFast4$new" 
"crossprod" "Gamma_direct" "gr" "<Anonymous>" ".External2" "optim" "private$gmm" "self$WangShaoKim2014" "initialize" "EBMRAlgorithmFast4$new" 
"crossprod" "Gamma_direct" "gr" "<Anonymous>" ".External2" "optim" "private$gmm" "self$WangShaoKim2014" "initialize" "EBMRAlgorithmFast4$new" 
"crossprod" "Gamma_direct" "gr" "<Anonymous>" ".External2" "optim" "private$gmm" "self$WangShaoKim2014" "initialize" "EBMRAlgorithmFast4$new" 
"crossprod" "Gamma_direct" "gr" "<Anonymous>" ".External2" "optim" "private$gmm" "self$WangShaoKim2014" "initialize" "EBMRAlgorithmFast4$new" 
"pmax" "pmin" "compute_pi" "as.vector" "Gamma_direct" "gr" "<Anonymous>" ".External2" "optim" "private$gmm" "self$WangShaoKim2014" "initialize" "EBMRAlgorithmFast4$new" 
"pmax" "pmin" "compute_pi" "as.vector" "Gamma_direct" "gr" "<Anonymous>" ".External2" "optim" "private$gmm" "self$WangShaoKim2014" "initialize" "EBMRAlgorithmFast4$new" 
"exp" "compute_pi" "as.vector" "Gamma_direct" "gr" "<Anonymous>" ".External2" "optim" "private$gmm" "self$WangShaoKim2014" "initialize" "EBMRAlgorithmFast4$new" 
"exp" "compute_pi" "as.vector" "Gamma_direct" "gr" "<Anonymous>" ".External2" "optim" "private$gmm" "self$WangShaoKim2014" "initialize" "EBMRAlgorithmFast4$new" 
"t.default" "t" "solve" "W" "doTryCatch" "tryCatchOne" "tryCatchList" "tryCatch" "conv_grad" "private$gmm" "self$WangShaoKim2014" "initialize" "EBMRAlgorithmFast4$new" 
"t.default" "t" "solve" "W" "doTryCatch" "tryCatchOne" "tryCatchList" "tryCatch" "conv_grad" "private$gmm" "self$WangShaoKim2014" "initialize" "EBMRAlgorithmFast4$new" 
"%*%" "as.vector" "Gamma_direct" "gr" "<Anonymous>" ".External2" "optim" "private$gmm" "self$WangShaoKim2014" "initialize" "EBMRAlgorithmFast4$new" 
"%*%" "as.vector" "Gamma_direct" "gr" "<Anonymous>" ".External2" "optim" "private$gmm" "self$WangShaoKim2014" "initialize" "EBMRAlgorithmFast4$new" 
"exp" "compute_pi" "g" "cache" "fn" "<Anonymous>" ".External2" "optim" "private$gmm" "self$WangShaoKim2014" "initialize" "EBMRAlgorithmFast4$new" 
".colMeans" "matrix" "conv_grad" "private$gmm" "self$WangShaoKim2014" "initialize" "EBMRAlgorithmFast4$new" 
"*" "g" "conv_grad" "private$gmm" "self$WangShaoKim2014" "initialize" "EBMRAlgorithmFast4$new" 
"exp" "compute_pi" "as.vector" "Gamma_direct" "gr" "<Anonymous>" ".External2" "optim" "private$gmm" "self$WangShaoKim2014" "initialize" "EBMRAlgorithmFast4$new" 
"exp" "compute_pi" "as.vector" "Gamma_direct" "gr" "<Anonymous>" ".External2" "optim" "private$gmm" "self$WangShaoKim2014" "initialize" "EBMRAlgorithmFast4$new" 
"pmin" "compute_pi" "g" "cache" "fn" "<Anonymous>" ".External2" "optim" "private$gmm" "self$WangShaoKim2014" "initialize" "EBMRAlgorithmFast4$new" 
"pmin" "compute_pi" "g" "cache" "fn" "<Anonymous>" ".External2" "optim" "private$gmm" "self$WangShaoKim2014" "initialize" "EBMRAlgorithmFast4$new" 
"as.vector" "Gamma_direct" "gr" "<Anonymous>" ".External2" "optim" "private$gmm" "self$WangShaoKim2014" "initialize" "EBMRAlgorithmFast4$new" 
"as.vector" "Gamma_direct" "gr" "<Anonymous>" ".External2" "optim" "private$gmm" "self$WangShaoKim2014" "initialize" "EBMRAlgorithmFast4$new" 
"as.vector" "Gamma_direct" "gr" "<Anonymous>" ".External2" "optim" "private$gmm" "self$WangShaoKim2014" "initialize" "EBMRAlgorithmFast4$new" 
"Gamma_direct" "gr" "<Anonymous>" ".External2" "optim" "private$gmm" "self$WangShaoKim2014" "initialize" "EBMRAlgorithmFast4$new" 
"Gamma_direct" "gr" "<Anonymous>" ".External2" "optim" "private$gmm" "self$WangShaoKim2014" "initialize" "EBMRAlgorithmFast4$new" 
"Gamma_direct" "gr" "<Anonymous>" ".External2" "optim" "private$gmm" "self$WangShaoKim2014" "initialize" "EBMRAlgorithmFast4$new" 
"Gamma_direct" "gr" "<Anonymous>" ".External2" "optim" "private$gmm" "self$WangShaoKim2014" "initialize" "EBMRAlgorithmFast4$new" 
"Gamma_direct" "gr" "<Anonymous>" ".External2" "optim" "private$gmm" "self$WangShaoKim2014" "initialize" "EBMRAlgorithmFast4$new" 
"Gamma_direct" "gr" "<Anonymous>" ".External2" "optim" "private$gmm" "self$WangShaoKim2014" "initialize" "EBMRAlgorithmFast4$new" 
"proj_grad_norm" "private$gmm" "self$WangShaoKim2014" "initialize" "EBMRAlgorithmFast4$new" 
"proj_grad_norm" "private$gmm" "self$WangShaoKim2014" "initialize" "EBMRAlgorithmFast4$new" 
"proj_grad_norm" "private$gmm" "self$WangShaoKim2014" "initialize" "EBMRAlgorithmFast4$new" 
"gr" "<Anonymous>" ".External2" "optim" "private$gmm" "self$WangShaoKim2014" "initialize" "EBMRAlgorithmFast4$new" 
"gr" "<Anonymous>" ".External2" "optim" "private$gmm" "self$WangShaoKim2014" "initialize" "EBMRAlgorithmFast4$new" 
"gr" "<Anonymous>" ".External2" "optim" "private$gmm" "self$WangShaoKim2014" "initialize" "EBMRAlgorithmFast4$new" 
"%*%" "g" "cache" "fn" "<Anonymous>" ".External2" "optim" "private$gmm" "self$WangShaoKim2014" "initialize" "EBMRAlgorithmFast4$new" 
"%*%" "g" "cache" "fn" "<Anonymous>" ".External2" "optim" "private$gmm" "self$WangShaoKim2014" "initialize" "EBMRAlgorithmFast4$new" 
"%*%" "g" "cache" "fn" "<Anonymous>" ".External2" "optim" "private$gmm" "self$WangShaoKim2014" "initialize" "EBMRAlgorithmFast4$new" 
"%*%" "g" "cache" "fn" "<Anonymous>" ".External2" "optim" "private$gmm" "self$WangShaoKim2014" "initialize" "EBMRAlgorithmFast4$new" 
"exp" "compute_pi" "g" "cache" "fn" "<Anonymous>" ".External2" "optim" "private$gmm" "self$WangShaoKim2014" "initialize" "EBMRAlgorithmFast4$new" 
"exp" "compute_pi" "g" "cache" "fn" "<Anonymous>" ".External2" "optim" "private$gmm" "self$WangShaoKim2014" "initialize" "EBMRAlgorithmFast4$new" 
"exp" "compute_pi" "g" "cache" "fn" "<Anonymous>" ".External2" "optim" "private$gmm" "self$WangShaoKim2014" "initialize" "EBMRAlgorithmFast4$new" 
"exp" "compute_pi" "g" "cache" "fn" "<Anonymous>" ".External2" "optim" "private$gmm" "self$WangShaoKim2014" "initialize" "EBMRAlgorithmFast4$new" 
"exp" "compute_pi" "as.vector" "Gamma_direct" "gr" "<Anonymous>" ".External2" "optim" "private$gmm" "self$WangShaoKim2014" "initialize" "EBMRAlgorithmFast4$new" 
"exp" "compute_pi" "as.vector" "Gamma_direct" "gr" "<Anonymous>" ".External2" "optim" "private$gmm" "self$WangShaoKim2014" "initialize" "EBMRAlgorithmFast4$new" 
"*" "g" "cache" "fn" "<Anonymous>" ".External2" "optim" "private$gmm" "self$WangShaoKim2014" "initialize" "EBMRAlgorithmFast4$new" 
"*" "g" "cache" "fn" "<Anonymous>" ".External2" "optim" "private$gmm" "self$WangShaoKim2014" "initialize" "EBMRAlgorithmFast4$new" 
"*" "g" "cache" "fn" "<Anonymous>" ".External2" "optim" "private$gmm" "self$WangShaoKim2014" "initialize" "EBMRAlgorithmFast4$new" 
"*" "g" "cache" "fn" "<Anonymous>" ".External2" "optim" "private$gmm" "self$WangShaoKim2014" "initialize" "EBMRAlgorithmFast4$new" 
"*" "g" "cache" "fn" "<Anonymous>" ".External2" "optim" "private$gmm" "self$WangShaoKim2014" "initialize" "EBMRAlgorithmFast4$new" 
"Gamma_direct" "conv_grad" "private$gmm" "self$WangShaoKim2014" "initialize" "EBMRAlgorithmFast4$new" 
"Gamma_direct" "conv_grad" "private$gmm" "self$WangShaoKim2014" "initialize" "EBMRAlgorithmFast4$new" 
"Gamma_direct" "conv_grad" "private$gmm" "self$WangShaoKim2014" "initialize" "EBMRAlgorithmFast4$new" 
"Gamma_direct" "conv_grad" "private$gmm" "self$WangShaoKim2014" "initialize" "EBMRAlgorithmFast4$new" 
"proj_grad_norm" "private$gmm" "self$WangShaoKim2014" "initialize" "EBMRAlgorithmFast4$new" 
"proj_grad_norm" "private$gmm" "self$WangShaoKim2014" "initialize" "EBMRAlgorithmFast4$new" 
"crossprod" "Gamma_direct" "gr" "<Anonymous>" ".External2" "optim" "private$gmm" "self$WangShaoKim2014" "initialize" "EBMRAlgorithmFast4$new" 
"crossprod" "Gamma_direct" "gr" "<Anonymous>" ".External2" "optim" "private$gmm" "self$WangShaoKim2014" "initialize" "EBMRAlgorithmFast4$new" 
"%*%" "solve" "W" "doTryCatch" "tryCatchOne" "tryCatchList" "tryCatch" "conv_grad" "private$gmm" "self$WangShaoKim2014" "initialize" "EBMRAlgorithmFast4$new" 
"%*%" "solve" "W" "doTryCatch" "tryCatchOne" "tryCatchList" "tryCatch" "conv_grad" "private$gmm" "self$WangShaoKim2014" "initialize" "EBMRAlgorithmFast4$new" 
"%*%" "solve" "W" "doTryCatch" "tryCatchOne" "tryCatchList" "tryCatch" "conv_grad" "private$gmm" "self$WangShaoKim2014" "initialize" "EBMRAlgorithmFast4$new" 
"exp" "compute_pi" "as.vector" "Gamma_direct" "gr" "<Anonymous>" ".External2" "optim" "private$gmm" "self$WangShaoKim2014" "initialize" "EBMRAlgorithmFast4$new" 
"as.vector" "g" "cache" "fn" "<Anonymous>" ".External2" "optim" "private$gmm" "self$WangShaoKim2014" "initialize" "EBMRAlgorithmFast4$new" 
"as.vector" "g" "cache" "fn" "<Anonymous>" ".External2" "optim" "private$gmm" "self$WangShaoKim2014" "initialize" "EBMRAlgorithmFast4$new" 
"*" "g" "cache" "fn" "<Anonymous>" ".External2" "optim" "private$gmm" "self$WangShaoKim2014" "initialize" "EBMRAlgorithmFast4$new" 
"*" "g" "cache" "fn" "<Anonymous>" ".External2" "optim" "private$gmm" "self$WangShaoKim2014" "initialize" "EBMRAlgorithmFast4$new" 
"*" "g" "conv_grad" "private$gmm" "self$WangShaoKim2014" "initialize" "EBMRAlgorithmFast4$new" 
"*" "g" "conv_grad" "private$gmm" "self$WangShaoKim2014" "initialize" "EBMRAlgorithmFast4$new" 
"*" "g" "cache" "fn" "<Anonymous>" ".External2" "optim" "private$gmm" "self$WangShaoKim2014" "initialize" "EBMRAlgorithmFast4$new" 
"*" "g" "cache" "fn" "<Anonymous>" ".External2" "optim" "private$gmm" "self$WangShaoKim2014" "initialize" "EBMRAlgorithmFast4$new" 
"*" "g" "cache" "fn" "<Anonymous>" ".External2" "optim" "private$gmm" "self$WangShaoKim2014" "initialize" "EBMRAlgorithmFast4$new" 
"private$gmm" "self$WangShaoKim2014" "initialize" "EBMRAlgorithmFast4$new" 
"private$gmm" "self$WangShaoKim2014" "initialize" "EBMRAlgorithmFast4$new" 
"%*%" "as.vector" "conv_grad" "private$gmm" "self$WangShaoKim2014" "initialize" "EBMRAlgorithmFast4$new" 
"%*%" "as.vector" "conv_grad" "private$gmm" "self$WangShaoKim2014" "initialize" "EBMRAlgorithmFast4$new" 
"cache" "fn" "<Anonymous>" ".External2" "optim" "private$gmm" "self$WangShaoKim2014" "initialize" "EBMRAlgorithmFast4$new" 
"cache" "fn" "<Anonymous>" ".External2" "optim" "private$gmm" "self$WangShaoKim2014" "initialize" "EBMRAlgorithmFast4$new" 
"cache" "fn" "<Anonymous>" ".External2" "optim" "private$gmm" "self$WangShaoKim2014" "initialize" "EBMRAlgorithmFast4$new" 
"compute_pi" "g" "cache" "fn" "<Anonymous>" ".External2" "optim" "private$gmm" "self$WangShaoKim2014" "initialize" "EBMRAlgorithmFast4$new" 
"compute_pi" "g" "cache" "fn" "<Anonymous>" ".External2" "optim" "private$gmm" "self$WangShaoKim2014" "initialize" "EBMRAlgorithmFast4$new" 
"compute_pi" "g" "cache" "fn" "<Anonymous>" ".External2" "optim" "private$gmm" "self$WangShaoKim2014" "initialize" "EBMRAlgorithmFast4$new" 
"*" "g" "conv_grad" "private$gmm" "self$WangShaoKim2014" "initialize" "EBMRAlgorithmFast4$new" 
"*" "g" "conv_grad" "private$gmm" "self$WangShaoKim2014" "initialize" "EBMRAlgorithmFast4$new" 
"*" "g" "conv_grad" "private$gmm" "self$WangShaoKim2014" "initialize" "EBMRAlgorithmFast4$new" 
"as.vector" "Gamma_direct" "conv_grad" "private$gmm" "self$WangShaoKim2014" "initialize" "EBMRAlgorithmFast4$new" 
"exp" "compute_pi" "g" "cache" "fn" "<Anonymous>" ".External2" "optim" "private$gmm" "self$WangShaoKim2014" "initialize" "EBMRAlgorithmFast4$new" 
"exp" "compute_pi" "g" "cache" "fn" "<Anonymous>" ".External2" "optim" "private$gmm" "self$WangShaoKim2014" "initialize" "EBMRAlgorithmFast4$new" 
"exp" "compute_pi" "g" "cache" "fn" "<Anonymous>" ".External2" "optim" "private$gmm" "self$WangShaoKim2014" "initialize" "EBMRAlgorithmFast4$new" 
"exp" "compute_pi" "g" "cache" "fn" "<Anonymous>" ".External2" "optim" "private$gmm" "self$WangShaoKim2014" "initialize" "EBMRAlgorithmFast4$new" 
"-" "Gamma_direct" "gr" "<Anonymous>" ".External2" "optim" "private$gmm" "self$WangShaoKim2014" "initialize" "EBMRAlgorithmFast4$new" 
"-" "Gamma_direct" "gr" "<Anonymous>" ".External2" "optim" "private$gmm" "self$WangShaoKim2014" "initialize" "EBMRAlgorithmFast4$new" 
"-" "Gamma_direct" "gr" "<Anonymous>" ".External2" "optim" "private$gmm" "self$WangShaoKim2014" "initialize" "EBMRAlgorithmFast4$new" 
"-" "Gamma_direct" "gr" "<Anonymous>" ".External2" "optim" "private$gmm" "self$WangShaoKim2014" "initialize" "EBMRAlgorithmFast4$new" 
"%*%" "solve" "W" "doTryCatch" "tryCatchOne" "tryCatchList" "tryCatch" "conv_grad" "private$gmm" "self$WangShaoKim2014" "initialize" "EBMRAlgorithmFast4$new" 
"%*%" "solve" "W" "doTryCatch" "tryCatchOne" "tryCatchList" "tryCatch" "conv_grad" "private$gmm" "self$WangShaoKim2014" "initialize" "EBMRAlgorithmFast4$new" 
"%*%" "solve" "W" "doTryCatch" "tryCatchOne" "tryCatchList" "tryCatch" "conv_grad" "private$gmm" "self$WangShaoKim2014" "initialize" "EBMRAlgorithmFast4$new" 
"identical" "cache" "fn" "<Anonymous>" ".External2" "optim" "private$gmm" "self$WangShaoKim2014" "initialize" "EBMRAlgorithmFast4$new" 
"identical" "cache" "fn" "<Anonymous>" ".External2" "optim" "private$gmm" "self$WangShaoKim2014" "initialize" "EBMRAlgorithmFast4$new" 
"exp" "compute_pi" "as.vector" "Gamma_direct" "gr" "<Anonymous>" ".External2" "optim" "private$gmm" "self$WangShaoKim2014" "initialize" "EBMRAlgorithmFast4$new" 
"exp" "compute_pi" "as.vector" "Gamma_direct" "gr" "<Anonymous>" ".External2" "optim" "private$gmm" "self$WangShaoKim2014" "initialize" "EBMRAlgorithmFast4$new" 
"exp" "compute_pi" "as.vector" "Gamma_direct" "gr" "<Anonymous>" ".External2" "optim" "private$gmm" "self$WangShaoKim2014" "initialize" "EBMRAlgorithmFast4$new" 
"exp" "compute_pi" "as.vector" "Gamma_direct" "gr" "<Anonymous>" ".External2" "optim" "private$gmm" "self$WangShaoKim2014" "initialize" "EBMRAlgorithmFast4$new" 
"exp" "compute_pi" "as.vector" "Gamma_direct" "conv_grad" "private$gmm" "self$WangShaoKim2014" "initialize" "EBMRAlgorithmFast4$new" 
"exp" "compute_pi" "as.vector" "Gamma_direct" "conv_grad" "private$gmm" "self$WangShaoKim2014" "initialize" "EBMRAlgorithmFast4$new" 
"exp" "compute_pi" "g" "cache" "fn" "<Anonymous>" ".External2" "optim" "private$gmm" "self$WangShaoKim2014" "initialize" "EBMRAlgorithmFast4$new" 
"exp" "compute_pi" "g" "cache" "fn" "<Anonymous>" ".External2" "optim" "private$gmm" "self$WangShaoKim2014" "initialize" "EBMRAlgorithmFast4$new" 
"exp" "compute_pi" "g" "cache" "fn" "<Anonymous>" ".External2" "optim" "private$gmm" "self$WangShaoKim2014" "initialize" "EBMRAlgorithmFast4$new" 
"exp" "compute_pi" "g" "cache" "fn" "<Anonymous>" ".External2" "optim" "private$gmm" "self$WangShaoKim2014" "initialize" "EBMRAlgorithmFast4$new" 
"exp" "compute_pi" "g" "cache" "fn" "<Anonymous>" ".External2" "optim" "private$gmm" "self$WangShaoKim2014" "initialize" "EBMRAlgorithmFast4$new" 
"exp" "compute_pi" "g" "cache" "fn" "<Anonymous>" ".External2" "optim" "private$gmm" "self$WangShaoKim2014" "initialize" "EBMRAlgorithmFast4$new" 
"exp" "compute_pi" "g" "cache" "fn" "<Anonymous>" ".External2" "optim" "private$gmm" "self$WangShaoKim2014" "initialize" "EBMRAlgorithmFast4$new" 
"exp" "compute_pi" "g" "cache" "fn" "<Anonymous>" ".External2" "optim" "private$gmm" "self$WangShaoKim2014" "initialize" "EBMRAlgorithmFast4$new" 
"exp" "compute_pi" "g" "cache" "fn" "<Anonymous>" ".External2" "optim" "private$gmm" "self$WangShaoKim2014" "initialize" "EBMRAlgorithmFast4$new" 
"%*%" "solve" "W" "doTryCatch" "tryCatchOne" "tryCatchList" "tryCatch" "conv_grad" "private$gmm" "self$WangShaoKim2014" "initialize" "EBMRAlgorithmFast4$new" 
"%*%" "solve" "W" "doTryCatch" "tryCatchOne" "tryCatchList" "tryCatch" "conv_grad" "private$gmm" "self$WangShaoKim2014" "initialize" "EBMRAlgorithmFast4$new" 
"%*%" "solve" "W" "doTryCatch" "tryCatchOne" "tryCatchList" "tryCatch" "conv_grad" "private$gmm" "self$WangShaoKim2014" "initialize" "EBMRAlgorithmFast4$new" 
"exp" "compute_pi" "g" "cache" "fn" "<Anonymous>" ".External2" "optim" "private$gmm" "self$WangShaoKim2014" "initialize" "EBMRAlgorithmFast4$new" 
"exp" "compute_pi" "g" "conv_grad" "private$gmm" "self$WangShaoKim2014" "initialize" "EBMRAlgorithmFast4$new" 
"t.default" "t" "solve" "W" "doTryCatch" "tryCatchOne" "tryCatchList" "tryCatch" "private$gmm" "self$WangShaoKim2014" "initialize" "EBMRAlgorithmFast4$new" 
".External2" "optim" "private$gmm" "self$WangShaoKim2014" "initialize" "EBMRAlgorithmFast4$new" 
".External2" "optim" "private$gmm" "self$WangShaoKim2014" "initialize" "EBMRAlgorithmFast4$new" 
"exp" "compute_pi" "g" "cache" "fn" "<Anonymous>" ".External2" "optim" "private$gmm" "self$WangShaoKim2014" "initialize" "EBMRAlgorithmFast4$new" 
"*" "Gamma_direct" "gr" "<Anonymous>" ".External2" "optim" "private$gmm" "self$WangShaoKim2014" "initialize" "EBMRAlgorithmFast4$new" 
"*" "Gamma_direct" "gr" "<Anonymous>" ".External2" "optim" "private$gmm" "self$WangShaoKim2014" "initialize" "EBMRAlgorithmFast4$new" 
"*" "g" "conv_grad" "private$gmm" "self$WangShaoKim2014" "initialize" "EBMRAlgorithmFast4$new" 
"*" "g" "conv_grad" "private$gmm" "self$WangShaoKim2014" "initialize" "EBMRAlgorithmFast4$new" 
"exp" "compute_pi" "as.vector" "Gamma_direct" "gr" "<Anonymous>" ".External2" "optim" "private$gmm" "self$WangShaoKim2014" "initialize" "EBMRAlgorithmFast4$new" 
"exp" "compute_pi" "as.vector" "Gamma_direct" "gr" "<Anonymous>" ".External2" "optim" "private$gmm" "self$WangShaoKim2014" "initialize" "EBMRAlgorithmFast4$new" 
"exp" "compute_pi" "as.vector" "Gamma_direct" "gr" "<Anonymous>" ".External2" "optim" "private$gmm" "self$WangShaoKim2014" "initialize" "EBMRAlgorithmFast4$new" 
"exp" "compute_pi" "as.vector" "Gamma_direct" "gr" "<Anonymous>" ".External2" "optim" "private$gmm" "self$WangShaoKim2014" "initialize" "EBMRAlgorithmFast4$new" 
"solve" "W" "doTryCatch" "tryCatchOne" "tryCatchList" "tryCatch" "private$gmm" "self$WangShaoKim2014" "initialize" "EBMRAlgorithmFast4$new" 
"solve" "W" "doTryCatch" "tryCatchOne" "tryCatchList" "tryCatch" "private$gmm" "self$WangShaoKim2014" "initialize" "EBMRAlgorithmFast4$new" 
"is.na" "mostattributes<-" "pmax" "pmin" "compute_pi" "g" "cache" "fn" "<Anonymous>" ".External2" "optim" "private$gmm" "self$WangShaoKim2014" "initialize" "EBMRAlgorithmFast4$new" 
"is.na" "mostattributes<-" "pmax" "pmin" "compute_pi" "g" "cache" "fn" "<Anonymous>" ".External2" "optim" "private$gmm" "self$WangShaoKim2014" "initialize" "EBMRAlgorithmFast4$new" 
"exp" "compute_pi" "g" "cache" "fn" "<Anonymous>" ".External2" "optim" "private$gmm" "self$WangShaoKim2014" "initialize" "EBMRAlgorithmFast4$new" 
"exp" "compute_pi" "as.vector" "Gamma_direct" "gr" "<Anonymous>" ".External2" "optim" "private$gmm" "self$WangShaoKim2014" "initialize" "EBMRAlgorithmFast4$new" 
"sys.function" "formals" "match.arg" "optim" "private$gmm" "self$WangShaoKim2014" "initialize" "EBMRAlgorithmFast4$new" 
"exp" "compute_pi" "g" "cache" "fn" "<Anonymous>" ".External2" "optim" "private$gmm" "self$WangShaoKim2014" "initialize" "EBMRAlgorithmFast4$new" 
"exp" "compute_pi" "g" "cache" "fn" "<Anonymous>" ".External2" "optim" "private$gmm" "self$WangShaoKim2014" "initialize" "EBMRAlgorithmFast4$new" 
"*" "g" "cache" "fn" "<Anonymous>" ".External2" "optim" "private$gmm" "self$WangShaoKim2014" "initialize" "EBMRAlgorithmFast4$new" 
".colMeans" "matrix" "cache" "fn" "<Anonymous>" ".External2" "optim" "private$gmm" "self$WangShaoKim2014" "initialize" "EBMRAlgorithmFast4$new" 
".colMeans" "matrix" "cache" "fn" "<Anonymous>" ".External2" "optim" "private$gmm" "self$WangShaoKim2014" "initialize" "EBMRAlgorithmFast4$new" 
".colMeans" "matrix" "cache" "fn" "<Anonymous>" ".External2" "optim" "private$gmm" "self$WangShaoKim2014" "initialize" "EBMRAlgorithmFast4$new" 
"*" "g" "cache" "fn" "<Anonymous>" ".External2" "optim" "private$gmm" "self$WangShaoKim2014" "initialize" "EBMRAlgorithmFast4$new" 
"compute_pi" "g" "conv_grad" "proj_grad_norm" "private$gmm" "self$WangShaoKim2014" "initialize" "EBMRAlgorithmFast4$new" 
"compute_pi" "g" "conv_grad" "proj_grad_norm" "private$gmm" "self$WangShaoKim2014" "initialize" "EBMRAlgorithmFast4$new" 
"compute_pi" "g" "conv_grad" "proj_grad_norm" "private$gmm" "self$WangShaoKim2014" "initialize" "EBMRAlgorithmFast4$new" 
"*" "g" "func" "hessian.default" "hessian" "doTryCatch" "tryCatchOne" "tryCatchList" "tryCatch" "private$gmm" "self$WangShaoKim2014" "initialize" "EBMRAlgorithmFast4$new" 
"mostattributes<-" "pmax" "pmin" "compute_pi" "g" "func" "genD.default" "genD" "hessian.default" "hessian" "doTryCatch" "tryCatchOne" "tryCatchList" "tryCatch" "private$gmm" "self$WangShaoKim2014" "initialize" "EBMRAlgorithmFast4$new" 
"mostattributes<-" "pmax" "pmin" "compute_pi" "g" "func" "genD.default" "genD" "hessian.default" "hessian" "doTryCatch" "tryCatchOne" "tryCatchList" "tryCatch" "private$gmm" "self$WangShaoKim2014" "initialize" "EBMRAlgorithmFast4$new" 
"%*%" "solve" "W" "doTryCatch" "tryCatchOne" "tryCatchList" "tryCatch" "func" "genD.default" "genD" "hessian.default" "hessian" "doTryCatch" "tryCatchOne" "tryCatchList" "tryCatch" "private$gmm" "self$WangShaoKim2014" "initialize" "EBMRAlgorithmFast4$new" 
"%*%" "solve" "W" "doTryCatch" "tryCatchOne" "tryCatchList" "tryCatch" "func" "genD.default" "genD" "hessian.default" "hessian" "doTryCatch" "tryCatchOne" "tryCatchList" "tryCatch" "private$gmm" "self$WangShaoKim2014" "initialize" "EBMRAlgorithmFast4$new" 
"*" "g" "func" "genD.default" "genD" "hessian.default" "hessian" "doTryCatch" "tryCatchOne" "tryCatchList" "tryCatch" "private$gmm" "self$WangShaoKim2014" "initialize" "EBMRAlgorithmFast4$new" 
"*" "g" "func" "genD.default" "genD" "hessian.default" "hessian" "doTryCatch" "tryCatchOne" "tryCatchList" "tryCatch" "private$gmm" "self$WangShaoKim2014" "initialize" "EBMRAlgorithmFast4$new" 
"*" "g" "func" "genD.default" "genD" "hessian.default" "hessian" "doTryCatch" "tryCatchOne" "tryCatchList" "tryCatch" "private$gmm" "self$WangShaoKim2014" "initialize" "EBMRAlgorithmFast4$new" 
"exp" "compute_pi" "g" "func" "genD.default" "genD" "hessian.default" "hessian" "doTryCatch" "tryCatchOne" "tryCatchList" "tryCatch" "private$gmm" "self$WangShaoKim2014" "initialize" "EBMRAlgorithmFast4$new" 
"exp" "compute_pi" "g" "func" "genD.default" "genD" "hessian.default" "hessian" "doTryCatch" "tryCatchOne" "tryCatchList" "tryCatch" "private$gmm" "self$WangShaoKim2014" "initialize" "EBMRAlgorithmFast4$new" 
"exp" "compute_pi" "g" "func" "genD.default" "genD" "hessian.default" "hessian" "doTryCatch" "tryCatchOne" "tryCatchList" "tryCatch" "private$gmm" "self$WangShaoKim2014" "initialize" "EBMRAlgorithmFast4$new" 
"exp" "compute_pi" "g" "func" "genD.default" "genD" "hessian.default" "hessian" "doTryCatch" "tryCatchOne" "tryCatchList" "tryCatch" "private$gmm" "self$WangShaoKim2014" "initialize" "EBMRAlgorithmFast4$new" 
"%*%" "g" "func" "genD.default" "genD" "hessian.default" "hessian" "doTryCatch" "tryCatchOne" "tryCatchList" "tryCatch" "private$gmm" "self$WangShaoKim2014" "initialize" "EBMRAlgorithmFast4$new" 
"%*%" "g" "func" "genD.default" "genD" "hessian.default" "hessian" "doTryCatch" "tryCatchOne" "tryCatchList" "tryCatch" "private$gmm" "self$WangShaoKim2014" "initialize" "EBMRAlgorithmFast4$new" 
"t.default" "t" "solve" "W" "doTryCatch" "tryCatchOne" "tryCatchList" "tryCatch" "func" "genD.default" "genD" "hessian.default" "hessian" "doTryCatch" "tryCatchOne" "tryCatchList" "tryCatch" "private$gmm" "self$WangShaoKim2014" "initialize" "EBMRAlgorithmFast4$new" 
"t.default" "t" "solve" "W" "doTryCatch" "tryCatchOne" "tryCatchList" "tryCatch" "func" "genD.default" "genD" "hessian.default" "hessian" "doTryCatch" "tryCatchOne" "tryCatchList" "tryCatch" "private$gmm" "self$WangShaoKim2014" "initialize" "EBMRAlgorithmFast4$new" 
"t.default" "t" "solve" "W" "doTryCatch" "tryCatchOne" "tryCatchList" "tryCatch" "func" "genD.default" "genD" "hessian.default" "hessian" "doTryCatch" "tryCatchOne" "tryCatchList" "tryCatch" "private$gmm" "self$WangShaoKim2014" "initialize" "EBMRAlgorithmFast4$new" 
"mostattributes<-" "pmax" "pmin" "compute_pi" "g" "func" "genD.default" "genD" "hessian.default" "hessian" "doTryCatch" "tryCatchOne" "tryCatchList" "tryCatch" "private$gmm" "self$WangShaoKim2014" "initialize" "EBMRAlgorithmFast4$new" 
"mostattributes<-" "pmax" "pmin" "compute_pi" "g" "func" "genD.default" "genD" "hessian.default" "hessian" "doTryCatch" "tryCatchOne" "tryCatchList" "tryCatch" "private$gmm" "self$WangShaoKim2014" "initialize" "EBMRAlgorithmFast4$new" 
"%*%" "solve" "W" "doTryCatch" "tryCatchOne" "tryCatchList" "tryCatch" "func" "genD.default" "genD" "hessian.default" "hessian" "doTryCatch" "tryCatchOne" "tryCatchList" "tryCatch" "private$gmm" "self$WangShaoKim2014" "initialize" "EBMRAlgorithmFast4$new" 
"%*%" "solve" "W" "doTryCatch" "tryCatchOne" "tryCatchList" "tryCatch" "func" "genD.default" "genD" "hessian.default" "hessian" "doTryCatch" "tryCatchOne" "tryCatchList" "tryCatch" "private$gmm" "self$WangShaoKim2014" "initialize" "EBMRAlgorithmFast4$new" 
"%*%" "solve" "W" "doTryCatch" "tryCatchOne" "tryCatchList" "tryCatch" "func" "genD.default" "genD" "hessian.default" "hessian" "doTryCatch" "tryCatchOne" "tryCatchList" "tryCatch" "private$gmm" "self$WangShaoKim2014" "initialize" "EBMRAlgorithmFast4$new" 
"%*%" "solve" "W" "doTryCatch" "tryCatchOne" "tryCatchList" "tryCatch" "func" "genD.default" "genD" "hessian.default" "hessian" "doTryCatch" "tryCatchOne" "tryCatchList" "tryCatch" "private$gmm" "self$WangShaoKim2014" "initialize" "EBMRAlgorithmFast4$new" 
"*" "g" "func" "genD.default" "genD" "hessian.default" "hessian" "doTryCatch" "tryCatchOne" "tryCatchList" "tryCatch" "private$gmm" "self$WangShaoKim2014" "initialize" "EBMRAlgorithmFast4$new" 
"*" "g" "func" "genD.default" "genD" "hessian.default" "hessian" "doTryCatch" "tryCatchOne" "tryCatchList" "tryCatch" "private$gmm" "self$WangShaoKim2014" "initialize" "EBMRAlgorithmFast4$new" 
"pmax" "pmin" "compute_pi" "g" "func" "genD.default" "genD" "hessian.default" "hessian" "doTryCatch" "tryCatchOne" "tryCatchList" "tryCatch" "private$gmm" "self$WangShaoKim2014" "initialize" "EBMRAlgorithmFast4$new" 
"pmax" "pmin" "compute_pi" "g" "func" "genD.default" "genD" "hessian.default" "hessian" "doTryCatch" "tryCatchOne" "tryCatchList" "tryCatch" "private$gmm" "self$WangShaoKim2014" "initialize" "EBMRAlgorithmFast4$new" 
"%*%" "solve" "W" "doTryCatch" "tryCatchOne" "tryCatchList" "tryCatch" "func" "genD.default" "genD" "hessian.default" "hessian" "doTryCatch" "tryCatchOne" "tryCatchList" "tryCatch" "private$gmm" "self$WangShaoKim2014" "initialize" "EBMRAlgorithmFast4$new" 
"%*%" "solve" "W" "doTryCatch" "tryCatchOne" "tryCatchList" "tryCatch" "func" "genD.default" "genD" "hessian.default" "hessian" "doTryCatch" "tryCatchOne" "tryCatchList" "tryCatch" "private$gmm" "self$WangShaoKim2014" "initialize" "EBMRAlgorithmFast4$new" 
"pmax" "pmin" "compute_pi" "g" "func" "genD.default" "genD" "hessian.default" "hessian" "doTryCatch" "tryCatchOne" "tryCatchList" "tryCatch" "private$gmm" "self$WangShaoKim2014" "initialize" "EBMRAlgorithmFast4$new" 
"pmax" "pmin" "compute_pi" "g" "func" "genD.default" "genD" "hessian.default" "hessian" "doTryCatch" "tryCatchOne" "tryCatchList" "tryCatch" "private$gmm" "self$WangShaoKim2014" "initialize" "EBMRAlgorithmFast4$new" 
"pmax" "pmin" "compute_pi" "g" "func" "genD.default" "genD" "hessian.default" "hessian" "doTryCatch" "tryCatchOne" "tryCatchList" "tryCatch" "private$gmm" "self$WangShaoKim2014" "initialize" "EBMRAlgorithmFast4$new" 
"*" "g" "func" "genD.default" "genD" "hessian.default" "hessian" "doTryCatch" "tryCatchOne" "tryCatchList" "tryCatch" "private$gmm" "self$WangShaoKim2014" "initialize" "EBMRAlgorithmFast4$new" 
"*" "g" "func" "genD.default" "genD" "hessian.default" "hessian" "doTryCatch" "tryCatchOne" "tryCatchList" "tryCatch" "private$gmm" "self$WangShaoKim2014" "initialize" "EBMRAlgorithmFast4$new" 
"*" "g" "func" "genD.default" "genD" "hessian.default" "hessian" "doTryCatch" "tryCatchOne" "tryCatchList" "tryCatch" "private$gmm" "self$WangShaoKim2014" "initialize" "EBMRAlgorithmFast4$new" 
"*" "g" "func" "genD.default" "genD" "hessian.default" "hessian" "doTryCatch" "tryCatchOne" "tryCatchList" "tryCatch" "private$gmm" "self$WangShaoKim2014" "initialize" "EBMRAlgorithmFast4$new" 
"*" "g" "func" "genD.default" "genD" "hessian.default" "hessian" "doTryCatch" "tryCatchOne" "tryCatchList" "tryCatch" "private$gmm" "self$WangShaoKim2014" "initialize" "EBMRAlgorithmFast4$new" 
"*" "g" "func" "genD.default" "genD" "hessian.default" "hessian" "doTryCatch" "tryCatchOne" "tryCatchList" "tryCatch" "private$gmm" "self$WangShaoKim2014" "initialize" "EBMRAlgorithmFast4$new" 
"*" "g" "func" "genD.default" "genD" "hessian.default" "hessian" "doTryCatch" "tryCatchOne" "tryCatchList" "tryCatch" "private$gmm" "self$WangShaoKim2014" "initialize" "EBMRAlgorithmFast4$new" 
"*" "g" "func" "genD.default" "genD" "hessian.default" "hessian" "doTryCatch" "tryCatchOne" "tryCatchList" "tryCatch" "private$gmm" "self$WangShaoKim2014" "initialize" "EBMRAlgorithmFast4$new" 
"*" "g" "func" "genD.default" "genD" "hessian.default" "hessian" "doTryCatch" "tryCatchOne" "tryCatchList" "tryCatch" "private$gmm" "self$WangShaoKim2014" "initialize" "EBMRAlgorithmFast4$new" 
"*" "g" "func" "genD.default" "genD" "hessian.default" "hessian" "doTryCatch" "tryCatchOne" "tryCatchList" "tryCatch" "private$gmm" "self$WangShaoKim2014" "initialize" "EBMRAlgorithmFast4$new" 
"genD.default" "genD" "hessian.default" "hessian" "doTryCatch" "tryCatchOne" "tryCatchList" "tryCatch" "private$gmm" "self$WangShaoKim2014" "initialize" "EBMRAlgorithmFast4$new" 
"genD.default" "genD" "hessian.default" "hessian" "doTryCatch" "tryCatchOne" "tryCatchList" "tryCatch" "private$gmm" "self$WangShaoKim2014" "initialize" "EBMRAlgorithmFast4$new" 
"genD.default" "genD" "hessian.default" "hessian" "doTryCatch" "tryCatchOne" "tryCatchList" "tryCatch" "private$gmm" "self$WangShaoKim2014" "initialize" "EBMRAlgorithmFast4$new" 
"solve.default" "solve" "W" "doTryCatch" "tryCatchOne" "tryCatchList" "tryCatch" "func" "genD.default" "genD" "hessian.default" "hessian" "doTryCatch" "tryCatchOne" "tryCatchList" "tryCatch" "private$gmm" "self$WangShaoKim2014" "initialize" "EBMRAlgorithmFast4$new" 
"solve.default" "solve" "W" "doTryCatch" "tryCatchOne" "tryCatchList" "tryCatch" "func" "genD.default" "genD" "hessian.default" "hessian" "doTryCatch" "tryCatchOne" "tryCatchList" "tryCatch" "private$gmm" "self$WangShaoKim2014" "initialize" "EBMRAlgorithmFast4$new" 
"t.default" "t" "solve" "W" "doTryCatch" "tryCatchOne" "tryCatchList" "tryCatch" "func" "genD.default" "genD" "hessian.default" "hessian" "doTryCatch" "tryCatchOne" "tryCatchList" "tryCatch" "private$gmm" "self$WangShaoKim2014" "initialize" "EBMRAlgorithmFast4$new" 
"t.default" "t" "solve" "W" "doTryCatch" "tryCatchOne" "tryCatchList" "tryCatch" "func" "genD.default" "genD" "hessian.default" "hessian" "doTryCatch" "tryCatchOne" "tryCatchList" "tryCatch" "private$gmm" "self$WangShaoKim2014" "initialize" "EBMRAlgorithmFast4$new" 
"t.default" "t" "solve" "W" "doTryCatch" "tryCatchOne" "tryCatchList" "tryCatch" "func" "genD.default" "genD" "hessian.default" "hessian" "doTryCatch" "tryCatchOne" "tryCatchList" "tryCatch" "private$gmm" "self$WangShaoKim2014" "initialize" "EBMRAlgorithmFast4$new" 
"*" "g" "func" "genD.default" "genD" "hessian.default" "hessian" "doTryCatch" "tryCatchOne" "tryCatchList" "tryCatch" "private$gmm" "self$WangShaoKim2014" "initialize" "EBMRAlgorithmFast4$new" 
"*" "g" "func" "genD.default" "genD" "hessian.default" "hessian" "doTryCatch" "tryCatchOne" "tryCatchList" "tryCatch" "private$gmm" "self$WangShaoKim2014" "initialize" "EBMRAlgorithmFast4$new" 
"func" "genD.default" "genD" "hessian.default" "hessian" "doTryCatch" "tryCatchOne" "tryCatchList" "tryCatch" "private$gmm" "self$WangShaoKim2014" "initialize" "EBMRAlgorithmFast4$new" 
"func" "genD.default" "genD" "hessian.default" "hessian" "doTryCatch" "tryCatchOne" "tryCatchList" "tryCatch" "private$gmm" "self$WangShaoKim2014" "initialize" "EBMRAlgorithmFast4$new" 
"func" "genD.default" "genD" "hessian.default" "hessian" "doTryCatch" "tryCatchOne" "tryCatchList" "tryCatch" "private$gmm" "self$WangShaoKim2014" "initialize" "EBMRAlgorithmFast4$new" 
"*" "g" "func" "genD.default" "genD" "hessian.default" "hessian" "doTryCatch" "tryCatchOne" "tryCatchList" "tryCatch" "private$gmm" "self$WangShaoKim2014" "initialize" "EBMRAlgorithmFast4$new" 
"%*%" "solve" "W" "doTryCatch" "tryCatchOne" "tryCatchList" "tryCatch" "func" "genD.default" "genD" "hessian.default" "hessian" "doTryCatch" "tryCatchOne" "tryCatchList" "tryCatch" "private$gmm" "self$WangShaoKim2014" "initialize" "EBMRAlgorithmFast4$new" 
"%*%" "solve" "W" "doTryCatch" "tryCatchOne" "tryCatchList" "tryCatch" "func" "genD.default" "genD" "hessian.default" "hessian" "doTryCatch" "tryCatchOne" "tryCatchList" "tryCatch" "private$gmm" "self$WangShaoKim2014" "initialize" "EBMRAlgorithmFast4$new" 
"*" "g" "func" "genD.default" "genD" "hessian.default" "hessian" "doTryCatch" "tryCatchOne" "tryCatchList" "tryCatch" "private$gmm" "self$WangShaoKim2014" "initialize" "EBMRAlgorithmFast4$new" 
"*" "g" "func" "genD.default" "genD" "hessian.default" "hessian" "doTryCatch" "tryCatchOne" "tryCatchList" "tryCatch" "private$gmm" "self$WangShaoKim2014" "initialize" "EBMRAlgorithmFast4$new" 
"exp" "compute_pi" "g" "func" "genD.default" "genD" "hessian.default" "hessian" "doTryCatch" "tryCatchOne" "tryCatchList" "tryCatch" "private$gmm" "self$WangShaoKim2014" "initialize" "EBMRAlgorithmFast4$new" 
"exp" "compute_pi" "g" "func" "genD.default" "genD" "hessian.default" "hessian" "doTryCatch" "tryCatchOne" "tryCatchList" "tryCatch" "private$gmm" "self$WangShaoKim2014" "initialize" "EBMRAlgorithmFast4$new" 
"t" "solve" "W" "doTryCatch" "tryCatchOne" "tryCatchList" "tryCatch" "func" "genD.default" "genD" "hessian.default" "hessian" "doTryCatch" "tryCatchOne" "tryCatchList" "tryCatch" "private$gmm" "self$WangShaoKim2014" "initialize" "EBMRAlgorithmFast4$new" 
"*" "g" "func" "genD.default" "genD" "hessian.default" "hessian" "doTryCatch" "tryCatchOne" "tryCatchList" "tryCatch" "private$gmm" "self$WangShaoKim2014" "initialize" "EBMRAlgorithmFast4$new" 
"*" "g" "func" "genD.default" "genD" "hessian.default" "hessian" "doTryCatch" "tryCatchOne" "tryCatchList" "tryCatch" "private$gmm" "self$WangShaoKim2014" "initialize" "EBMRAlgorithmFast4$new" 
"%*%" "solve" "W" "doTryCatch" "tryCatchOne" "tryCatchList" "tryCatch" "func" "genD.default" "genD" "hessian.default" "hessian" "doTryCatch" "tryCatchOne" "tryCatchList" "tryCatch" "private$gmm" "self$WangShaoKim2014" "initialize" "EBMRAlgorithmFast4$new" 
"%*%" "solve" "W" "doTryCatch" "tryCatchOne" "tryCatchList" "tryCatch" "func" "genD.default" "genD" "hessian.default" "hessian" "doTryCatch" "tryCatchOne" "tryCatchList" "tryCatch" "private$gmm" "self$WangShaoKim2014" "initialize" "EBMRAlgorithmFast4$new" 
"mostattributes<-" "pmin" "compute_pi" "g" "func" "genD.default" "genD" "hessian.default" "hessian" "doTryCatch" "tryCatchOne" "tryCatchList" "tryCatch" "private$gmm" "self$WangShaoKim2014" "initialize" "EBMRAlgorithmFast4$new" 
"*" "g" "func" "genD.default" "genD" "hessian.default" "hessian" "doTryCatch" "tryCatchOne" "tryCatchList" "tryCatch" "private$gmm" "self$WangShaoKim2014" "initialize" "EBMRAlgorithmFast4$new" 
"*" "g" "func" "genD.default" "genD" "hessian.default" "hessian" "doTryCatch" "tryCatchOne" "tryCatchList" "tryCatch" "private$gmm" "self$WangShaoKim2014" "initialize" "EBMRAlgorithmFast4$new" 
"*" "g" "func" "genD.default" "genD" "hessian.default" "hessian" "doTryCatch" "tryCatchOne" "tryCatchList" "tryCatch" "private$gmm" "self$WangShaoKim2014" "initialize" "EBMRAlgorithmFast4$new" 
"nrow" "hessian.default" "hessian" "doTryCatch" "tryCatchOne" "tryCatchList" "tryCatch" "private$gmm" "self$WangShaoKim2014" "initialize" "EBMRAlgorithmFast4$new" 
"nrow" "hessian.default" "hessian" "doTryCatch" "tryCatchOne" "tryCatchList" "tryCatch" "private$gmm" "self$WangShaoKim2014" "initialize" "EBMRAlgorithmFast4$new" 
"nrow" "hessian.default" "hessian" "doTryCatch" "tryCatchOne" "tryCatchList" "tryCatch" "private$gmm" "self$WangShaoKim2014" "initialize" "EBMRAlgorithmFast4$new" 
"*" "d2g" "Gamma_2" "private$gmm" "self$WangShaoKim2014" "initialize" "EBMRAlgorithmFast4$new" 
"*" "d2g" "Gamma_2" "private$gmm" "self$WangShaoKim2014" "initialize" "EBMRAlgorithmFast4$new" 
"*" "d2g" "Gamma_2" "private$gmm" "self$WangShaoKim2014" "initialize" "EBMRAlgorithmFast4$new" 
"matrix" "private$gmm" "self$WangShaoKim2014" "initialize" "EBMRAlgorithmFast4$new" 
"matrix" "private$gmm" "self$WangShaoKim2014" "initialize" "EBMRAlgorithmFast4$new" 
"lapply" "sapply" "private$parse_formula" "self$WangShaoKim2014" "initialize" "EBMRAlgorithmFast4$new" 
"factor" "as.factor" "self$WangShaoKim2014" "initialize" "EBMRAlgorithmFast4$new" 
"*" "Gamma_direct" "gr" "<Anonymous>" ".External2" "optim" "private$gmm" "self$WangShaoKim2014" "initialize" "EBMRAlgorithmFast4$new" 
"*" "Gamma_direct" "gr" "<Anonymous>" ".External2" "optim" "private$gmm" "self$WangShaoKim2014" "initialize" "EBMRAlgorithmFast4$new" 
"*" "Gamma_direct" "gr" "<Anonymous>" ".External2" "optim" "private$gmm" "self$WangShaoKim2014" "initialize" "EBMRAlgorithmFast4$new" 
"*" "Gamma_direct" "gr" "<Anonymous>" ".External2" "optim" "private$gmm" "self$WangShaoKim2014" "initialize" "EBMRAlgorithmFast4$new" 
"*" "Gamma_direct" "gr" "<Anonymous>" ".External2" "optim" "private$gmm" "self$WangShaoKim2014" "initialize" "EBMRAlgorithmFast4$new" 
"*" "Gamma_direct" "gr" "<Anonymous>" ".External2" "optim" "private$gmm" "self$WangShaoKim2014" "initialize" "EBMRAlgorithmFast4$new" 
"*" "Gamma_direct" "gr" "<Anonymous>" ".External2" "optim" "private$gmm" "self$WangShaoKim2014" "initialize" "EBMRAlgorithmFast4$new" 
"*" "Gamma_direct" "gr" "<Anonymous>" ".External2" "optim" "private$gmm" "self$WangShaoKim2014" "initialize" "EBMRAlgorithmFast4$new" 
"*" "Gamma_direct" "gr" "<Anonymous>" ".External2" "optim" "private$gmm" "self$WangShaoKim2014" "initialize" "EBMRAlgorithmFast4$new" 
"exp" "compute_pi" "g" "cache" "fn" "<Anonymous>" ".External2" "optim" "private$gmm" "self$WangShaoKim2014" "initialize" "EBMRAlgorithmFast4$new" 
"mostattributes<-" "pmin" "compute_pi" "g" "cache" "fn" "<Anonymous>" ".External2" "optim" "private$gmm" "self$WangShaoKim2014" "initialize" "EBMRAlgorithmFast4$new" 
"pmax" "pmin" "compute_pi" "g" "cache" "fn" "<Anonymous>" ".External2" "optim" "private$gmm" "self$WangShaoKim2014" "initialize" "EBMRAlgorithmFast4$new" 
"pmax" "pmin" "compute_pi" "g" "cache" "fn" "<Anonymous>" ".External2" "optim" "private$gmm" "self$WangShaoKim2014" "initialize" "EBMRAlgorithmFast4$new" 
"cache" "fn" "<Anonymous>" ".External2" "optim" "private$gmm" "self$WangShaoKim2014" "initialize" "EBMRAlgorithmFast4$new" 
"match.fun" "vapply" "pmax" "pmin" "compute_pi" "g" "cache" "fn" "<Anonymous>" ".External2" "optim" "private$gmm" "self$WangShaoKim2014" "initialize" "EBMRAlgorithmFast4$new" 
"crossprod" "Gamma_direct" "gr" "<Anonymous>" ".External2" "optim" "private$gmm" "self$WangShaoKim2014" "initialize" "EBMRAlgorithmFast4$new" 
"crossprod" "Gamma_direct" "gr" "<Anonymous>" ".External2" "optim" "private$gmm" "self$WangShaoKim2014" "initialize" "EBMRAlgorithmFast4$new" 
"solve.default" "solve" "W" "doTryCatch" "tryCatchOne" "tryCatchList" "tryCatch" "private$gmm" "self$WangShaoKim2014" "initialize" "EBMRAlgorithmFast4$new" 
"%*%" "solve" "W" "doTryCatch" "tryCatchOne" "tryCatchList" "tryCatch" "private$gmm" "self$WangShaoKim2014" "initialize" "EBMRAlgorithmFast4$new" 
"pmax" "pmin" "compute_pi" "as.vector" "Gamma_direct" "gr" "<Anonymous>" ".External2" "optim" "private$gmm" "self$WangShaoKim2014" "initialize" "EBMRAlgorithmFast4$new" 
"g" "cache" "fn" "<Anonymous>" ".External2" "optim" "private$gmm" "self$WangShaoKim2014" "initialize" "EBMRAlgorithmFast4$new" 
"g" "cache" "fn" "<Anonymous>" ".External2" "optim" "private$gmm" "self$WangShaoKim2014" "initialize" "EBMRAlgorithmFast4$new" 
"%*%" "as.vector" "Gamma_direct" "gr" "<Anonymous>" ".External2" "optim" "private$gmm" "self$WangShaoKim2014" "initialize" "EBMRAlgorithmFast4$new" 
"*" "g" "conv_grad" "private$gmm" "self$WangShaoKim2014" "initialize" "EBMRAlgorithmFast4$new" 
"*" "Gamma_direct" "gr" "<Anonymous>" ".External2" "optim" "private$gmm" "self$WangShaoKim2014" "initialize" "EBMRAlgorithmFast4$new" 
"*" "Gamma_direct" "gr" "<Anonymous>" ".External2" "optim" "private$gmm" "self$WangShaoKim2014" "initialize" "EBMRAlgorithmFast4$new" 
"exp" "compute_pi" "as.vector" "Gamma_direct" "gr" "<Anonymous>" ".External2" "optim" "private$gmm" "self$WangShaoKim2014" "initialize" "EBMRAlgorithmFast4$new" 
"exp" "compute_pi" "as.vector" "Gamma_direct" "gr" "<Anonymous>" ".External2" "optim" "private$gmm" "self$WangShaoKim2014" "initialize" "EBMRAlgorithmFast4$new" 
"exp" "compute_pi" "as.vector" "Gamma_direct" "gr" "<Anonymous>" ".External2" "optim" "private$gmm" "self$WangShaoKim2014" "initialize" "EBMRAlgorithmFast4$new" 
"vapply" "pmin" "compute_pi" "as.vector" "Gamma_direct" "gr" "<Anonymous>" ".External2" "optim" "private$gmm" "self$WangShaoKim2014" "initialize" "EBMRAlgorithmFast4$new" 
"vapply" "pmin" "compute_pi" "as.vector" "Gamma_direct" "gr" "<Anonymous>" ".External2" "optim" "private$gmm" "self$WangShaoKim2014" "initialize" "EBMRAlgorithmFast4$new" 
"*" "Gamma_direct" "conv_grad" "private$gmm" "self$WangShaoKim2014" "initialize" "EBMRAlgorithmFast4$new" 
"*" "Gamma_direct" "conv_grad" "private$gmm" "self$WangShaoKim2014" "initialize" "EBMRAlgorithmFast4$new" 
"*" "Gamma_direct" "conv_grad" "private$gmm" "self$WangShaoKim2014" "initialize" "EBMRAlgorithmFast4$new" 
"pmax" "pmin" "compute_pi" "as.vector" "Gamma_direct" "gr" "<Anonymous>" ".External2" "optim" "private$gmm" "self$WangShaoKim2014" "initialize" "EBMRAlgorithmFast4$new" 
"pmax" "pmin" "compute_pi" "as.vector" "Gamma_direct" "gr" "<Anonymous>" ".External2" "optim" "private$gmm" "self$WangShaoKim2014" "initialize" "EBMRAlgorithmFast4$new" 
"exp" "compute_pi" "g" "conv_grad" "private$gmm" "self$WangShaoKim2014" "initialize" "EBMRAlgorithmFast4$new" 
"exp" "compute_pi" "g" "conv_grad" "private$gmm" "self$WangShaoKim2014" "initialize" "EBMRAlgorithmFast4$new" 
"exp" "compute_pi" "g" "conv_grad" "private$gmm" "self$WangShaoKim2014" "initialize" "EBMRAlgorithmFast4$new" 
"exp" "compute_pi" "as.vector" "Gamma_direct" "gr" "<Anonymous>" ".External2" "optim" "private$gmm" "self$WangShaoKim2014" "initialize" "EBMRAlgorithmFast4$new" 
"exp" "compute_pi" "as.vector" "Gamma_direct" "gr" "<Anonymous>" ".External2" "optim" "private$gmm" "self$WangShaoKim2014" "initialize" "EBMRAlgorithmFast4$new" 
"*" "g" "cache" "fn" "<Anonymous>" ".External2" "optim" "private$gmm" "self$WangShaoKim2014" "initialize" "EBMRAlgorithmFast4$new" 
"pmax" "pmin" "compute_pi" "g" "cache" "fn" "<Anonymous>" ".External2" "optim" "private$gmm" "self$WangShaoKim2014" "initialize" "EBMRAlgorithmFast4$new" 
"exp" "compute_pi" "g" "cache" "fn" "<Anonymous>" ".External2" "optim" "private$gmm" "self$WangShaoKim2014" "initialize" "EBMRAlgorithmFast4$new" 
"mostattributes<-" "pmin" "compute_pi" "g" "cache" "fn" "<Anonymous>" ".External2" "optim" "private$gmm" "self$WangShaoKim2014" "initialize" "EBMRAlgorithmFast4$new" 
"mostattributes<-" "pmin" "compute_pi" "g" "cache" "fn" "<Anonymous>" ".External2" "optim" "private$gmm" "self$WangShaoKim2014" "initialize" "EBMRAlgorithmFast4$new" 
"crossprod" "Gamma_direct" "gr" "<Anonymous>" ".External2" "optim" "private$gmm" "self$WangShaoKim2014" "initialize" "EBMRAlgorithmFast4$new" 
"as.vector" "g" "conv_grad" "private$gmm" "self$WangShaoKim2014" "initialize" "EBMRAlgorithmFast4$new" 
"as.vector" "g" "conv_grad" "private$gmm" "self$WangShaoKim2014" "initialize" "EBMRAlgorithmFast4$new" 
"*" "g" "cache" "fn" "<Anonymous>" ".External2" "optim" "private$gmm" "self$WangShaoKim2014" "initialize" "EBMRAlgorithmFast4$new" 
"*" "g" "cache" "fn" "<Anonymous>" ".External2" "optim" "private$gmm" "self$WangShaoKim2014" "initialize" "EBMRAlgorithmFast4$new" 
"*" "Gamma_direct" "gr" "<Anonymous>" ".External2" "optim" "private$gmm" "self$WangShaoKim2014" "initialize" "EBMRAlgorithmFast4$new" 
"is.function" "match.fun" "vapply" "pmin" "compute_pi" "g" "cache" "fn" "<Anonymous>" ".External2" "optim" "private$gmm" "self$WangShaoKim2014" "initialize" "EBMRAlgorithmFast4$new" 
"is.function" "match.fun" "vapply" "pmin" "compute_pi" "g" "cache" "fn" "<Anonymous>" ".External2" "optim" "private$gmm" "self$WangShaoKim2014" "initialize" "EBMRAlgorithmFast4$new" 
"private$gmm" "self$WangShaoKim2014" "initialize" "EBMRAlgorithmFast4$new" 
"optim" "private$gmm" "self$WangShaoKim2014" "initialize" "EBMRAlgorithmFast4$new" 
"optim" "private$gmm" "self$WangShaoKim2014" "initialize" "EBMRAlgorithmFast4$new" 
"!" "fn" "<Anonymous>" ".External2" "optim" "private$gmm" "self$WangShaoKim2014" "initialize" "EBMRAlgorithmFast4$new" 
"mostattributes<-" "pmax" "pmin" "compute_pi" "g" "cache" "fn" "<Anonymous>" ".External2" "optim" "private$gmm" "self$WangShaoKim2014" "initialize" "EBMRAlgorithmFast4$new" 
"mostattributes<-" "pmax" "pmin" "compute_pi" "g" "cache" "fn" "<Anonymous>" ".External2" "optim" "private$gmm" "self$WangShaoKim2014" "initialize" "EBMRAlgorithmFast4$new" 
"mostattributes<-" "pmax" "pmin" "compute_pi" "g" "cache" "fn" "<Anonymous>" ".External2" "optim" "private$gmm" "self$WangShaoKim2014" "initialize" "EBMRAlgorithmFast4$new" 
"*" "g" "conv_grad" "private$gmm" "self$WangShaoKim2014" "initialize" "EBMRAlgorithmFast4$new" 
"*" "g" "conv_grad" "private$gmm" "self$WangShaoKim2014" "initialize" "EBMRAlgorithmFast4$new" 
"*" "g" "cache" "fn" "<Anonymous>" ".External2" "optim" "private$gmm" "self$WangShaoKim2014" "initialize" "EBMRAlgorithmFast4$new" 
"FUN" "vapply" "pmax" "pmin" "compute_pi" "as.vector" "Gamma_direct" "gr" "<Anonymous>" ".External2" "optim" "private$gmm" "self$WangShaoKim2014" "initialize" "EBMRAlgorithmFast4$new" 
"FUN" "vapply" "pmax" "pmin" "compute_pi" "as.vector" "Gamma_direct" "gr" "<Anonymous>" ".External2" "optim" "private$gmm" "self$WangShaoKim2014" "initialize" "EBMRAlgorithmFast4$new" 
"FUN" "vapply" "pmax" "pmin" "compute_pi" "as.vector" "Gamma_direct" "gr" "<Anonymous>" ".External2" "optim" "private$gmm" "self$WangShaoKim2014" "initialize" "EBMRAlgorithmFast4$new" 
"exp" "compute_pi" "g" "cache" "fn" "<Anonymous>" ".External2" "optim" "private$gmm" "self$WangShaoKim2014" "initialize" "EBMRAlgorithmFast4$new" 
"exp" "compute_pi" "g" "cache" "fn" "<Anonymous>" ".External2" "optim" "private$gmm" "self$WangShaoKim2014" "initialize" "EBMRAlgorithmFast4$new" 
"exp" "compute_pi" "g" "cache" "fn" "<Anonymous>" ".External2" "optim" "private$gmm" "self$WangShaoKim2014" "initialize" "EBMRAlgorithmFast4$new" 
"*" "g" "conv_grad" "private$gmm" "self$WangShaoKim2014" "initialize" "EBMRAlgorithmFast4$new" 
"*" "g" "conv_grad" "private$gmm" "self$WangShaoKim2014" "initialize" "EBMRAlgorithmFast4$new" 
"*" "g" "conv_grad" "private$gmm" "self$WangShaoKim2014" "initialize" "EBMRAlgorithmFast4$new" 
"*" "g" "conv_grad" "private$gmm" "self$WangShaoKim2014" "initialize" "EBMRAlgorithmFast4$new" 
"*" "g" "conv_grad" "private$gmm" "self$WangShaoKim2014" "initialize" "EBMRAlgorithmFast4$new" 
"crossprod" "fn" "<Anonymous>" ".External2" "optim" "private$gmm" "self$WangShaoKim2014" "initialize" "EBMRAlgorithmFast4$new" 
"*" "g" "cache" "fn" "<Anonymous>" ".External2" "optim" "private$gmm" "self$WangShaoKim2014" "initialize" "EBMRAlgorithmFast4$new" 
"as.vector" "g" "cache" "fn" "<Anonymous>" ".External2" "optim" "private$gmm" "self$WangShaoKim2014" "initialize" "EBMRAlgorithmFast4$new" 
"as.vector" "g" "cache" "fn" "<Anonymous>" ".External2" "optim" "private$gmm" "self$WangShaoKim2014" "initialize" "EBMRAlgorithmFast4$new" 
"as.vector" "g" "cache" "fn" "<Anonymous>" ".External2" "optim" "private$gmm" "self$WangShaoKim2014" "initialize" "EBMRAlgorithmFast4$new" 
"as.vector" "g" "cache" "fn" "<Anonymous>" ".External2" "optim" "private$gmm" "self$WangShaoKim2014" "initialize" "EBMRAlgorithmFast4$new" 
"as.vector" "g" "cache" "fn" "<Anonymous>" ".External2" "optim" "private$gmm" "self$WangShaoKim2014" "initialize" "EBMRAlgorithmFast4$new" 
"as.vector" "g" "cache" "fn" "<Anonymous>" ".External2" "optim" "private$gmm" "self$WangShaoKim2014" "initialize" "EBMRAlgorithmFast4$new" 
"as.vector" "g" "cache" "fn" "<Anonymous>" ".External2" "optim" "private$gmm" "self$WangShaoKim2014" "initialize" "EBMRAlgorithmFast4$new" 
"as.vector" "g" "cache" "fn" "<Anonymous>" ".External2" "optim" "private$gmm" "self$WangShaoKim2014" "initialize" "EBMRAlgorithmFast4$new" 
"as.vector" "g" "cache" "fn" "<Anonymous>" ".External2" "optim" "private$gmm" "self$WangShaoKim2014" "initialize" "EBMRAlgorithmFast4$new" 
"as.vector" "g" "cache" "fn" "<Anonymous>" ".External2" "optim" "private$gmm" "self$WangShaoKim2014" "initialize" "EBMRAlgorithmFast4$new" 
"as.vector" "g" "cache" "fn" "<Anonymous>" ".External2" "optim" "private$gmm" "self$WangShaoKim2014" "initialize" "EBMRAlgorithmFast4$new" 
"pmax" "pmin" "compute_pi" "as.vector" "Gamma_direct" "gr" "<Anonymous>" ".External2" "optim" "private$gmm" "self$WangShaoKim2014" "initialize" "EBMRAlgorithmFast4$new" 
"pmax" "pmin" "compute_pi" "as.vector" "Gamma_direct" "gr" "<Anonymous>" ".External2" "optim" "private$gmm" "self$WangShaoKim2014" "initialize" "EBMRAlgorithmFast4$new" 
"pmax" "pmin" "compute_pi" "as.vector" "Gamma_direct" "gr" "<Anonymous>" ".External2" "optim" "private$gmm" "self$WangShaoKim2014" "initialize" "EBMRAlgorithmFast4$new" 
"pmax" "pmin" "compute_pi" "as.vector" "Gamma_direct" "gr" "<Anonymous>" ".External2" "optim" "private$gmm" "self$WangShaoKim2014" "initialize" "EBMRAlgorithmFast4$new" 
"t.default" "t" "solve" "W" "doTryCatch" "tryCatchOne" "tryCatchList" "tryCatch" "private$gmm" "self$WangShaoKim2014" "initialize" "EBMRAlgorithmFast4$new" 
"exp" "compute_pi" "as.vector" "Gamma_direct" "gr" "<Anonymous>" ".External2" "optim" "private$gmm" "self$WangShaoKim2014" "initialize" "EBMRAlgorithmFast4$new" 
"exp" "compute_pi" "as.vector" "Gamma_direct" "gr" "<Anonymous>" ".External2" "optim" "private$gmm" "self$WangShaoKim2014" "initialize" "EBMRAlgorithmFast4$new" 
"exp" "compute_pi" "as.vector" "Gamma_direct" "gr" "<Anonymous>" ".External2" "optim" "private$gmm" "self$WangShaoKim2014" "initialize" "EBMRAlgorithmFast4$new" 
"crossprod" "Gamma_direct" "gr" "<Anonymous>" ".External2" "optim" "private$gmm" "self$WangShaoKim2014" "initialize" "EBMRAlgorithmFast4$new" 
"crossprod" "Gamma_direct" "gr" "<Anonymous>" ".External2" "optim" "private$gmm" "self$WangShaoKim2014" "initialize" "EBMRAlgorithmFast4$new" 
"crossprod" "Gamma_direct" "gr" "<Anonymous>" ".External2" "optim" "private$gmm" "self$WangShaoKim2014" "initialize" "EBMRAlgorithmFast4$new" 
"crossprod" "Gamma_direct" "gr" "<Anonymous>" ".External2" "optim" "private$gmm" "self$WangShaoKim2014" "initialize" "EBMRAlgorithmFast4$new" 
"exp" "compute_pi" "g" "cache" "fn" "<Anonymous>" ".External2" "optim" "private$gmm" "self$WangShaoKim2014" "initialize" "EBMRAlgorithmFast4$new" 
"exp" "compute_pi" "g" "cache" "fn" "<Anonymous>" ".External2" "optim" "private$gmm" "self$WangShaoKim2014" "initialize" "EBMRAlgorithmFast4$new" 
"-" "g" "conv_grad" "private$gmm" "self$WangShaoKim2014" "initialize" "EBMRAlgorithmFast4$new" 
"-" "g" "conv_grad" "private$gmm" "self$WangShaoKim2014" "initialize" "EBMRAlgorithmFast4$new" 
"exp" "compute_pi" "g" "cache" "fn" "<Anonymous>" ".External2" "optim" "private$gmm" "self$WangShaoKim2014" "initialize" "EBMRAlgorithmFast4$new" 
"exp" "compute_pi" "g" "cache" "fn" "<Anonymous>" ".External2" "optim" "private$gmm" "self$WangShaoKim2014" "initialize" "EBMRAlgorithmFast4$new" 
"pmin" "compute_pi" "as.vector" "Gamma_direct" "gr" "<Anonymous>" ".External2" "optim" "private$gmm" "self$WangShaoKim2014" "initialize" "EBMRAlgorithmFast4$new" 
"pmin" "compute_pi" "as.vector" "Gamma_direct" "gr" "<Anonymous>" ".External2" "optim" "private$gmm" "self$WangShaoKim2014" "initialize" "EBMRAlgorithmFast4$new" 
"crossprod" "Gamma_direct" "conv_grad" "private$gmm" "self$WangShaoKim2014" "initialize" "EBMRAlgorithmFast4$new" 
"crossprod" "Gamma_direct" "conv_grad" "private$gmm" "self$WangShaoKim2014" "initialize" "EBMRAlgorithmFast4$new" 
"crossprod" "Gamma_direct" "conv_grad" "private$gmm" "self$WangShaoKim2014" "initialize" "EBMRAlgorithmFast4$new" 
"vapply" "pmin" "compute_pi" "as.vector" "Gamma_direct" "gr" "<Anonymous>" ".External2" "optim" "private$gmm" "self$WangShaoKim2014" "initialize" "EBMRAlgorithmFast4$new" 
"vapply" "pmin" "compute_pi" "as.vector" "Gamma_direct" "gr" "<Anonymous>" ".External2" "optim" "private$gmm" "self$WangShaoKim2014" "initialize" "EBMRAlgorithmFast4$new" 
"vapply" "pmin" "compute_pi" "as.vector" "Gamma_direct" "gr" "<Anonymous>" ".External2" "optim" "private$gmm" "self$WangShaoKim2014" "initialize" "EBMRAlgorithmFast4$new" 
"vapply" "pmin" "compute_pi" "as.vector" "Gamma_direct" "gr" "<Anonymous>" ".External2" "optim" "private$gmm" "self$WangShaoKim2014" "initialize" "EBMRAlgorithmFast4$new" 
"crossprod" "fn" "<Anonymous>" ".External2" "optim" "private$gmm" "self$WangShaoKim2014" "initialize" "EBMRAlgorithmFast4$new" 
"crossprod" "fn" "<Anonymous>" ".External2" "optim" "private$gmm" "self$WangShaoKim2014" "initialize" "EBMRAlgorithmFast4$new" 
"crossprod" "fn" "<Anonymous>" ".External2" "optim" "private$gmm" "self$WangShaoKim2014" "initialize" "EBMRAlgorithmFast4$new" 
"*" "Gamma_direct" "conv_grad" "private$gmm" "self$WangShaoKim2014" "initialize" "EBMRAlgorithmFast4$new" 
"*" "Gamma_direct" "conv_grad" "private$gmm" "self$WangShaoKim2014" "initialize" "EBMRAlgorithmFast4$new" 
"*" "Gamma_direct" "conv_grad" "private$gmm" "self$WangShaoKim2014" "initialize" "EBMRAlgorithmFast4$new" 
"*" "Gamma_direct" "conv_grad" "private$gmm" "self$WangShaoKim2014" "initialize" "EBMRAlgorithmFast4$new" 
"exp" "compute_pi" "as.vector" "Gamma_direct" "gr" "<Anonymous>" ".External2" "optim" "private$gmm" "self$WangShaoKim2014" "initialize" "EBMRAlgorithmFast4$new" 
"exp" "compute_pi" "as.vector" "Gamma_direct" "gr" "<Anonymous>" ".External2" "optim" "private$gmm" "self$WangShaoKim2014" "initialize" "EBMRAlgorithmFast4$new" 
"exp" "compute_pi" "as.vector" "Gamma_direct" "gr" "<Anonymous>" ".External2" "optim" "private$gmm" "self$WangShaoKim2014" "initialize" "EBMRAlgorithmFast4$new" 
"crossprod" "Gamma_direct" "gr" "<Anonymous>" ".External2" "optim" "private$gmm" "self$WangShaoKim2014" "initialize" "EBMRAlgorithmFast4$new" 
"crossprod" "Gamma_direct" "gr" "<Anonymous>" ".External2" "optim" "private$gmm" "self$WangShaoKim2014" "initialize" "EBMRAlgorithmFast4$new" 
"crossprod" "Gamma_direct" "gr" "<Anonymous>" ".External2" "optim" "private$gmm" "self$WangShaoKim2014" "initialize" "EBMRAlgorithmFast4$new" 
"crossprod" "Gamma_direct" "gr" "<Anonymous>" ".External2" "optim" "private$gmm" "self$WangShaoKim2014" "initialize" "EBMRAlgorithmFast4$new" 
"pmin" "compute_pi" "g" "cache" "fn" "<Anonymous>" ".External2" "optim" "private$gmm" "self$WangShaoKim2014" "initialize" "EBMRAlgorithmFast4$new" 
"pmin" "compute_pi" "g" "cache" "fn" "<Anonymous>" ".External2" "optim" "private$gmm" "self$WangShaoKim2014" "initialize" "EBMRAlgorithmFast4$new" 
"pmin" "compute_pi" "g" "cache" "fn" "<Anonymous>" ".External2" "optim" "private$gmm" "self$WangShaoKim2014" "initialize" "EBMRAlgorithmFast4$new" 
"cache" "fn" "<Anonymous>" ".External2" "optim" "private$gmm" "self$WangShaoKim2014" "initialize" "EBMRAlgorithmFast4$new" 
"cache" "fn" "<Anonymous>" ".External2" "optim" "private$gmm" "self$WangShaoKim2014" "initialize" "EBMRAlgorithmFast4$new" 
"cache" "fn" "<Anonymous>" ".External2" "optim" "private$gmm" "self$WangShaoKim2014" "initialize" "EBMRAlgorithmFast4$new" 
"t.default" "t" "solve" "W" "doTryCatch" "tryCatchOne" "tryCatchList" "tryCatch" "conv_grad" "private$gmm" "self$WangShaoKim2014" "initialize" "EBMRAlgorithmFast4$new" 
"t.default" "t" "solve" "W" "doTryCatch" "tryCatchOne" "tryCatchList" "tryCatch" "conv_grad" "private$gmm" "self$WangShaoKim2014" "initialize" "EBMRAlgorithmFast4$new" 
"t.default" "t" "solve" "W" "doTryCatch" "tryCatchOne" "tryCatchList" "tryCatch" "conv_grad" "private$gmm" "self$WangShaoKim2014" "initialize" "EBMRAlgorithmFast4$new" 
"crossprod" "Gamma_direct" "gr" "<Anonymous>" ".External2" "optim" "private$gmm" "self$WangShaoKim2014" "initialize" "EBMRAlgorithmFast4$new" 
"crossprod" "Gamma_direct" "gr" "<Anonymous>" ".External2" "optim" "private$gmm" "self$WangShaoKim2014" "initialize" "EBMRAlgorithmFast4$new" 
"mostattributes<-" "pmax" "pmin" "compute_pi" "g" "cache" "fn" "<Anonymous>" ".External2" "optim" "private$gmm" "self$WangShaoKim2014" "initialize" "EBMRAlgorithmFast4$new" 
"mostattributes<-" "pmax" "pmin" "compute_pi" "g" "cache" "fn" "<Anonymous>" ".External2" "optim" "private$gmm" "self$WangShaoKim2014" "initialize" "EBMRAlgorithmFast4$new" 
"solve" "W" "doTryCatch" "tryCatchOne" "tryCatchList" "tryCatch" "private$gmm" "self$WangShaoKim2014" "initialize" "EBMRAlgorithmFast4$new" 
"solve" "W" "doTryCatch" "tryCatchOne" "tryCatchList" "tryCatch" "private$gmm" "self$WangShaoKim2014" "initialize" "EBMRAlgorithmFast4$new" 
"solve" "W" "doTryCatch" "tryCatchOne" "tryCatchList" "tryCatch" "private$gmm" "self$WangShaoKim2014" "initialize" "EBMRAlgorithmFast4$new" 
"crossprod" "Gamma_direct" "conv_grad" "private$gmm" "self$WangShaoKim2014" "initialize" "EBMRAlgorithmFast4$new" 
"crossprod" "Gamma_direct" "conv_grad" "private$gmm" "self$WangShaoKim2014" "initialize" "EBMRAlgorithmFast4$new" 
"vapply" "pmin" "compute_pi" "g" "cache" "fn" "<Anonymous>" ".External2" "optim" "private$gmm" "self$WangShaoKim2014" "initialize" "EBMRAlgorithmFast4$new" 
"vapply" "pmin" "compute_pi" "g" "cache" "fn" "<Anonymous>" ".External2" "optim" "private$gmm" "self$WangShaoKim2014" "initialize" "EBMRAlgorithmFast4$new" 
"exp" "compute_pi" "as.vector" "Gamma_direct" "gr" "<Anonymous>" ".External2" "optim" "private$gmm" "self$WangShaoKim2014" "initialize" "EBMRAlgorithmFast4$new" 
"exp" "compute_pi" "as.vector" "Gamma_direct" "gr" "<Anonymous>" ".External2" "optim" "private$gmm" "self$WangShaoKim2014" "initialize" "EBMRAlgorithmFast4$new" 
"exp" "compute_pi" "as.vector" "Gamma_direct" "gr" "<Anonymous>" ".External2" "optim" "private$gmm" "self$WangShaoKim2014" "initialize" "EBMRAlgorithmFast4$new" 
"t.default" "t" "solve" "W" "doTryCatch" "tryCatchOne" "tryCatchList" "tryCatch" "private$gmm" "self$WangShaoKim2014" "initialize" "EBMRAlgorithmFast4$new" 
"t.default" "t" "solve" "W" "doTryCatch" "tryCatchOne" "tryCatchList" "tryCatch" "private$gmm" "self$WangShaoKim2014" "initialize" "EBMRAlgorithmFast4$new" 
"t.default" "t" "solve" "W" "doTryCatch" "tryCatchOne" "tryCatchList" "tryCatch" "private$gmm" "self$WangShaoKim2014" "initialize" "EBMRAlgorithmFast4$new" 
".External2" "optim" "private$gmm" "self$WangShaoKim2014" "initialize" "EBMRAlgorithmFast4$new" 
".External2" "optim" "private$gmm" "self$WangShaoKim2014" "initialize" "EBMRAlgorithmFast4$new" 
".External2" "optim" "private$gmm" "self$WangShaoKim2014" "initialize" "EBMRAlgorithmFast4$new" 
"vapply" "pmax" "pmin" "compute_pi" "as.vector" "Gamma_direct" "gr" "<Anonymous>" ".External2" "optim" "private$gmm" "self$WangShaoKim2014" "initialize" "EBMRAlgorithmFast4$new" 
"vapply" "pmax" "pmin" "compute_pi" "as.vector" "Gamma_direct" "gr" "<Anonymous>" ".External2" "optim" "private$gmm" "self$WangShaoKim2014" "initialize" "EBMRAlgorithmFast4$new" 
"vapply" "pmax" "pmin" "compute_pi" "as.vector" "Gamma_direct" "gr" "<Anonymous>" ".External2" "optim" "private$gmm" "self$WangShaoKim2014" "initialize" "EBMRAlgorithmFast4$new" 
"pmax" "pmin" "compute_pi" "g" "cache" "fn" "<Anonymous>" ".External2" "optim" "private$gmm" "self$WangShaoKim2014" "initialize" "EBMRAlgorithmFast4$new" 
"pmax" "pmin" "compute_pi" "g" "cache" "fn" "<Anonymous>" ".External2" "optim" "private$gmm" "self$WangShaoKim2014" "initialize" "EBMRAlgorithmFast4$new" 
"pmax" "pmin" "compute_pi" "g" "cache" "fn" "<Anonymous>" ".External2" "optim" "private$gmm" "self$WangShaoKim2014" "initialize" "EBMRAlgorithmFast4$new" 
"pmax" "pmin" "compute_pi" "g" "cache" "fn" "<Anonymous>" ".External2" "optim" "private$gmm" "self$WangShaoKim2014" "initialize" "EBMRAlgorithmFast4$new" 
"exp" "compute_pi" "g" "conv_grad" "private$gmm" "self$WangShaoKim2014" "initialize" "EBMRAlgorithmFast4$new" 
"exp" "compute_pi" "g" "conv_grad" "private$gmm" "self$WangShaoKim2014" "initialize" "EBMRAlgorithmFast4$new" 
"solve.default" "solve" "W" "doTryCatch" "tryCatchOne" "tryCatchList" "tryCatch" "conv_grad" "private$gmm" "self$WangShaoKim2014" "initialize" "EBMRAlgorithmFast4$new" 
"solve.default" "solve" "W" "doTryCatch" "tryCatchOne" "tryCatchList" "tryCatch" "conv_grad" "private$gmm" "self$WangShaoKim2014" "initialize" "EBMRAlgorithmFast4$new" 
"solve.default" "solve" "W" "doTryCatch" "tryCatchOne" "tryCatchList" "tryCatch" "conv_grad" "private$gmm" "self$WangShaoKim2014" "initialize" "EBMRAlgorithmFast4$new" 
"solve.default" "solve" "W" "doTryCatch" "tryCatchOne" "tryCatchList" "tryCatch" "conv_grad" "private$gmm" "self$WangShaoKim2014" "initialize" "EBMRAlgorithmFast4$new" 
"pmax" "pmin" "compute_pi" "g" "cache" "fn" "<Anonymous>" ".External2" "optim" "private$gmm" "self$WangShaoKim2014" "initialize" "EBMRAlgorithmFast4$new" 
"pmax" "pmin" "compute_pi" "g" "cache" "fn" "<Anonymous>" ".External2" "optim" "private$gmm" "self$WangShaoKim2014" "initialize" "EBMRAlgorithmFast4$new" 
"pmax" "pmin" "compute_pi" "g" "cache" "fn" "<Anonymous>" ".External2" "optim" "private$gmm" "self$WangShaoKim2014" "initialize" "EBMRAlgorithmFast4$new" 
"as.vector" "Gamma_direct" "gr" "<Anonymous>" ".External2" "optim" "private$gmm" "self$WangShaoKim2014" "initialize" "EBMRAlgorithmFast4$new" 
"as.vector" "Gamma_direct" "gr" "<Anonymous>" ".External2" "optim" "private$gmm" "self$WangShaoKim2014" "initialize" "EBMRAlgorithmFast4$new" 
"as.vector" "Gamma_direct" "gr" "<Anonymous>" ".External2" "optim" "private$gmm" "self$WangShaoKim2014" "initialize" "EBMRAlgorithmFast4$new" 
"private$gmm" "self$WangShaoKim2014" "initialize" "EBMRAlgorithmFast4$new" 
"private$gmm" "self$WangShaoKim2014" "initialize" "EBMRAlgorithmFast4$new" 
"private$gmm" "self$WangShaoKim2014" "initialize" "EBMRAlgorithmFast4$new" 
"compute_pi" "as.vector" "Gamma_direct" "conv_grad" "private$gmm" "self$WangShaoKim2014" "initialize" "EBMRAlgorithmFast4$new" 
"compute_pi" "as.vector" "Gamma_direct" "conv_grad" "private$gmm" "self$WangShaoKim2014" "initialize" "EBMRAlgorithmFast4$new" 
"compute_pi" "as.vector" "Gamma_direct" "conv_grad" "private$gmm" "self$WangShaoKim2014" "initialize" "EBMRAlgorithmFast4$new" 
"as.matrix" "solve.default" "solve" "W" "doTryCatch" "tryCatchOne" "tryCatchList" "tryCatch" "conv_grad" "private$gmm" "self$WangShaoKim2014" "initialize" "EBMRAlgorithmFast4$new" 
"as.matrix" "solve.default" "solve" "W" "doTryCatch" "tryCatchOne" "tryCatchList" "tryCatch" "conv_grad" "private$gmm" "self$WangShaoKim2014" "initialize" "EBMRAlgorithmFast4$new" 
"as.matrix" "solve.default" "solve" "W" "doTryCatch" "tryCatchOne" "tryCatchList" "tryCatch" "conv_grad" "private$gmm" "self$WangShaoKim2014" "initialize" "EBMRAlgorithmFast4$new" 
"as.matrix" "solve.default" "solve" "W" "doTryCatch" "tryCatchOne" "tryCatchList" "tryCatch" "conv_grad" "private$gmm" "self$WangShaoKim2014" "initialize" "EBMRAlgorithmFast4$new" 
"as.matrix" "solve.default" "solve" "W" "doTryCatch" "tryCatchOne" "tryCatchList" "tryCatch" "conv_grad" "private$gmm" "self$WangShaoKim2014" "initialize" "EBMRAlgorithmFast4$new" 
"*" "Gamma_direct" "gr" "<Anonymous>" ".External2" "optim" "private$gmm" "self$WangShaoKim2014" "initialize" "EBMRAlgorithmFast4$new" 
"*" "Gamma_direct" "gr" "<Anonymous>" ".External2" "optim" "private$gmm" "self$WangShaoKim2014" "initialize" "EBMRAlgorithmFast4$new" 
"*" "Gamma_direct" "gr" "<Anonymous>" ".External2" "optim" "private$gmm" "self$WangShaoKim2014" "initialize" "EBMRAlgorithmFast4$new" 
"*" "Gamma_direct" "gr" "<Anonymous>" ".External2" "optim" "private$gmm" "self$WangShaoKim2014" "initialize" "EBMRAlgorithmFast4$new" 
"*" "Gamma_direct" "gr" "<Anonymous>" ".External2" "optim" "private$gmm" "self$WangShaoKim2014" "initialize" "EBMRAlgorithmFast4$new" 
"*" "g" "cache" "fn" "<Anonymous>" ".External2" "optim" "private$gmm" "self$WangShaoKim2014" "initialize" "EBMRAlgorithmFast4$new" 
"*" "g" "cache" "fn" "<Anonymous>" ".External2" "optim" "private$gmm" "self$WangShaoKim2014" "initialize" "EBMRAlgorithmFast4$new" 
"*" "g" "cache" "fn" "<Anonymous>" ".External2" "optim" "private$gmm" "self$WangShaoKim2014" "initialize" "EBMRAlgorithmFast4$new" 
"*" "g" "cache" "fn" "<Anonymous>" ".External2" "optim" "private$gmm" "self$WangShaoKim2014" "initialize" "EBMRAlgorithmFast4$new" 
"*" "g" "cache" "fn" "<Anonymous>" ".External2" "optim" "private$gmm" "self$WangShaoKim2014" "initialize" "EBMRAlgorithmFast4$new" 
"private$gmm" "self$WangShaoKim2014" "initialize" "EBMRAlgorithmFast4$new" 
"private$gmm" "self$WangShaoKim2014" "initialize" "EBMRAlgorithmFast4$new" 
"private$gmm" "self$WangShaoKim2014" "initialize" "EBMRAlgorithmFast4$new" 
"private$gmm" "self$WangShaoKim2014" "initialize" "EBMRAlgorithmFast4$new" 
"exp" "compute_pi" "g" "cache" "fn" "<Anonymous>" ".External2" "optim" "private$gmm" "self$WangShaoKim2014" "initialize" "EBMRAlgorithmFast4$new" 
"exp" "compute_pi" "g" "cache" "fn" "<Anonymous>" ".External2" "optim" "private$gmm" "self$WangShaoKim2014" "initialize" "EBMRAlgorithmFast4$new" 
"exp" "compute_pi" "g" "cache" "fn" "<Anonymous>" ".External2" "optim" "private$gmm" "self$WangShaoKim2014" "initialize" "EBMRAlgorithmFast4$new" 
"exp" "compute_pi" "g" "cache" "fn" "<Anonymous>" ".External2" "optim" "private$gmm" "self$WangShaoKim2014" "initialize" "EBMRAlgorithmFast4$new" 
"exp" "compute_pi" "g" "cache" "fn" "<Anonymous>" ".External2" "optim" "private$gmm" "self$WangShaoKim2014" "initialize" "EBMRAlgorithmFast4$new" 
"as.vector" "gr" "<Anonymous>" ".External2" "optim" "private$gmm" "self$WangShaoKim2014" "initialize" "EBMRAlgorithmFast4$new" 
"as.vector" "gr" "<Anonymous>" ".External2" "optim" "private$gmm" "self$WangShaoKim2014" "initialize" "EBMRAlgorithmFast4$new" 
"as.vector" "gr" "<Anonymous>" ".External2" "optim" "private$gmm" "self$WangShaoKim2014" "initialize" "EBMRAlgorithmFast4$new" 
"as.vector" "gr" "<Anonymous>" ".External2" "optim" "private$gmm" "self$WangShaoKim2014" "initialize" "EBMRAlgorithmFast4$new" 
"*" "g" "cache" "fn" "<Anonymous>" ".External2" "optim" "private$gmm" "self$WangShaoKim2014" "initialize" "EBMRAlgorithmFast4$new" 
"*" "g" "cache" "fn" "<Anonymous>" ".External2" "optim" "private$gmm" "self$WangShaoKim2014" "initialize" "EBMRAlgorithmFast4$new" 
"*" "g" "cache" "fn" "<Anonymous>" ".External2" "optim" "private$gmm" "self$WangShaoKim2014" "initialize" "EBMRAlgorithmFast4$new" 
"pmin" "compute_pi" "as.vector" "Gamma_direct" "gr" "<Anonymous>" ".External2" "optim" "private$gmm" "self$WangShaoKim2014" "initialize" "EBMRAlgorithmFast4$new" 
"pmin" "compute_pi" "as.vector" "Gamma_direct" "gr" "<Anonymous>" ".External2" "optim" "private$gmm" "self$WangShaoKim2014" "initialize" "EBMRAlgorithmFast4$new" 
"pmin" "compute_pi" "as.vector" "Gamma_direct" "gr" "<Anonymous>" ".External2" "optim" "private$gmm" "self$WangShaoKim2014" "initialize" "EBMRAlgorithmFast4$new" 
"exp" "compute_pi" "g" "cache" "fn" "<Anonymous>" ".External2" "optim" "private$gmm" "self$WangShaoKim2014" "initialize" "EBMRAlgorithmFast4$new" 
"exp" "compute_pi" "g" "cache" "fn" "<Anonymous>" ".External2" "optim" "private$gmm" "self$WangShaoKim2014" "initialize" "EBMRAlgorithmFast4$new" 
"%*%" "as.vector" "Gamma_direct" "gr" "<Anonymous>" ".External2" "optim" "private$gmm" "self$WangShaoKim2014" "initialize" "EBMRAlgorithmFast4$new" 
"%*%" "as.vector" "Gamma_direct" "gr" "<Anonymous>" ".External2" "optim" "private$gmm" "self$WangShaoKim2014" "initialize" "EBMRAlgorithmFast4$new" 
"*" "g" "cache" "fn" "<Anonymous>" ".External2" "optim" "private$gmm" "self$WangShaoKim2014" "initialize" "EBMRAlgorithmFast4$new" 
"*" "g" "cache" "fn" "<Anonymous>" ".External2" "optim" "private$gmm" "self$WangShaoKim2014" "initialize" "EBMRAlgorithmFast4$new" 
"*" "g" "cache" "fn" "<Anonymous>" ".External2" "optim" "private$gmm" "self$WangShaoKim2014" "initialize" "EBMRAlgorithmFast4$new" 
"t.default" "t" "solve" "W" "doTryCatch" "tryCatchOne" "tryCatchList" "tryCatch" "conv_grad" "private$gmm" "self$WangShaoKim2014" "initialize" "EBMRAlgorithmFast4$new" 
"t.default" "t" "solve" "W" "doTryCatch" "tryCatchOne" "tryCatchList" "tryCatch" "conv_grad" "private$gmm" "self$WangShaoKim2014" "initialize" "EBMRAlgorithmFast4$new" 
"t.default" "t" "solve" "W" "doTryCatch" "tryCatchOne" "tryCatchList" "tryCatch" "conv_grad" "private$gmm" "self$WangShaoKim2014" "initialize" "EBMRAlgorithmFast4$new" 
"proj_grad_norm" "private$gmm" "self$WangShaoKim2014" "initialize" "EBMRAlgorithmFast4$new" 
"proj_grad_norm" "private$gmm" "self$WangShaoKim2014" "initialize" "EBMRAlgorithmFast4$new" 
"proj_grad_norm" "private$gmm" "self$WangShaoKim2014" "initialize" "EBMRAlgorithmFast4$new" 
"cache" "fn" "<Anonymous>" ".External2" "optim" "private$gmm" "self$WangShaoKim2014" "initialize" "EBMRAlgorithmFast4$new" 
"cache" "fn" "<Anonymous>" ".External2" "optim" "private$gmm" "self$WangShaoKim2014" "initialize" "EBMRAlgorithmFast4$new" 
"cache" "fn" "<Anonymous>" ".External2" "optim" "private$gmm" "self$WangShaoKim2014" "initialize" "EBMRAlgorithmFast4$new" 
"*" "g" "cache" "fn" "<Anonymous>" ".External2" "optim" "private$gmm" "self$WangShaoKim2014" "initialize" "EBMRAlgorithmFast4$new" 
"*" "g" "cache" "fn" "<Anonymous>" ".External2" "optim" "private$gmm" "self$WangShaoKim2014" "initialize" "EBMRAlgorithmFast4$new" 
"*" "g" "cache" "fn" "<Anonymous>" ".External2" "optim" "private$gmm" "self$WangShaoKim2014" "initialize" "EBMRAlgorithmFast4$new" 
"exp" "compute_pi" "as.vector" "Gamma_direct" "gr" "<Anonymous>" ".External2" "optim" "private$gmm" "self$WangShaoKim2014" "initialize" "EBMRAlgorithmFast4$new" 
"exp" "compute_pi" "as.vector" "Gamma_direct" "gr" "<Anonymous>" ".External2" "optim" "private$gmm" "self$WangShaoKim2014" "initialize" "EBMRAlgorithmFast4$new" 
"*" "g" "conv_grad" "proj_grad_norm" "private$gmm" "self$WangShaoKim2014" "initialize" "EBMRAlgorithmFast4$new" 
"*" "g" "conv_grad" "proj_grad_norm" "private$gmm" "self$WangShaoKim2014" "initialize" "EBMRAlgorithmFast4$new" 
"%*%" "solve" "W" "doTryCatch" "tryCatchOne" "tryCatchList" "tryCatch" "func" "genD.default" "genD" "hessian.default" "hessian" "doTryCatch" "tryCatchOne" "tryCatchList" "tryCatch" "private$gmm" "self$WangShaoKim2014" "initialize" "EBMRAlgorithmFast4$new" 
"t.default" "t" "solve" "W" "doTryCatch" "tryCatchOne" "tryCatchList" "tryCatch" "func" "genD.default" "genD" "hessian.default" "hessian" "doTryCatch" "tryCatchOne" "tryCatchList" "tryCatch" "private$gmm" "self$WangShaoKim2014" "initialize" "EBMRAlgorithmFast4$new" 
"t.default" "t" "solve" "W" "doTryCatch" "tryCatchOne" "tryCatchList" "tryCatch" "func" "genD.default" "genD" "hessian.default" "hessian" "doTryCatch" "tryCatchOne" "tryCatchList" "tryCatch" "private$gmm" "self$WangShaoKim2014" "initialize" "EBMRAlgorithmFast4$new" 
"t.default" "t" "solve" "W" "doTryCatch" "tryCatchOne" "tryCatchList" "tryCatch" "func" "genD.default" "genD" "hessian.default" "hessian" "doTryCatch" "tryCatchOne" "tryCatchList" "tryCatch" "private$gmm" "self$WangShaoKim2014" "initialize" "EBMRAlgorithmFast4$new" 
"as.vector" "g" "func" "genD.default" "genD" "hessian.default" "hessian" "doTryCatch" "tryCatchOne" "tryCatchList" "tryCatch" "private$gmm" "self$WangShaoKim2014" "initialize" "EBMRAlgorithmFast4$new" 
"as.vector" "g" "func" "genD.default" "genD" "hessian.default" "hessian" "doTryCatch" "tryCatchOne" "tryCatchList" "tryCatch" "private$gmm" "self$WangShaoKim2014" "initialize" "EBMRAlgorithmFast4$new" 
"as.vector" "g" "func" "genD.default" "genD" "hessian.default" "hessian" "doTryCatch" "tryCatchOne" "tryCatchList" "tryCatch" "private$gmm" "self$WangShaoKim2014" "initialize" "EBMRAlgorithmFast4$new" 
"t.default" "t" "solve" "W" "doTryCatch" "tryCatchOne" "tryCatchList" "tryCatch" "func" "genD.default" "genD" "hessian.default" "hessian" "doTryCatch" "tryCatchOne" "tryCatchList" "tryCatch" "private$gmm" "self$WangShaoKim2014" "initialize" "EBMRAlgorithmFast4$new" 
"t.default" "t" "solve" "W" "doTryCatch" "tryCatchOne" "tryCatchList" "tryCatch" "func" "genD.default" "genD" "hessian.default" "hessian" "doTryCatch" "tryCatchOne" "tryCatchList" "tryCatch" "private$gmm" "self$WangShaoKim2014" "initialize" "EBMRAlgorithmFast4$new" 
"t.default" "t" "solve" "W" "doTryCatch" "tryCatchOne" "tryCatchList" "tryCatch" "func" "genD.default" "genD" "hessian.default" "hessian" "doTryCatch" "tryCatchOne" "tryCatchList" "tryCatch" "private$gmm" "self$WangShaoKim2014" "initialize" "EBMRAlgorithmFast4$new" 
"t.default" "t" "solve" "W" "doTryCatch" "tryCatchOne" "tryCatchList" "tryCatch" "func" "genD.default" "genD" "hessian.default" "hessian" "doTryCatch" "tryCatchOne" "tryCatchList" "tryCatch" "private$gmm" "self$WangShaoKim2014" "initialize" "EBMRAlgorithmFast4$new" 
"-" "g" "func" "genD.default" "genD" "hessian.default" "hessian" "doTryCatch" "tryCatchOne" "tryCatchList" "tryCatch" "private$gmm" "self$WangShaoKim2014" "initialize" "EBMRAlgorithmFast4$new" 
"-" "g" "func" "genD.default" "genD" "hessian.default" "hessian" "doTryCatch" "tryCatchOne" "tryCatchList" "tryCatch" "private$gmm" "self$WangShaoKim2014" "initialize" "EBMRAlgorithmFast4$new" 
"*" "g" "func" "genD.default" "genD" "hessian.default" "hessian" "doTryCatch" "tryCatchOne" "tryCatchList" "tryCatch" "private$gmm" "self$WangShaoKim2014" "initialize" "EBMRAlgorithmFast4$new" 
"*" "g" "func" "genD.default" "genD" "hessian.default" "hessian" "doTryCatch" "tryCatchOne" "tryCatchList" "tryCatch" "private$gmm" "self$WangShaoKim2014" "initialize" "EBMRAlgorithmFast4$new" 
"*" "g" "func" "genD.default" "genD" "hessian.default" "hessian" "doTryCatch" "tryCatchOne" "tryCatchList" "tryCatch" "private$gmm" "self$WangShaoKim2014" "initialize" "EBMRAlgorithmFast4$new" 
"t.default" "t" "solve" "W" "doTryCatch" "tryCatchOne" "tryCatchList" "tryCatch" "func" "genD.default" "genD" "hessian.default" "hessian" "doTryCatch" "tryCatchOne" "tryCatchList" "tryCatch" "private$gmm" "self$WangShaoKim2014" "initialize" "EBMRAlgorithmFast4$new" 
"t.default" "t" "solve" "W" "doTryCatch" "tryCatchOne" "tryCatchList" "tryCatch" "func" "genD.default" "genD" "hessian.default" "hessian" "doTryCatch" "tryCatchOne" "tryCatchList" "tryCatch" "private$gmm" "self$WangShaoKim2014" "initialize" "EBMRAlgorithmFast4$new" 
"t.default" "t" "solve" "W" "doTryCatch" "tryCatchOne" "tryCatchList" "tryCatch" "func" "genD.default" "genD" "hessian.default" "hessian" "doTryCatch" "tryCatchOne" "tryCatchList" "tryCatch" "private$gmm" "self$WangShaoKim2014" "initialize" "EBMRAlgorithmFast4$new" 
"%*%" "solve" "W" "doTryCatch" "tryCatchOne" "tryCatchList" "tryCatch" "func" "genD.default" "genD" "hessian.default" "hessian" "doTryCatch" "tryCatchOne" "tryCatchList" "tryCatch" "private$gmm" "self$WangShaoKim2014" "initialize" "EBMRAlgorithmFast4$new" 
"as.vector" "g" "func" "genD.default" "genD" "hessian.default" "hessian" "doTryCatch" "tryCatchOne" "tryCatchList" "tryCatch" "private$gmm" "self$WangShaoKim2014" "initialize" "EBMRAlgorithmFast4$new" 
"%*%" "solve" "W" "doTryCatch" "tryCatchOne" "tryCatchList" "tryCatch" "func" "genD.default" "genD" "hessian.default" "hessian" "doTryCatch" "tryCatchOne" "tryCatchList" "tryCatch" "private$gmm" "self$WangShaoKim2014" "initialize" "EBMRAlgorithmFast4$new" 
"-" "g" "func" "genD.default" "genD" "hessian.default" "hessian" "doTryCatch" "tryCatchOne" "tryCatchList" "tryCatch" "private$gmm" "self$WangShaoKim2014" "initialize" "EBMRAlgorithmFast4$new" 
"exp" "compute_pi" "g" "func" "genD.default" "genD" "hessian.default" "hessian" "doTryCatch" "tryCatchOne" "tryCatchList" "tryCatch" "private$gmm" "self$WangShaoKim2014" "initialize" "EBMRAlgorithmFast4$new" 
"rev" "eigen" "doTryCatch" "tryCatchOne" "tryCatchList" "tryCatch" "private$gmm" "self$WangShaoKim2014" "initialize" "EBMRAlgorithmFast4$new" 
"rev" "eigen" "doTryCatch" "tryCatchOne" "tryCatchList" "tryCatch" "private$gmm" "self$WangShaoKim2014" "initialize" "EBMRAlgorithmFast4$new" 
"rev" "eigen" "doTryCatch" "tryCatchOne" "tryCatchList" "tryCatch" "private$gmm" "self$WangShaoKim2014" "initialize" "EBMRAlgorithmFast4$new" 
"*" "dg" "t_Gamma_i" "private$gmm" "self$WangShaoKim2014" "initialize" "EBMRAlgorithmFast4$new" 
"anyDuplicated.default" "anyDuplicated" "[.data.frame" "[" "na.omit.data.frame" "na.omit" ".External2" "model.frame.default" "model.frame" "model.matrix.default" "model.matrix" "private$build_design_matrix" "self$WangShaoKim2014" "initialize" "EBMRAlgorithmFast4$new" 
"model.matrix.default" "model.matrix" "private$build_design_matrix" "self$WangShaoKim2014" "initialize" "EBMRAlgorithmFast4$new" 
"model.matrix.default" "model.matrix" "private$build_design_matrix" "self$WangShaoKim2014" "initialize" "EBMRAlgorithmFast4$new" 
"pmatch" ".deparseOpts" "deparse" "mode" "%in%" "deparse" "paste" "deparse1" "force" "as.data.frame.numeric" "as.data.frame" "<Anonymous>" "do.call" "as.data.frame.list" "as.data.frame" "private$separate_variable_types" "self$WangShaoKim2014" "initialize" "EBMRAlgorithmFast4$new" 
"factor" "as.factor" "self$WangShaoKim2014" "initialize" "EBMRAlgorithmFast4$new" 
"factor" "as.factor" "self$WangShaoKim2014" "initialize" "EBMRAlgorithmFast4$new" 
"NextMethod" "[.factor" "[" "[.data.frame" "[" "na.omit.data.frame" "na.omit" ".External2" "model.frame.default" "stats::model.frame" "eval" "eval" "lm" "model.matrix" "self$WangShaoKim2014" "initialize" "EBMRAlgorithmFast4$new" 
"anyDuplicated" "[.data.frame" "[" "lapply" "model.matrix.default" "model.matrix" "lm" "model.matrix" "self$WangShaoKim2014" "initialize" "EBMRAlgorithmFast4$new" 
"anyDuplicated" "[.data.frame" "[" "lapply" "model.matrix.default" "model.matrix" "lm" "model.matrix" "self$WangShaoKim2014" "initialize" "EBMRAlgorithmFast4$new" 
"anyDuplicated" "[.data.frame" "[" "lapply" "model.matrix.default" "model.matrix" "lm" "model.matrix" "self$WangShaoKim2014" "initialize" "EBMRAlgorithmFast4$new" 
"attr" "levels.default" "levels" "ctrfn" "contrasts" ".External2" "model.matrix.default" "NextMethod" "model.matrix.lm" "model.matrix" "self$WangShaoKim2014" "initialize" "EBMRAlgorithmFast4$new" 
"as.vector" "self$WangShaoKim2014" "initialize" "EBMRAlgorithmFast4$new" 
"as.vector" "self$WangShaoKim2014" "initialize" "EBMRAlgorithmFast4$new" 
"%*%" "as.vector" "Gamma_direct" "gr" "<Anonymous>" ".External2" "optim" "private$gmm" "self$WangShaoKim2014" "initialize" "EBMRAlgorithmFast4$new" 
"%*%" "as.vector" "Gamma_direct" "gr" "<Anonymous>" ".External2" "optim" "private$gmm" "self$WangShaoKim2014" "initialize" "EBMRAlgorithmFast4$new" 
"%*%" "as.vector" "Gamma_direct" "gr" "<Anonymous>" ".External2" "optim" "private$gmm" "self$WangShaoKim2014" "initialize" "EBMRAlgorithmFast4$new" 
"%*%" "as.vector" "Gamma_direct" "gr" "<Anonymous>" ".External2" "optim" "private$gmm" "self$WangShaoKim2014" "initialize" "EBMRAlgorithmFast4$new" 
"exp" "compute_pi" "g" "cache" "fn" "<Anonymous>" ".External2" "optim" "private$gmm" "self$WangShaoKim2014" "initialize" "EBMRAlgorithmFast4$new" 
"exp" "compute_pi" "g" "cache" "fn" "<Anonymous>" ".External2" "optim" "private$gmm" "self$WangShaoKim2014" "initialize" "EBMRAlgorithmFast4$new" 
"exp" "compute_pi" "g" "cache" "fn" "<Anonymous>" ".External2" "optim" "private$gmm" "self$WangShaoKim2014" "initialize" "EBMRAlgorithmFast4$new" 
"pmax" "pmin" "compute_pi" "g" "cache" "fn" "<Anonymous>" ".External2" "optim" "private$gmm" "self$WangShaoKim2014" "initialize" "EBMRAlgorithmFast4$new" 
"pmax" "pmin" "compute_pi" "g" "cache" "fn" "<Anonymous>" ".External2" "optim" "private$gmm" "self$WangShaoKim2014" "initialize" "EBMRAlgorithmFast4$new" 
"pmax" "pmin" "compute_pi" "g" "cache" "fn" "<Anonymous>" ".External2" "optim" "private$gmm" "self$WangShaoKim2014" "initialize" "EBMRAlgorithmFast4$new" 
"pmax" "pmin" "compute_pi" "g" "cache" "fn" "<Anonymous>" ".External2" "optim" "private$gmm" "self$WangShaoKim2014" "initialize" "EBMRAlgorithmFast4$new" 
"*" "g" "cache" "fn" "<Anonymous>" ".External2" "optim" "private$gmm" "self$WangShaoKim2014" "initialize" "EBMRAlgorithmFast4$new" 
"*" "g" "cache" "fn" "<Anonymous>" ".External2" "optim" "private$gmm" "self$WangShaoKim2014" "initialize" "EBMRAlgorithmFast4$new" 
"*" "g" "cache" "fn" "<Anonymous>" ".External2" "optim" "private$gmm" "self$WangShaoKim2014" "initialize" "EBMRAlgorithmFast4$new" 
"as.vector" "g" "cache" "fn" "<Anonymous>" ".External2" "optim" "private$gmm" "self$WangShaoKim2014" "initialize" "EBMRAlgorithmFast4$new" 
"as.vector" "g" "cache" "fn" "<Anonymous>" ".External2" "optim" "private$gmm" "self$WangShaoKim2014" "initialize" "EBMRAlgorithmFast4$new" 
"as.vector" "g" "cache" "fn" "<Anonymous>" ".External2" "optim" "private$gmm" "self$WangShaoKim2014" "initialize" "EBMRAlgorithmFast4$new" 
"*" "Gamma_direct" "gr" "<Anonymous>" ".External2" "optim" "private$gmm" "self$WangShaoKim2014" "initialize" "EBMRAlgorithmFast4$new" 
"*" "Gamma_direct" "gr" "<Anonymous>" ".External2" "optim" "private$gmm" "self$WangShaoKim2014" "initialize" "EBMRAlgorithmFast4$new" 
"*" "Gamma_direct" "gr" "<Anonymous>" ".External2" "optim" "private$gmm" "self$WangShaoKim2014" "initialize" "EBMRAlgorithmFast4$new" 
"crossprod" "Gamma_direct" "gr" "<Anonymous>" ".External2" "optim" "private$gmm" "self$WangShaoKim2014" "initialize" "EBMRAlgorithmFast4$new" 
"crossprod" "Gamma_direct" "gr" "<Anonymous>" ".External2" "optim" "private$gmm" "self$WangShaoKim2014" "initialize" "EBMRAlgorithmFast4$new" 
"crossprod" "Gamma_direct" "gr" "<Anonymous>" ".External2" "optim" "private$gmm" "self$WangShaoKim2014" "initialize" "EBMRAlgorithmFast4$new" 
"pmax" "pmin" "compute_pi" "as.vector" "Gamma_direct" "gr" "<Anonymous>" ".External2" "optim" "private$gmm" "self$WangShaoKim2014" "initialize" "EBMRAlgorithmFast4$new" 
"pmax" "pmin" "compute_pi" "as.vector" "Gamma_direct" "gr" "<Anonymous>" ".External2" "optim" "private$gmm" "self$WangShaoKim2014" "initialize" "EBMRAlgorithmFast4$new" 
"cache" "fn" "<Anonymous>" ".External2" "optim" "private$gmm" "self$WangShaoKim2014" "initialize" "EBMRAlgorithmFast4$new" 
"exp" "compute_pi" "g" "cache" "fn" "<Anonymous>" ".External2" "optim" "private$gmm" "self$WangShaoKim2014" "initialize" "EBMRAlgorithmFast4$new" 
"exp" "compute_pi" "g" "cache" "fn" "<Anonymous>" ".External2" "optim" "private$gmm" "self$WangShaoKim2014" "initialize" "EBMRAlgorithmFast4$new" 
"matrix" "cache" "fn" "<Anonymous>" ".External2" "optim" "private$gmm" "self$WangShaoKim2014" "initialize" "EBMRAlgorithmFast4$new" 
"matrix" "cache" "fn" "<Anonymous>" ".External2" "optim" "private$gmm" "self$WangShaoKim2014" "initialize" "EBMRAlgorithmFast4$new" 
"matrix" "cache" "fn" "<Anonymous>" ".External2" "optim" "private$gmm" "self$WangShaoKim2014" "initialize" "EBMRAlgorithmFast4$new" 
"crossprod" "Gamma_direct" "gr" "<Anonymous>" ".External2" "optim" "private$gmm" "self$WangShaoKim2014" "initialize" "EBMRAlgorithmFast4$new" 
"pmin" "compute_pi" "g" "cache" "fn" "<Anonymous>" ".External2" "optim" "private$gmm" "self$WangShaoKim2014" "initialize" "EBMRAlgorithmFast4$new" 
"pmin" "compute_pi" "g" "cache" "fn" "<Anonymous>" ".External2" "optim" "private$gmm" "self$WangShaoKim2014" "initialize" "EBMRAlgorithmFast4$new" 
"pmin" "compute_pi" "g" "cache" "fn" "<Anonymous>" ".External2" "optim" "private$gmm" "self$WangShaoKim2014" "initialize" "EBMRAlgorithmFast4$new" 
"FUN" "vapply" "pmax" "pmin" "compute_pi" "as.vector" "Gamma_direct" "gr" "<Anonymous>" ".External2" "optim" "private$gmm" "self$WangShaoKim2014" "initialize" "EBMRAlgorithmFast4$new" 
"FUN" "vapply" "pmax" "pmin" "compute_pi" "as.vector" "Gamma_direct" "gr" "<Anonymous>" ".External2" "optim" "private$gmm" "self$WangShaoKim2014" "initialize" "EBMRAlgorithmFast4$new" 
"FUN" "vapply" "pmax" "pmin" "compute_pi" "as.vector" "Gamma_direct" "gr" "<Anonymous>" ".External2" "optim" "private$gmm" "self$WangShaoKim2014" "initialize" "EBMRAlgorithmFast4$new" 
"pmax" "pmin" "compute_pi" "as.vector" "Gamma_direct" "gr" "<Anonymous>" ".External2" "optim" "private$gmm" "self$WangShaoKim2014" "initialize" "EBMRAlgorithmFast4$new" 
"pmax" "pmin" "compute_pi" "as.vector" "Gamma_direct" "gr" "<Anonymous>" ".External2" "optim" "private$gmm" "self$WangShaoKim2014" "initialize" "EBMRAlgorithmFast4$new" 
"pmax" "pmin" "compute_pi" "as.vector" "Gamma_direct" "gr" "<Anonymous>" ".External2" "optim" "private$gmm" "self$WangShaoKim2014" "initialize" "EBMRAlgorithmFast4$new" 
"pmax" "pmin" "compute_pi" "as.vector" "Gamma_direct" "gr" "<Anonymous>" ".External2" "optim" "private$gmm" "self$WangShaoKim2014" "initialize" "EBMRAlgorithmFast4$new" 
"pmax" "pmin" "compute_pi" "as.vector" "Gamma_direct" "gr" "<Anonymous>" ".External2" "optim" "private$gmm" "self$WangShaoKim2014" "initialize" "EBMRAlgorithmFast4$new" 
"pmax" "pmin" "compute_pi" "as.vector" "Gamma_direct" "gr" "<Anonymous>" ".External2" "optim" "private$gmm" "self$WangShaoKim2014" "initialize" "EBMRAlgorithmFast4$new" 
"/" "g" "cache" "fn" "<Anonymous>" ".External2" "optim" "private$gmm" "self$WangShaoKim2014" "initialize" "EBMRAlgorithmFast4$new" 
"/" "g" "cache" "fn" "<Anonymous>" ".External2" "optim" "private$gmm" "self$WangShaoKim2014" "initialize" "EBMRAlgorithmFast4$new" 
"/" "g" "cache" "fn" "<Anonymous>" ".External2" "optim" "private$gmm" "self$WangShaoKim2014" "initialize" "EBMRAlgorithmFast4$new" 
"exp" "compute_pi" "g" "cache" "fn" "<Anonymous>" ".External2" "optim" "private$gmm" "self$WangShaoKim2014" "initialize" "EBMRAlgorithmFast4$new" 
"exp" "compute_pi" "g" "cache" "fn" "<Anonymous>" ".External2" "optim" "private$gmm" "self$WangShaoKim2014" "initialize" "EBMRAlgorithmFast4$new" 
"exp" "compute_pi" "g" "cache" "fn" "<Anonymous>" ".External2" "optim" "private$gmm" "self$WangShaoKim2014" "initialize" "EBMRAlgorithmFast4$new" 
"*" "Gamma_direct" "gr" "<Anonymous>" ".External2" "optim" "private$gmm" "self$WangShaoKim2014" "initialize" "EBMRAlgorithmFast4$new" 
"*" "g" "cache" "fn" "<Anonymous>" ".External2" "optim" "private$gmm" "self$WangShaoKim2014" "initialize" "EBMRAlgorithmFast4$new" 
"*" "g" "cache" "fn" "<Anonymous>" ".External2" "optim" "private$gmm" "self$WangShaoKim2014" "initialize" "EBMRAlgorithmFast4$new" 
"pmax" "pmin" "compute_pi" "as.vector" "Gamma_direct" "gr" "<Anonymous>" ".External2" "optim" "private$gmm" "self$WangShaoKim2014" "initialize" "EBMRAlgorithmFast4$new" 
"crossprod" "Gamma_direct" "gr" "<Anonymous>" ".External2" "optim" "private$gmm" "self$WangShaoKim2014" "initialize" "EBMRAlgorithmFast4$new" 
"crossprod" "Gamma_direct" "gr" "<Anonymous>" ".External2" "optim" "private$gmm" "self$WangShaoKim2014" "initialize" "EBMRAlgorithmFast4$new" 
"crossprod" "Gamma_direct" "gr" "<Anonymous>" ".External2" "optim" "private$gmm" "self$WangShaoKim2014" "initialize" "EBMRAlgorithmFast4$new" 
"as.vector" "g" "cache" "fn" "<Anonymous>" ".External2" "optim" "private$gmm" "self$WangShaoKim2014" "initialize" "EBMRAlgorithmFast4$new" 
"exp" "compute_pi" "as.vector" "Gamma_direct" "gr" "<Anonymous>" ".External2" "optim" "private$gmm" "self$WangShaoKim2014" "initialize" "EBMRAlgorithmFast4$new" 
"exp" "compute_pi" "as.vector" "Gamma_direct" "gr" "<Anonymous>" ".External2" "optim" "private$gmm" "self$WangShaoKim2014" "initialize" "EBMRAlgorithmFast4$new" 
"exp" "compute_pi" "as.vector" "Gamma_direct" "gr" "<Anonymous>" ".External2" "optim" "private$gmm" "self$WangShaoKim2014" "initialize" "EBMRAlgorithmFast4$new" 
"crossprod" "Gamma_direct" "gr" "<Anonymous>" ".External2" "optim" "private$gmm" "self$WangShaoKim2014" "initialize" "EBMRAlgorithmFast4$new" 
"crossprod" "Gamma_direct" "gr" "<Anonymous>" ".External2" "optim" "private$gmm" "self$WangShaoKim2014" "initialize" "EBMRAlgorithmFast4$new" 
"crossprod" "Gamma_direct" "gr" "<Anonymous>" ".External2" "optim" "private$gmm" "self$WangShaoKim2014" "initialize" "EBMRAlgorithmFast4$new" 
"*" "Gamma_direct" "gr" "<Anonymous>" ".External2" "optim" "private$gmm" "self$WangShaoKim2014" "initialize" "EBMRAlgorithmFast4$new" 
"*" "Gamma_direct" "gr" "<Anonymous>" ".External2" "optim" "private$gmm" "self$WangShaoKim2014" "initialize" "EBMRAlgorithmFast4$new" 
"*" "Gamma_direct" "gr" "<Anonymous>" ".External2" "optim" "private$gmm" "self$WangShaoKim2014" "initialize" "EBMRAlgorithmFast4$new" 
"*" "Gamma_direct" "gr" "<Anonymous>" ".External2" "optim" "private$gmm" "self$WangShaoKim2014" "initialize" "EBMRAlgorithmFast4$new" 
"*" "Gamma_direct" "gr" "<Anonymous>" ".External2" "optim" "private$gmm" "self$WangShaoKim2014" "initialize" "EBMRAlgorithmFast4$new" 
"as.vector" "g" "conv_grad" "private$gmm" "self$WangShaoKim2014" "initialize" "EBMRAlgorithmFast4$new" 
"as.vector" "g" "conv_grad" "private$gmm" "self$WangShaoKim2014" "initialize" "EBMRAlgorithmFast4$new" 
"crossprod" "Gamma_direct" "conv_grad" "private$gmm" "self$WangShaoKim2014" "initialize" "EBMRAlgorithmFast4$new" 
"crossprod" "Gamma_direct" "conv_grad" "private$gmm" "self$WangShaoKim2014" "initialize" "EBMRAlgorithmFast4$new" 
"crossprod" "Gamma_direct" "conv_grad" "private$gmm" "self$WangShaoKim2014" "initialize" "EBMRAlgorithmFast4$new" 
"compute_pi" "g" "cache" "fn" "<Anonymous>" ".External2" "optim" "private$gmm" "self$WangShaoKim2014" "initialize" "EBMRAlgorithmFast4$new" 
"pmin" "compute_pi" "g" "cache" "fn" "<Anonymous>" ".External2" "optim" "private$gmm" "self$WangShaoKim2014" "initialize" "EBMRAlgorithmFast4$new" 
"*" "Gamma_direct" "gr" "<Anonymous>" ".External2" "optim" "private$gmm" "self$WangShaoKim2014" "initialize" "EBMRAlgorithmFast4$new" 
"*" "Gamma_direct" "gr" "<Anonymous>" ".External2" "optim" "private$gmm" "self$WangShaoKim2014" "initialize" "EBMRAlgorithmFast4$new" 
"as.vector" "Gamma_direct" "gr" "<Anonymous>" ".External2" "optim" "private$gmm" "self$WangShaoKim2014" "initialize" "EBMRAlgorithmFast4$new" 
"as.vector" "Gamma_direct" "gr" "<Anonymous>" ".External2" "optim" "private$gmm" "self$WangShaoKim2014" "initialize" "EBMRAlgorithmFast4$new" 
"crossprod" "Gamma_direct" "gr" "<Anonymous>" ".External2" "optim" "private$gmm" "self$WangShaoKim2014" "initialize" "EBMRAlgorithmFast4$new" 
"crossprod" "Gamma_direct" "gr" "<Anonymous>" ".External2" "optim" "private$gmm" "self$WangShaoKim2014" "initialize" "EBMRAlgorithmFast4$new" 
"*" "g" "conv_grad" "private$gmm" "self$WangShaoKim2014" "initialize" "EBMRAlgorithmFast4$new" 
"*" "g" "cache" "fn" "<Anonymous>" ".External2" "optim" "private$gmm" "self$WangShaoKim2014" "initialize" "EBMRAlgorithmFast4$new" 
"-" "Gamma_direct" "gr" "<Anonymous>" ".External2" "optim" "private$gmm" "self$WangShaoKim2014" "initialize" "EBMRAlgorithmFast4$new" 
"-" "Gamma_direct" "gr" "<Anonymous>" ".External2" "optim" "private$gmm" "self$WangShaoKim2014" "initialize" "EBMRAlgorithmFast4$new" 
"exp" "compute_pi" "g" "cache" "fn" "<Anonymous>" ".External2" "optim" "private$gmm" "self$WangShaoKim2014" "initialize" "EBMRAlgorithmFast4$new" 
"exp" "compute_pi" "g" "cache" "fn" "<Anonymous>" ".External2" "optim" "private$gmm" "self$WangShaoKim2014" "initialize" "EBMRAlgorithmFast4$new" 
"exp" "compute_pi" "as.vector" "Gamma_direct" "gr" "<Anonymous>" ".External2" "optim" "private$gmm" "self$WangShaoKim2014" "initialize" "EBMRAlgorithmFast4$new" 
"*" "Gamma_direct" "gr" "<Anonymous>" ".External2" "optim" "private$gmm" "self$WangShaoKim2014" "initialize" "EBMRAlgorithmFast4$new" 
"*" "Gamma_direct" "gr" "<Anonymous>" ".External2" "optim" "private$gmm" "self$WangShaoKim2014" "initialize" "EBMRAlgorithmFast4$new" 
"*" "Gamma_direct" "conv_grad" "private$gmm" "self$WangShaoKim2014" "initialize" "EBMRAlgorithmFast4$new" 
"*" "Gamma_direct" "conv_grad" "private$gmm" "self$WangShaoKim2014" "initialize" "EBMRAlgorithmFast4$new" 
"exp" "compute_pi" "g" "cache" "fn" "<Anonymous>" ".External2" "optim" "private$gmm" "self$WangShaoKim2014" "initialize" "EBMRAlgorithmFast4$new" 
"exp" "compute_pi" "g" "cache" "fn" "<Anonymous>" ".External2" "optim" "private$gmm" "self$WangShaoKim2014" "initialize" "EBMRAlgorithmFast4$new" 
"exp" "compute_pi" "as.vector" "Gamma_direct" "gr" "<Anonymous>" ".External2" "optim" "private$gmm" "self$WangShaoKim2014" "initialize" "EBMRAlgorithmFast4$new" 
"exp" "compute_pi" "as.vector" "Gamma_direct" "gr" "<Anonymous>" ".External2" "optim" "private$gmm" "self$WangShaoKim2014" "initialize" "EBMRAlgorithmFast4$new" 
"exp" "compute_pi" "as.vector" "Gamma_direct" "gr" "<Anonymous>" ".External2" "optim" "private$gmm" "self$WangShaoKim2014" "initialize" "EBMRAlgorithmFast4$new" 
"as.vector" "Gamma_direct" "conv_grad" "private$gmm" "self$WangShaoKim2014" "initialize" "EBMRAlgorithmFast4$new" 
"as.vector" "Gamma_direct" "conv_grad" "private$gmm" "self$WangShaoKim2014" "initialize" "EBMRAlgorithmFast4$new" 
"as.vector" "Gamma_direct" "conv_grad" "private$gmm" "self$WangShaoKim2014" "initialize" "EBMRAlgorithmFast4$new" 
"g" "cache" "fn" "<Anonymous>" ".External2" "optim" "private$gmm" "self$WangShaoKim2014" "initialize" "EBMRAlgorithmFast4$new" 
"g" "cache" "fn" "<Anonymous>" ".External2" "optim" "private$gmm" "self$WangShaoKim2014" "initialize" "EBMRAlgorithmFast4$new" 
"private$gmm" "self$WangShaoKim2014" "initialize" "EBMRAlgorithmFast4$new" 
"private$gmm" "self$WangShaoKim2014" "initialize" "EBMRAlgorithmFast4$new" 
"eval" "match.arg" "optim" "private$gmm" "self$WangShaoKim2014" "initialize" "EBMRAlgorithmFast4$new" 
"eval" "match.arg" "optim" "private$gmm" "self$WangShaoKim2014" "initialize" "EBMRAlgorithmFast4$new" 
"pmin" "compute_pi" "g" "cache" "fn" "<Anonymous>" ".External2" "optim" "private$gmm" "self$WangShaoKim2014" "initialize" "EBMRAlgorithmFast4$new" 
"pmin" "compute_pi" "g" "cache" "fn" "<Anonymous>" ".External2" "optim" "private$gmm" "self$WangShaoKim2014" "initialize" "EBMRAlgorithmFast4$new" 
"exp" "compute_pi" "as.vector" "Gamma_direct" "gr" "<Anonymous>" ".External2" "optim" "private$gmm" "self$WangShaoKim2014" "initialize" "EBMRAlgorithmFast4$new" 
"exp" "compute_pi" "as.vector" "Gamma_direct" "gr" "<Anonymous>" ".External2" "optim" "private$gmm" "self$WangShaoKim2014" "initialize" "EBMRAlgorithmFast4$new" 
"pmin" "compute_pi" "g" "cache" "fn" "<Anonymous>" ".External2" "optim" "private$gmm" "self$WangShaoKim2014" "initialize" "EBMRAlgorithmFast4$new" 
"pmin" "compute_pi" "g" "cache" "fn" "<Anonymous>" ".External2" "optim" "private$gmm" "self$WangShaoKim2014" "initialize" "EBMRAlgorithmFast4$new" 
"exp" "compute_pi" "g" "conv_grad" "private$gmm" "self$WangShaoKim2014" "initialize" "EBMRAlgorithmFast4$new" 
"exp" "compute_pi" "g" "conv_grad" "private$gmm" "self$WangShaoKim2014" "initialize" "EBMRAlgorithmFast4$new" 
"exp" "compute_pi" "g" "cache" "fn" "<Anonymous>" ".External2" "optim" "private$gmm" "self$WangShaoKim2014" "initialize" "EBMRAlgorithmFast4$new" 
"exp" "compute_pi" "g" "cache" "fn" "<Anonymous>" ".External2" "optim" "private$gmm" "self$WangShaoKim2014" "initialize" "EBMRAlgorithmFast4$new" 
"exp" "compute_pi" "g" "cache" "fn" "<Anonymous>" ".External2" "optim" "private$gmm" "self$WangShaoKim2014" "initialize" "EBMRAlgorithmFast4$new" 
"*" "Gamma_direct" "gr" "<Anonymous>" ".External2" "optim" "private$gmm" "self$WangShaoKim2014" "initialize" "EBMRAlgorithmFast4$new" 
"*" "Gamma_direct" "gr" "<Anonymous>" ".External2" "optim" "private$gmm" "self$WangShaoKim2014" "initialize" "EBMRAlgorithmFast4$new" 
"*" "Gamma_direct" "gr" "<Anonymous>" ".External2" "optim" "private$gmm" "self$WangShaoKim2014" "initialize" "EBMRAlgorithmFast4$new" 
"exp" "compute_pi" "g" "cache" "fn" "<Anonymous>" ".External2" "optim" "private$gmm" "self$WangShaoKim2014" "initialize" "EBMRAlgorithmFast4$new" 
"exp" "compute_pi" "g" "cache" "fn" "<Anonymous>" ".External2" "optim" "private$gmm" "self$WangShaoKim2014" "initialize" "EBMRAlgorithmFast4$new" 
"%*%" "solve" "W" "doTryCatch" "tryCatchOne" "tryCatchList" "tryCatch" "private$gmm" "self$WangShaoKim2014" "initialize" "EBMRAlgorithmFast4$new" 
"W" "doTryCatch" "tryCatchOne" "tryCatchList" "tryCatch" "conv_grad" "private$gmm" "self$WangShaoKim2014" "initialize" "EBMRAlgorithmFast4$new" 
"W" "doTryCatch" "tryCatchOne" "tryCatchList" "tryCatch" "conv_grad" "private$gmm" "self$WangShaoKim2014" "initialize" "EBMRAlgorithmFast4$new" 
"W" "doTryCatch" "tryCatchOne" "tryCatchList" "tryCatch" "conv_grad" "private$gmm" "self$WangShaoKim2014" "initialize" "EBMRAlgorithmFast4$new" 
"crossprod" "Gamma_direct" "conv_grad" "private$gmm" "self$WangShaoKim2014" "initialize" "EBMRAlgorithmFast4$new" 
"crossprod" "Gamma_direct" "conv_grad" "private$gmm" "self$WangShaoKim2014" "initialize" "EBMRAlgorithmFast4$new" 
"crossprod" "Gamma_direct" "conv_grad" "private$gmm" "self$WangShaoKim2014" "initialize" "EBMRAlgorithmFast4$new" 
"*" "g" "cache" "fn" "<Anonymous>" ".External2" "optim" "private$gmm" "self$WangShaoKim2014" "initialize" "EBMRAlgorithmFast4$new" 
"*" "g" "cache" "fn" "<Anonymous>" ".External2" "optim" "private$gmm" "self$WangShaoKim2014" "initialize" "EBMRAlgorithmFast4$new" 
"*" "g" "cache" "fn" "<Anonymous>" ".External2" "optim" "private$gmm" "self$WangShaoKim2014" "initialize" "EBMRAlgorithmFast4$new" 
"*" "g" "cache" "fn" "<Anonymous>" ".External2" "optim" "private$gmm" "self$WangShaoKim2014" "initialize" "EBMRAlgorithmFast4$new" 
"*" "g" "cache" "fn" "<Anonymous>" ".External2" "optim" "private$gmm" "self$WangShaoKim2014" "initialize" "EBMRAlgorithmFast4$new" 
"%*%" "as.vector" "Gamma_direct" "gr" "<Anonymous>" ".External2" "optim" "private$gmm" "self$WangShaoKim2014" "initialize" "EBMRAlgorithmFast4$new" 
"vapply" "pmin" "compute_pi" "as.vector" "Gamma_direct" "conv_grad" "private$gmm" "self$WangShaoKim2014" "initialize" "EBMRAlgorithmFast4$new" 
"*" "Gamma_direct" "gr" "<Anonymous>" ".External2" "optim" "private$gmm" "self$WangShaoKim2014" "initialize" "EBMRAlgorithmFast4$new" 
"*" "Gamma_direct" "gr" "<Anonymous>" ".External2" "optim" "private$gmm" "self$WangShaoKim2014" "initialize" "EBMRAlgorithmFast4$new" 
"private$gmm" "self$WangShaoKim2014" "initialize" "EBMRAlgorithmFast4$new" 
"diag" "solve.default" "solve" "W" "doTryCatch" "tryCatchOne" "tryCatchList" "tryCatch" "private$gmm" "self$WangShaoKim2014" "initialize" "EBMRAlgorithmFast4$new" 
"diag" "solve.default" "solve" "W" "doTryCatch" "tryCatchOne" "tryCatchList" "tryCatch" "private$gmm" "self$WangShaoKim2014" "initialize" "EBMRAlgorithmFast4$new" 
"*" "g" "cache" "fn" "<Anonymous>" ".External2" "optim" "private$gmm" "self$WangShaoKim2014" "initialize" "EBMRAlgorithmFast4$new" 
"*" "g" "cache" "fn" "<Anonymous>" ".External2" "optim" "private$gmm" "self$WangShaoKim2014" "initialize" "EBMRAlgorithmFast4$new" 
"*" "g" "cache" "fn" "<Anonymous>" ".External2" "optim" "private$gmm" "self$WangShaoKim2014" "initialize" "EBMRAlgorithmFast4$new" 
"*" "g" "cache" "fn" "<Anonymous>" ".External2" "optim" "private$gmm" "self$WangShaoKim2014" "initialize" "EBMRAlgorithmFast4$new" 
"*" "g" "conv_grad" "private$gmm" "self$WangShaoKim2014" "initialize" "EBMRAlgorithmFast4$new" 
"*" "g" "conv_grad" "private$gmm" "self$WangShaoKim2014" "initialize" "EBMRAlgorithmFast4$new" 
"*" "g" "conv_grad" "private$gmm" "self$WangShaoKim2014" "initialize" "EBMRAlgorithmFast4$new" 
"*" "g" "conv_grad" "private$gmm" "self$WangShaoKim2014" "initialize" "EBMRAlgorithmFast4$new" 
"*" "g" "conv_grad" "private$gmm" "self$WangShaoKim2014" "initialize" "EBMRAlgorithmFast4$new" 
"exp" "compute_pi" "g" "cache" "fn" "<Anonymous>" ".External2" "optim" "private$gmm" "self$WangShaoKim2014" "initialize" "EBMRAlgorithmFast4$new" 
"exp" "compute_pi" "g" "cache" "fn" "<Anonymous>" ".External2" "optim" "private$gmm" "self$WangShaoKim2014" "initialize" "EBMRAlgorithmFast4$new" 
"exp" "compute_pi" "g" "cache" "fn" "<Anonymous>" ".External2" "optim" "private$gmm" "self$WangShaoKim2014" "initialize" "EBMRAlgorithmFast4$new" 
".colMeans" "matrix" "cache" "fn" "<Anonymous>" ".External2" "optim" "private$gmm" "self$WangShaoKim2014" "initialize" "EBMRAlgorithmFast4$new" 
".colMeans" "matrix" "cache" "fn" "<Anonymous>" ".External2" "optim" "private$gmm" "self$WangShaoKim2014" "initialize" "EBMRAlgorithmFast4$new" 
".colMeans" "matrix" "cache" "fn" "<Anonymous>" ".External2" "optim" "private$gmm" "self$WangShaoKim2014" "initialize" "EBMRAlgorithmFast4$new" 
".colMeans" "matrix" "cache" "fn" "<Anonymous>" ".External2" "optim" "private$gmm" "self$WangShaoKim2014" "initialize" "EBMRAlgorithmFast4$new" 
"exp" "compute_pi" "g" "cache" "fn" "<Anonymous>" ".External2" "optim" "private$gmm" "self$WangShaoKim2014" "initialize" "EBMRAlgorithmFast4$new" 
"exp" "compute_pi" "g" "cache" "fn" "<Anonymous>" ".External2" "optim" "private$gmm" "self$WangShaoKim2014" "initialize" "EBMRAlgorithmFast4$new" 
"*" "g" "cache" "fn" "<Anonymous>" ".External2" "optim" "private$gmm" "self$WangShaoKim2014" "initialize" "EBMRAlgorithmFast4$new" 
"crossprod" "Gamma_direct" "gr" "<Anonymous>" ".External2" "optim" "private$gmm" "self$WangShaoKim2014" "initialize" "EBMRAlgorithmFast4$new" 
"crossprod" "Gamma_direct" "gr" "<Anonymous>" ".External2" "optim" "private$gmm" "self$WangShaoKim2014" "initialize" "EBMRAlgorithmFast4$new" 
".colMeans" "matrix" "cache" "fn" "<Anonymous>" ".External2" "optim" "private$gmm" "self$WangShaoKim2014" "initialize" "EBMRAlgorithmFast4$new" 
".colMeans" "matrix" "cache" "fn" "<Anonymous>" ".External2" "optim" "private$gmm" "self$WangShaoKim2014" "initialize" "EBMRAlgorithmFast4$new" 
".colMeans" "matrix" "cache" "fn" "<Anonymous>" ".External2" "optim" "private$gmm" "self$WangShaoKim2014" "initialize" "EBMRAlgorithmFast4$new" 
"crossprod" "Gamma_direct" "gr" "<Anonymous>" ".External2" "optim" "private$gmm" "self$WangShaoKim2014" "initialize" "EBMRAlgorithmFast4$new" 
"crossprod" "Gamma_direct" "gr" "<Anonymous>" ".External2" "optim" "private$gmm" "self$WangShaoKim2014" "initialize" "EBMRAlgorithmFast4$new" 
"crossprod" "Gamma_direct" "conv_grad" "private$gmm" "self$WangShaoKim2014" "initialize" "EBMRAlgorithmFast4$new" 
"crossprod" "Gamma_direct" "conv_grad" "private$gmm" "self$WangShaoKim2014" "initialize" "EBMRAlgorithmFast4$new" 
"%*%" "as.vector" "Gamma_direct" "gr" "<Anonymous>" ".External2" "optim" "private$gmm" "self$WangShaoKim2014" "initialize" "EBMRAlgorithmFast4$new" 
"%*%" "as.vector" "Gamma_direct" "gr" "<Anonymous>" ".External2" "optim" "private$gmm" "self$WangShaoKim2014" "initialize" "EBMRAlgorithmFast4$new" 
"%*%" "as.vector" "Gamma_direct" "gr" "<Anonymous>" ".External2" "optim" "private$gmm" "self$WangShaoKim2014" "initialize" "EBMRAlgorithmFast4$new" 
"matrix" "cache" "fn" "<Anonymous>" ".External2" "optim" "private$gmm" "self$WangShaoKim2014" "initialize" "EBMRAlgorithmFast4$new" 
"matrix" "cache" "fn" "<Anonymous>" ".External2" "optim" "private$gmm" "self$WangShaoKim2014" "initialize" "EBMRAlgorithmFast4$new" 
"matrix" "cache" "fn" "<Anonymous>" ".External2" "optim" "private$gmm" "self$WangShaoKim2014" "initialize" "EBMRAlgorithmFast4$new" 
"%*%" "as.vector" "Gamma_direct" "conv_grad" "private$gmm" "self$WangShaoKim2014" "initialize" "EBMRAlgorithmFast4$new" 
"%*%" "as.vector" "Gamma_direct" "conv_grad" "private$gmm" "self$WangShaoKim2014" "initialize" "EBMRAlgorithmFast4$new" 
"exp" "compute_pi" "g" "cache" "fn" "<Anonymous>" ".External2" "optim" "private$gmm" "self$WangShaoKim2014" "initialize" "EBMRAlgorithmFast4$new" 
"exp" "compute_pi" "g" "cache" "fn" "<Anonymous>" ".External2" "optim" "private$gmm" "self$WangShaoKim2014" "initialize" "EBMRAlgorithmFast4$new" 
"exp" "compute_pi" "g" "cache" "fn" "<Anonymous>" ".External2" "optim" "private$gmm" "self$WangShaoKim2014" "initialize" "EBMRAlgorithmFast4$new" 
"exp" "compute_pi" "g" "cache" "fn" "<Anonymous>" ".External2" "optim" "private$gmm" "self$WangShaoKim2014" "initialize" "EBMRAlgorithmFast4$new" 
"exp" "compute_pi" "g" "cache" "fn" "<Anonymous>" ".External2" "optim" "private$gmm" "self$WangShaoKim2014" "initialize" "EBMRAlgorithmFast4$new" 
"exp" "compute_pi" "g" "cache" "fn" "<Anonymous>" ".External2" "optim" "private$gmm" "self$WangShaoKim2014" "initialize" "EBMRAlgorithmFast4$new" 
"%*%" "as.vector" "Gamma_direct" "conv_grad" "private$gmm" "self$WangShaoKim2014" "initialize" "EBMRAlgorithmFast4$new" 
"%*%" "as.vector" "Gamma_direct" "conv_grad" "private$gmm" "self$WangShaoKim2014" "initialize" "EBMRAlgorithmFast4$new" 
"%*%" "as.vector" "Gamma_direct" "conv_grad" "private$gmm" "self$WangShaoKim2014" "initialize" "EBMRAlgorithmFast4$new" 
"exp" "compute_pi" "as.vector" "Gamma_direct" "gr" "<Anonymous>" ".External2" "optim" "private$gmm" "self$WangShaoKim2014" "initialize" "EBMRAlgorithmFast4$new" 
"exp" "compute_pi" "as.vector" "Gamma_direct" "gr" "<Anonymous>" ".External2" "optim" "private$gmm" "self$WangShaoKim2014" "initialize" "EBMRAlgorithmFast4$new" 
"exp" "compute_pi" "as.vector" "Gamma_direct" "gr" "<Anonymous>" ".External2" "optim" "private$gmm" "self$WangShaoKim2014" "initialize" "EBMRAlgorithmFast4$new" 
"exp" "compute_pi" "as.vector" "Gamma_direct" "gr" "<Anonymous>" ".External2" "optim" "private$gmm" "self$WangShaoKim2014" "initialize" "EBMRAlgorithmFast4$new" 
"*" "Gamma_direct" "gr" "<Anonymous>" ".External2" "optim" "private$gmm" "self$WangShaoKim2014" "initialize" "EBMRAlgorithmFast4$new" 
"*" "Gamma_direct" "gr" "<Anonymous>" ".External2" "optim" "private$gmm" "self$WangShaoKim2014" "initialize" "EBMRAlgorithmFast4$new" 
"*" "Gamma_direct" "gr" "<Anonymous>" ".External2" "optim" "private$gmm" "self$WangShaoKim2014" "initialize" "EBMRAlgorithmFast4$new" 
"*" "Gamma_direct" "gr" "<Anonymous>" ".External2" "optim" "private$gmm" "self$WangShaoKim2014" "initialize" "EBMRAlgorithmFast4$new" 
"*" "Gamma_direct" "gr" "<Anonymous>" ".External2" "optim" "private$gmm" "self$WangShaoKim2014" "initialize" "EBMRAlgorithmFast4$new" 
"exp" "compute_pi" "as.vector" "Gamma_direct" "conv_grad" "private$gmm" "self$WangShaoKim2014" "initialize" "EBMRAlgorithmFast4$new" 
"exp" "compute_pi" "as.vector" "Gamma_direct" "conv_grad" "private$gmm" "self$WangShaoKim2014" "initialize" "EBMRAlgorithmFast4$new" 
"exp" "compute_pi" "as.vector" "Gamma_direct" "conv_grad" "private$gmm" "self$WangShaoKim2014" "initialize" "EBMRAlgorithmFast4$new" 
"exp" "compute_pi" "as.vector" "Gamma_direct" "conv_grad" "private$gmm" "self$WangShaoKim2014" "initialize" "EBMRAlgorithmFast4$new" 
"exp" "compute_pi" "as.vector" "Gamma_direct" "conv_grad" "private$gmm" "self$WangShaoKim2014" "initialize" "EBMRAlgorithmFast4$new" 
"exp" "compute_pi" "as.vector" "Gamma_direct" "conv_grad" "private$gmm" "self$WangShaoKim2014" "initialize" "EBMRAlgorithmFast4$new" 
"solve" "W" "doTryCatch" "tryCatchOne" "tryCatchList" "tryCatch" "private$gmm" "self$WangShaoKim2014" "initialize" "EBMRAlgorithmFast4$new" 
"exp" "compute_pi" "g" "cache" "fn" "<Anonymous>" ".External2" "optim" "private$gmm" "self$WangShaoKim2014" "initialize" "EBMRAlgorithmFast4$new" 
"Gamma_direct" "gr" "<Anonymous>" ".External2" "optim" "private$gmm" "self$WangShaoKim2014" "initialize" "EBMRAlgorithmFast4$new" 
"Gamma_direct" "gr" "<Anonymous>" ".External2" "optim" "private$gmm" "self$WangShaoKim2014" "initialize" "EBMRAlgorithmFast4$new" 
"Gamma_direct" "gr" "<Anonymous>" ".External2" "optim" "private$gmm" "self$WangShaoKim2014" "initialize" "EBMRAlgorithmFast4$new" 
"Gamma_direct" "gr" "<Anonymous>" ".External2" "optim" "private$gmm" "self$WangShaoKim2014" "initialize" "EBMRAlgorithmFast4$new" 
"Gamma_direct" "gr" "<Anonymous>" ".External2" "optim" "private$gmm" "self$WangShaoKim2014" "initialize" "EBMRAlgorithmFast4$new" 
"Gamma_direct" "gr" "<Anonymous>" ".External2" "optim" "private$gmm" "self$WangShaoKim2014" "initialize" "EBMRAlgorithmFast4$new" 
"Gamma_direct" "gr" "<Anonymous>" ".External2" "optim" "private$gmm" "self$WangShaoKim2014" "initialize" "EBMRAlgorithmFast4$new" 
"private$gmm" "self$WangShaoKim2014" "initialize" "EBMRAlgorithmFast4$new" 
"private$gmm" "self$WangShaoKim2014" "initialize" "EBMRAlgorithmFast4$new" 
"private$gmm" "self$WangShaoKim2014" "initialize" "EBMRAlgorithmFast4$new" 
"as.vector" "Gamma_direct" "gr" "<Anonymous>" ".External2" "optim" "private$gmm" "self$WangShaoKim2014" "initialize" "EBMRAlgorithmFast4$new" 
"as.vector" "Gamma_direct" "gr" "<Anonymous>" ".External2" "optim" "private$gmm" "self$WangShaoKim2014" "initialize" "EBMRAlgorithmFast4$new" 
"t.default" "t" "solve" "W" "doTryCatch" "tryCatchOne" "tryCatchList" "tryCatch" "private$gmm" "self$WangShaoKim2014" "initialize" "EBMRAlgorithmFast4$new" 
"t.default" "t" "solve" "W" "doTryCatch" "tryCatchOne" "tryCatchList" "tryCatch" "private$gmm" "self$WangShaoKim2014" "initialize" "EBMRAlgorithmFast4$new" 
"t.default" "t" "solve" "W" "doTryCatch" "tryCatchOne" "tryCatchList" "tryCatch" "private$gmm" "self$WangShaoKim2014" "initialize" "EBMRAlgorithmFast4$new" 
"proj_grad_norm" "private$gmm" "self$WangShaoKim2014" "initialize" "EBMRAlgorithmFast4$new" 
"proj_grad_norm" "private$gmm" "self$WangShaoKim2014" "initialize" "EBMRAlgorithmFast4$new" 
"pmax" "pmin" "compute_pi" "as.vector" "Gamma_direct" "gr" "<Anonymous>" ".External2" "optim" "private$gmm" "self$WangShaoKim2014" "initialize" "EBMRAlgorithmFast4$new" 
"pmax" "pmin" "compute_pi" "as.vector" "Gamma_direct" "gr" "<Anonymous>" ".External2" "optim" "private$gmm" "self$WangShaoKim2014" "initialize" "EBMRAlgorithmFast4$new" 
"crossprod" "Gamma_direct" "gr" "<Anonymous>" ".External2" "optim" "private$gmm" "self$WangShaoKim2014" "initialize" "EBMRAlgorithmFast4$new" 
"crossprod" "Gamma_direct" "gr" "<Anonymous>" ".External2" "optim" "private$gmm" "self$WangShaoKim2014" "initialize" "EBMRAlgorithmFast4$new" 
"%*%" "g" "conv_grad" "private$gmm" "self$WangShaoKim2014" "initialize" "EBMRAlgorithmFast4$new" 
"%*%" "g" "conv_grad" "private$gmm" "self$WangShaoKim2014" "initialize" "EBMRAlgorithmFast4$new" 
"%*%" "g" "conv_grad" "private$gmm" "self$WangShaoKim2014" "initialize" "EBMRAlgorithmFast4$new" 
"g" "conv_grad" "private$gmm" "self$WangShaoKim2014" "initialize" "EBMRAlgorithmFast4$new" 
"crossprod" "Gamma_direct" "gr" "<Anonymous>" ".External2" "optim" "private$gmm" "self$WangShaoKim2014" "initialize" "EBMRAlgorithmFast4$new" 
"crossprod" "Gamma_direct" "gr" "<Anonymous>" ".External2" "optim" "private$gmm" "self$WangShaoKim2014" "initialize" "EBMRAlgorithmFast4$new" 
"*" "g" "cache" "fn" "<Anonymous>" ".External2" "optim" "private$gmm" "self$WangShaoKim2014" "initialize" "EBMRAlgorithmFast4$new" 
"*" "g" "cache" "fn" "<Anonymous>" ".External2" "optim" "private$gmm" "self$WangShaoKim2014" "initialize" "EBMRAlgorithmFast4$new" 
"*" "g" "cache" "fn" "<Anonymous>" ".External2" "optim" "private$gmm" "self$WangShaoKim2014" "initialize" "EBMRAlgorithmFast4$new" 
"exp" "compute_pi" "g" "cache" "fn" "<Anonymous>" ".External2" "optim" "private$gmm" "self$WangShaoKim2014" "initialize" "EBMRAlgorithmFast4$new" 
"Gamma_direct" "gr" "<Anonymous>" ".External2" "optim" "private$gmm" "self$WangShaoKim2014" "initialize" "EBMRAlgorithmFast4$new" 
"Gamma_direct" "gr" "<Anonymous>" ".External2" "optim" "private$gmm" "self$WangShaoKim2014" "initialize" "EBMRAlgorithmFast4$new" 
"as.vector" "g" "cache" "fn" "<Anonymous>" ".External2" "optim" "private$gmm" "self$WangShaoKim2014" "initialize" "EBMRAlgorithmFast4$new" 
"as.vector" "g" "cache" "fn" "<Anonymous>" ".External2" "optim" "private$gmm" "self$WangShaoKim2014" "initialize" "EBMRAlgorithmFast4$new" 
"as.vector" "g" "cache" "fn" "<Anonymous>" ".External2" "optim" "private$gmm" "self$WangShaoKim2014" "initialize" "EBMRAlgorithmFast4$new" 
"exp" "compute_pi" "as.vector" "Gamma_direct" "gr" "<Anonymous>" ".External2" "optim" "private$gmm" "self$WangShaoKim2014" "initialize" "EBMRAlgorithmFast4$new" 
"exp" "compute_pi" "as.vector" "Gamma_direct" "gr" "<Anonymous>" ".External2" "optim" "private$gmm" "self$WangShaoKim2014" "initialize" "EBMRAlgorithmFast4$new" 
"exp" "compute_pi" "as.vector" "Gamma_direct" "gr" "<Anonymous>" ".External2" "optim" "private$gmm" "self$WangShaoKim2014" "initialize" "EBMRAlgorithmFast4$new" 
"exp" "compute_pi" "as.vector" "Gamma_direct" "gr" "<Anonymous>" ".External2" "optim" "private$gmm" "self$WangShaoKim2014" "initialize" "EBMRAlgorithmFast4$new" 
"*" "g" "cache" "fn" "<Anonymous>" ".External2" "optim" "private$gmm" "self$WangShaoKim2014" "initialize" "EBMRAlgorithmFast4$new" 
"*" "g" "cache" "fn" "<Anonymous>" ".External2" "optim" "private$gmm" "self$WangShaoKim2014" "initialize" "EBMRAlgorithmFast4$new" 
"*" "g" "cache" "fn" "<Anonymous>" ".External2" "optim" "private$gmm" "self$WangShaoKim2014" "initialize" "EBMRAlgorithmFast4$new" 
"W" "doTryCatch" "tryCatchOne" "tryCatchList" "tryCatch" "conv_grad" "private$gmm" "self$WangShaoKim2014" "initialize" "EBMRAlgorithmFast4$new" 
"*" "g" "cache" "fn" "<Anonymous>" ".External2" "optim" "private$gmm" "self$WangShaoKim2014" "initialize" "EBMRAlgorithmFast4$new" 
"FUN" "vapply" "pmax" "pmin" "compute_pi" "as.vector" "Gamma_direct" "gr" "<Anonymous>" ".External2" "optim" "private$gmm" "self$WangShaoKim2014" "initialize" "EBMRAlgorithmFast4$new" 
"crossprod" "Gamma_direct" "gr" "<Anonymous>" ".External2" "optim" "private$gmm" "self$WangShaoKim2014" "initialize" "EBMRAlgorithmFast4$new" 
"crossprod" "Gamma_direct" "gr" "<Anonymous>" ".External2" "optim" "private$gmm" "self$WangShaoKim2014" "initialize" "EBMRAlgorithmFast4$new" 
"exp" "compute_pi" "g" "cache" "fn" "<Anonymous>" ".External2" "optim" "private$gmm" "self$WangShaoKim2014" "initialize" "EBMRAlgorithmFast4$new" 
"exp" "compute_pi" "g" "cache" "fn" "<Anonymous>" ".External2" "optim" "private$gmm" "self$WangShaoKim2014" "initialize" "EBMRAlgorithmFast4$new" 
"exp" "compute_pi" "g" "cache" "fn" "<Anonymous>" ".External2" "optim" "private$gmm" "self$WangShaoKim2014" "initialize" "EBMRAlgorithmFast4$new" 
"*" "g" "conv_grad" "private$gmm" "self$WangShaoKim2014" "initialize" "EBMRAlgorithmFast4$new" 
"*" "g" "conv_grad" "private$gmm" "self$WangShaoKim2014" "initialize" "EBMRAlgorithmFast4$new" 
"*" "g" "conv_grad" "private$gmm" "self$WangShaoKim2014" "initialize" "EBMRAlgorithmFast4$new" 
".colMeans" "matrix" "cache" "fn" "<Anonymous>" ".External2" "optim" "private$gmm" "self$WangShaoKim2014" "initialize" "EBMRAlgorithmFast4$new" 
"*" "Gamma_direct" "gr" "<Anonymous>" ".External2" "optim" "private$gmm" "self$WangShaoKim2014" "initialize" "EBMRAlgorithmFast4$new" 
"*" "Gamma_direct" "gr" "<Anonymous>" ".External2" "optim" "private$gmm" "self$WangShaoKim2014" "initialize" "EBMRAlgorithmFast4$new" 
"pmax" "pmin" "compute_pi" "g" "cache" "fn" "<Anonymous>" ".External2" "optim" "private$gmm" "self$WangShaoKim2014" "initialize" "EBMRAlgorithmFast4$new" 
"pmax" "pmin" "compute_pi" "g" "cache" "fn" "<Anonymous>" ".External2" "optim" "private$gmm" "self$WangShaoKim2014" "initialize" "EBMRAlgorithmFast4$new" 
"pmax" "pmin" "compute_pi" "as.vector" "Gamma_direct" "gr" "<Anonymous>" ".External2" "optim" "private$gmm" "self$WangShaoKim2014" "initialize" "EBMRAlgorithmFast4$new" 
"%*%" "solve" "W" "doTryCatch" "tryCatchOne" "tryCatchList" "tryCatch" "private$gmm" "self$WangShaoKim2014" "initialize" "EBMRAlgorithmFast4$new" 
"%*%" "solve" "W" "doTryCatch" "tryCatchOne" "tryCatchList" "tryCatch" "private$gmm" "self$WangShaoKim2014" "initialize" "EBMRAlgorithmFast4$new" 
"is.na" "mostattributes<-" "pmax" "pmin" "compute_pi" "g" "cache" "fn" "<Anonymous>" ".External2" "optim" "private$gmm" "self$WangShaoKim2014" "initialize" "EBMRAlgorithmFast4$new" 
"is.na" "mostattributes<-" "pmax" "pmin" "compute_pi" "g" "cache" "fn" "<Anonymous>" ".External2" "optim" "private$gmm" "self$WangShaoKim2014" "initialize" "EBMRAlgorithmFast4$new" 
"is.na" "mostattributes<-" "pmax" "pmin" "compute_pi" "g" "cache" "fn" "<Anonymous>" ".External2" "optim" "private$gmm" "self$WangShaoKim2014" "initialize" "EBMRAlgorithmFast4$new" 
"*" "g" "cache" "fn" "<Anonymous>" ".External2" "optim" "private$gmm" "self$WangShaoKim2014" "initialize" "EBMRAlgorithmFast4$new" 
"*" "g" "cache" "fn" "<Anonymous>" ".External2" "optim" "private$gmm" "self$WangShaoKim2014" "initialize" "EBMRAlgorithmFast4$new" 
"*" "g" "cache" "fn" "<Anonymous>" ".External2" "optim" "private$gmm" "self$WangShaoKim2014" "initialize" "EBMRAlgorithmFast4$new" 
"*" "g" "cache" "fn" "<Anonymous>" ".External2" "optim" "private$gmm" "self$WangShaoKim2014" "initialize" "EBMRAlgorithmFast4$new" 
"*" "g" "cache" "fn" "<Anonymous>" ".External2" "optim" "private$gmm" "self$WangShaoKim2014" "initialize" "EBMRAlgorithmFast4$new" 
"*" "g" "cache" "fn" "<Anonymous>" ".External2" "optim" "private$gmm" "self$WangShaoKim2014" "initialize" "EBMRAlgorithmFast4$new" 
"-" "Gamma_direct" "gr" "<Anonymous>" ".External2" "optim" "private$gmm" "self$WangShaoKim2014" "initialize" "EBMRAlgorithmFast4$new" 
"-" "Gamma_direct" "gr" "<Anonymous>" ".External2" "optim" "private$gmm" "self$WangShaoKim2014" "initialize" "EBMRAlgorithmFast4$new" 
"t.default" "t" "solve" "W" "doTryCatch" "tryCatchOne" "tryCatchList" "tryCatch" "conv_grad" "private$gmm" "self$WangShaoKim2014" "initialize" "EBMRAlgorithmFast4$new" 
"t.default" "t" "solve" "W" "doTryCatch" "tryCatchOne" "tryCatchList" "tryCatch" "conv_grad" "private$gmm" "self$WangShaoKim2014" "initialize" "EBMRAlgorithmFast4$new" 
"t.default" "t" "solve" "W" "doTryCatch" "tryCatchOne" "tryCatchList" "tryCatch" "conv_grad" "private$gmm" "self$WangShaoKim2014" "initialize" "EBMRAlgorithmFast4$new" 
"t.default" "t" "solve" "W" "doTryCatch" "tryCatchOne" "tryCatchList" "tryCatch" "conv_grad" "private$gmm" "self$WangShaoKim2014" "initialize" "EBMRAlgorithmFast4$new" 
"*" "g" "cache" "fn" "<Anonymous>" ".External2" "optim" "private$gmm" "self$WangShaoKim2014" "initialize" "EBMRAlgorithmFast4$new" 
"*" "g" "cache" "fn" "<Anonymous>" ".External2" "optim" "private$gmm" "self$WangShaoKim2014" "initialize" "EBMRAlgorithmFast4$new" 
"*" "g" "cache" "fn" "<Anonymous>" ".External2" "optim" "private$gmm" "self$WangShaoKim2014" "initialize" "EBMRAlgorithmFast4$new" 
"*" "g" "cache" "fn" "<Anonymous>" ".External2" "optim" "private$gmm" "self$WangShaoKim2014" "initialize" "EBMRAlgorithmFast4$new" 
"*" "g" "cache" "fn" "<Anonymous>" ".External2" "optim" "private$gmm" "self$WangShaoKim2014" "initialize" "EBMRAlgorithmFast4$new" 
"*" "Gamma_direct" "gr" "<Anonymous>" ".External2" "optim" "private$gmm" "self$WangShaoKim2014" "initialize" "EBMRAlgorithmFast4$new" 
"*" "Gamma_direct" "gr" "<Anonymous>" ".External2" "optim" "private$gmm" "self$WangShaoKim2014" "initialize" "EBMRAlgorithmFast4$new" 
"*" "Gamma_direct" "gr" "<Anonymous>" ".External2" "optim" "private$gmm" "self$WangShaoKim2014" "initialize" "EBMRAlgorithmFast4$new" 
"as.vector" "gr" "<Anonymous>" ".External2" "optim" "private$gmm" "self$WangShaoKim2014" "initialize" "EBMRAlgorithmFast4$new" 
"as.vector" "gr" "<Anonymous>" ".External2" "optim" "private$gmm" "self$WangShaoKim2014" "initialize" "EBMRAlgorithmFast4$new" 
"as.vector" "gr" "<Anonymous>" ".External2" "optim" "private$gmm" "self$WangShaoKim2014" "initialize" "EBMRAlgorithmFast4$new" 
"as.vector" "gr" "<Anonymous>" ".External2" "optim" "private$gmm" "self$WangShaoKim2014" "initialize" "EBMRAlgorithmFast4$new" 
"solve.default" "solve" "W" "doTryCatch" "tryCatchOne" "tryCatchList" "tryCatch" "private$gmm" "self$WangShaoKim2014" "initialize" "EBMRAlgorithmFast4$new" 
"solve.default" "solve" "W" "doTryCatch" "tryCatchOne" "tryCatchList" "tryCatch" "private$gmm" "self$WangShaoKim2014" "initialize" "EBMRAlgorithmFast4$new" 
"solve.default" "solve" "W" "doTryCatch" "tryCatchOne" "tryCatchList" "tryCatch" "private$gmm" "self$WangShaoKim2014" "initialize" "EBMRAlgorithmFast4$new" 
"solve.default" "solve" "W" "doTryCatch" "tryCatchOne" "tryCatchList" "tryCatch" "private$gmm" "self$WangShaoKim2014" "initialize" "EBMRAlgorithmFast4$new" 
"mostattributes<-" "pmax" "pmin" "compute_pi" "g" "conv_grad" "proj_grad_norm" "private$gmm" "self$WangShaoKim2014" "initialize" "EBMRAlgorithmFast4$new" 
"mostattributes<-" "pmax" "pmin" "compute_pi" "g" "conv_grad" "proj_grad_norm" "private$gmm" "self$WangShaoKim2014" "initialize" "EBMRAlgorithmFast4$new" 
"mostattributes<-" "pmax" "pmin" "compute_pi" "g" "conv_grad" "proj_grad_norm" "private$gmm" "self$WangShaoKim2014" "initialize" "EBMRAlgorithmFast4$new" 
"g" "func" "hessian.default" "hessian" "doTryCatch" "tryCatchOne" "tryCatchList" "tryCatch" "private$gmm" "self$WangShaoKim2014" "initialize" "EBMRAlgorithmFast4$new" 
"func" "genD.default" "genD" "hessian.default" "hessian" "doTryCatch" "tryCatchOne" "tryCatchList" "tryCatch" "private$gmm" "self$WangShaoKim2014" "initialize" "EBMRAlgorithmFast4$new" 
"func" "genD.default" "genD" "hessian.default" "hessian" "doTryCatch" "tryCatchOne" "tryCatchList" "tryCatch" "private$gmm" "self$WangShaoKim2014" "initialize" "EBMRAlgorithmFast4$new" 
"t.default" "t" "solve" "W" "doTryCatch" "tryCatchOne" "tryCatchList" "tryCatch" "func" "genD.default" "genD" "hessian.default" "hessian" "doTryCatch" "tryCatchOne" "tryCatchList" "tryCatch" "private$gmm" "self$WangShaoKim2014" "initialize" "EBMRAlgorithmFast4$new" 
"t.default" "t" "solve" "W" "doTryCatch" "tryCatchOne" "tryCatchList" "tryCatch" "func" "genD.default" "genD" "hessian.default" "hessian" "doTryCatch" "tryCatchOne" "tryCatchList" "tryCatch" "private$gmm" "self$WangShaoKim2014" "initialize" "EBMRAlgorithmFast4$new" 
"t.default" "t" "solve" "W" "doTryCatch" "tryCatchOne" "tryCatchList" "tryCatch" "func" "genD.default" "genD" "hessian.default" "hessian" "doTryCatch" "tryCatchOne" "tryCatchList" "tryCatch" "private$gmm" "self$WangShaoKim2014" "initialize" "EBMRAlgorithmFast4$new" 
"t.default" "t" "solve" "W" "doTryCatch" "tryCatchOne" "tryCatchList" "tryCatch" "func" "genD.default" "genD" "hessian.default" "hessian" "doTryCatch" "tryCatchOne" "tryCatchList" "tryCatch" "private$gmm" "self$WangShaoKim2014" "initialize" "EBMRAlgorithmFast4$new" 
"exp" "compute_pi" "g" "func" "genD.default" "genD" "hessian.default" "hessian" "doTryCatch" "tryCatchOne" "tryCatchList" "tryCatch" "private$gmm" "self$WangShaoKim2014" "initialize" "EBMRAlgorithmFast4$new" 
"exp" "compute_pi" "g" "func" "genD.default" "genD" "hessian.default" "hessian" "doTryCatch" "tryCatchOne" "tryCatchList" "tryCatch" "private$gmm" "self$WangShaoKim2014" "initialize" "EBMRAlgorithmFast4$new" 
"exp" "compute_pi" "g" "func" "genD.default" "genD" "hessian.default" "hessian" "doTryCatch" "tryCatchOne" "tryCatchList" "tryCatch" "private$gmm" "self$WangShaoKim2014" "initialize" "EBMRAlgorithmFast4$new" 
"exp" "compute_pi" "g" "func" "genD.default" "genD" "hessian.default" "hessian" "doTryCatch" "tryCatchOne" "tryCatchList" "tryCatch" "private$gmm" "self$WangShaoKim2014" "initialize" "EBMRAlgorithmFast4$new" 
"exp" "compute_pi" "g" "func" "genD.default" "genD" "hessian.default" "hessian" "doTryCatch" "tryCatchOne" "tryCatchList" "tryCatch" "private$gmm" "self$WangShaoKim2014" "initialize" "EBMRAlgorithmFast4$new" 
"exp" "compute_pi" "g" "func" "genD.default" "genD" "hessian.default" "hessian" "doTryCatch" "tryCatchOne" "tryCatchList" "tryCatch" "private$gmm" "self$WangShaoKim2014" "initialize" "EBMRAlgorithmFast4$new" 
"*" "g" "func" "genD.default" "genD" "hessian.default" "hessian" "doTryCatch" "tryCatchOne" "tryCatchList" "tryCatch" "private$gmm" "self$WangShaoKim2014" "initialize" "EBMRAlgorithmFast4$new" 
"*" "g" "func" "genD.default" "genD" "hessian.default" "hessian" "doTryCatch" "tryCatchOne" "tryCatchList" "tryCatch" "private$gmm" "self$WangShaoKim2014" "initialize" "EBMRAlgorithmFast4$new" 
"*" "g" "func" "genD.default" "genD" "hessian.default" "hessian" "doTryCatch" "tryCatchOne" "tryCatchList" "tryCatch" "private$gmm" "self$WangShaoKim2014" "initialize" "EBMRAlgorithmFast4$new" 
"%*%" "solve" "W" "doTryCatch" "tryCatchOne" "tryCatchList" "tryCatch" "func" "genD.default" "genD" "hessian.default" "hessian" "doTryCatch" "tryCatchOne" "tryCatchList" "tryCatch" "private$gmm" "self$WangShaoKim2014" "initialize" "EBMRAlgorithmFast4$new" 
"%*%" "solve" "W" "doTryCatch" "tryCatchOne" "tryCatchList" "tryCatch" "func" "genD.default" "genD" "hessian.default" "hessian" "doTryCatch" "tryCatchOne" "tryCatchList" "tryCatch" "private$gmm" "self$WangShaoKim2014" "initialize" "EBMRAlgorithmFast4$new" 
"%*%" "solve" "W" "doTryCatch" "tryCatchOne" "tryCatchList" "tryCatch" "func" "genD.default" "genD" "hessian.default" "hessian" "doTryCatch" "tryCatchOne" "tryCatchList" "tryCatch" "private$gmm" "self$WangShaoKim2014" "initialize" "EBMRAlgorithmFast4$new" 
"mostattributes<-" "pmin" "compute_pi" "g" "func" "genD.default" "genD" "hessian.default" "hessian" "doTryCatch" "tryCatchOne" "tryCatchList" "tryCatch" "private$gmm" "self$WangShaoKim2014" "initialize" "EBMRAlgorithmFast4$new" 
"mostattributes<-" "pmin" "compute_pi" "g" "func" "genD.default" "genD" "hessian.default" "hessian" "doTryCatch" "tryCatchOne" "tryCatchList" "tryCatch" "private$gmm" "self$WangShaoKim2014" "initialize" "EBMRAlgorithmFast4$new" 
"mostattributes<-" "pmin" "compute_pi" "g" "func" "genD.default" "genD" "hessian.default" "hessian" "doTryCatch" "tryCatchOne" "tryCatchList" "tryCatch" "private$gmm" "self$WangShaoKim2014" "initialize" "EBMRAlgorithmFast4$new" 
"mostattributes<-" "pmin" "compute_pi" "g" "func" "genD.default" "genD" "hessian.default" "hessian" "doTryCatch" "tryCatchOne" "tryCatchList" "tryCatch" "private$gmm" "self$WangShaoKim2014" "initialize" "EBMRAlgorithmFast4$new" 
"all" "pmax" "pmin" "compute_pi" "g" "func" "genD.default" "genD" "hessian.default" "hessian" "doTryCatch" "tryCatchOne" "tryCatchList" "tryCatch" "private$gmm" "self$WangShaoKim2014" "initialize" "EBMRAlgorithmFast4$new" 
"all" "pmax" "pmin" "compute_pi" "g" "func" "genD.default" "genD" "hessian.default" "hessian" "doTryCatch" "tryCatchOne" "tryCatchList" "tryCatch" "private$gmm" "self$WangShaoKim2014" "initialize" "EBMRAlgorithmFast4$new" 
"all" "pmax" "pmin" "compute_pi" "g" "func" "genD.default" "genD" "hessian.default" "hessian" "doTryCatch" "tryCatchOne" "tryCatchList" "tryCatch" "private$gmm" "self$WangShaoKim2014" "initialize" "EBMRAlgorithmFast4$new" 
"t.default" "t" "solve" "W" "doTryCatch" "tryCatchOne" "tryCatchList" "tryCatch" "func" "genD.default" "genD" "hessian.default" "hessian" "doTryCatch" "tryCatchOne" "tryCatchList" "tryCatch" "private$gmm" "self$WangShaoKim2014" "initialize" "EBMRAlgorithmFast4$new" 
"t.default" "t" "solve" "W" "doTryCatch" "tryCatchOne" "tryCatchList" "tryCatch" "func" "genD.default" "genD" "hessian.default" "hessian" "doTryCatch" "tryCatchOne" "tryCatchList" "tryCatch" "private$gmm" "self$WangShaoKim2014" "initialize" "EBMRAlgorithmFast4$new" 
"t.default" "t" "solve" "W" "doTryCatch" "tryCatchOne" "tryCatchList" "tryCatch" "func" "genD.default" "genD" "hessian.default" "hessian" "doTryCatch" "tryCatchOne" "tryCatchList" "tryCatch" "private$gmm" "self$WangShaoKim2014" "initialize" "EBMRAlgorithmFast4$new" 
"t.default" "t" "solve" "W" "doTryCatch" "tryCatchOne" "tryCatchList" "tryCatch" "func" "genD.default" "genD" "hessian.default" "hessian" "doTryCatch" "tryCatchOne" "tryCatchList" "tryCatch" "private$gmm" "self$WangShaoKim2014" "initialize" "EBMRAlgorithmFast4$new" 
"t.default" "t" "solve" "W" "doTryCatch" "tryCatchOne" "tryCatchList" "tryCatch" "func" "genD.default" "genD" "hessian.default" "hessian" "doTryCatch" "tryCatchOne" "tryCatchList" "tryCatch" "private$gmm" "self$WangShaoKim2014" "initialize" "EBMRAlgorithmFast4$new" 
"t.default" "t" "solve" "W" "doTryCatch" "tryCatchOne" "tryCatchList" "tryCatch" "func" "genD.default" "genD" "hessian.default" "hessian" "doTryCatch" "tryCatchOne" "tryCatchList" "tryCatch" "private$gmm" "self$WangShaoKim2014" "initialize" "EBMRAlgorithmFast4$new" 
"t.default" "t" "solve" "W" "doTryCatch" "tryCatchOne" "tryCatchList" "tryCatch" "func" "genD.default" "genD" "hessian.default" "hessian" "doTryCatch" "tryCatchOne" "tryCatchList" "tryCatch" "private$gmm" "self$WangShaoKim2014" "initialize" "EBMRAlgorithmFast4$new" 
"t.default" "t" "solve" "W" "doTryCatch" "tryCatchOne" "tryCatchList" "tryCatch" "func" "genD.default" "genD" "hessian.default" "hessian" "doTryCatch" "tryCatchOne" "tryCatchList" "tryCatch" "private$gmm" "self$WangShaoKim2014" "initialize" "EBMRAlgorithmFast4$new" 
"t.default" "t" "solve" "W" "doTryCatch" "tryCatchOne" "tryCatchList" "tryCatch" "func" "genD.default" "genD" "hessian.default" "hessian" "doTryCatch" "tryCatchOne" "tryCatchList" "tryCatch" "private$gmm" "self$WangShaoKim2014" "initialize" "EBMRAlgorithmFast4$new" 
"t.default" "t" "solve" "W" "doTryCatch" "tryCatchOne" "tryCatchList" "tryCatch" "func" "genD.default" "genD" "hessian.default" "hessian" "doTryCatch" "tryCatchOne" "tryCatchList" "tryCatch" "private$gmm" "self$WangShaoKim2014" "initialize" "EBMRAlgorithmFast4$new" 
"t.default" "t" "solve" "W" "doTryCatch" "tryCatchOne" "tryCatchList" "tryCatch" "func" "genD.default" "genD" "hessian.default" "hessian" "doTryCatch" "tryCatchOne" "tryCatchList" "tryCatch" "private$gmm" "self$WangShaoKim2014" "initialize" "EBMRAlgorithmFast4$new" 
"t.default" "t" "solve" "W" "doTryCatch" "tryCatchOne" "tryCatchList" "tryCatch" "func" "genD.default" "genD" "hessian.default" "hessian" "doTryCatch" "tryCatchOne" "tryCatchList" "tryCatch" "private$gmm" "self$WangShaoKim2014" "initialize" "EBMRAlgorithmFast4$new" 
"t.default" "t" "solve" "W" "doTryCatch" "tryCatchOne" "tryCatchList" "tryCatch" "func" "genD.default" "genD" "hessian.default" "hessian" "doTryCatch" "tryCatchOne" "tryCatchList" "tryCatch" "private$gmm" "self$WangShaoKim2014" "initialize" "EBMRAlgorithmFast4$new" 
"t.default" "t" "solve" "W" "doTryCatch" "tryCatchOne" "tryCatchList" "tryCatch" "func" "genD.default" "genD" "hessian.default" "hessian" "doTryCatch" "tryCatchOne" "tryCatchList" "tryCatch" "private$gmm" "self$WangShaoKim2014" "initialize" "EBMRAlgorithmFast4$new" 
"t.default" "t" "solve" "W" "doTryCatch" "tryCatchOne" "tryCatchList" "tryCatch" "func" "genD.default" "genD" "hessian.default" "hessian" "doTryCatch" "tryCatchOne" "tryCatchList" "tryCatch" "private$gmm" "self$WangShaoKim2014" "initialize" "EBMRAlgorithmFast4$new" 
"t.default" "t" "solve" "W" "doTryCatch" "tryCatchOne" "tryCatchList" "tryCatch" "func" "genD.default" "genD" "hessian.default" "hessian" "doTryCatch" "tryCatchOne" "tryCatchList" "tryCatch" "private$gmm" "self$WangShaoKim2014" "initialize" "EBMRAlgorithmFast4$new" 
"vapply" "pmax" "pmin" "compute_pi" "g" "func" "genD.default" "genD" "hessian.default" "hessian" "doTryCatch" "tryCatchOne" "tryCatchList" "tryCatch" "private$gmm" "self$WangShaoKim2014" "initialize" "EBMRAlgorithmFast4$new" 
"vapply" "pmax" "pmin" "compute_pi" "g" "func" "genD.default" "genD" "hessian.default" "hessian" "doTryCatch" "tryCatchOne" "tryCatchList" "tryCatch" "private$gmm" "self$WangShaoKim2014" "initialize" "EBMRAlgorithmFast4$new" 
"vapply" "pmax" "pmin" "compute_pi" "g" "func" "genD.default" "genD" "hessian.default" "hessian" "doTryCatch" "tryCatchOne" "tryCatchList" "tryCatch" "private$gmm" "self$WangShaoKim2014" "initialize" "EBMRAlgorithmFast4$new" 
"pmin" "compute_pi" "g" "func" "genD.default" "genD" "hessian.default" "hessian" "doTryCatch" "tryCatchOne" "tryCatchList" "tryCatch" "private$gmm" "self$WangShaoKim2014" "initialize" "EBMRAlgorithmFast4$new" 
"pmin" "compute_pi" "g" "func" "genD.default" "genD" "hessian.default" "hessian" "doTryCatch" "tryCatchOne" "tryCatchList" "tryCatch" "private$gmm" "self$WangShaoKim2014" "initialize" "EBMRAlgorithmFast4$new" 
"pmin" "compute_pi" "g" "func" "genD.default" "genD" "hessian.default" "hessian" "doTryCatch" "tryCatchOne" "tryCatchList" "tryCatch" "private$gmm" "self$WangShaoKim2014" "initialize" "EBMRAlgorithmFast4$new" 
"pmin" "compute_pi" "g" "func" "genD.default" "genD" "hessian.default" "hessian" "doTryCatch" "tryCatchOne" "tryCatchList" "tryCatch" "private$gmm" "self$WangShaoKim2014" "initialize" "EBMRAlgorithmFast4$new" 
"pmin" "compute_pi" "g" "func" "genD.default" "genD" "hessian.default" "hessian" "doTryCatch" "tryCatchOne" "tryCatchList" "tryCatch" "private$gmm" "self$WangShaoKim2014" "initialize" "EBMRAlgorithmFast4$new" 
"pmax" "pmin" "compute_pi" "g" "func" "genD.default" "genD" "hessian.default" "hessian" "doTryCatch" "tryCatchOne" "tryCatchList" "tryCatch" "private$gmm" "self$WangShaoKim2014" "initialize" "EBMRAlgorithmFast4$new" 
"pmax" "pmin" "compute_pi" "g" "func" "genD.default" "genD" "hessian.default" "hessian" "doTryCatch" "tryCatchOne" "tryCatchList" "tryCatch" "private$gmm" "self$WangShaoKim2014" "initialize" "EBMRAlgorithmFast4$new" 
"pmax" "pmin" "compute_pi" "g" "func" "genD.default" "genD" "hessian.default" "hessian" "doTryCatch" "tryCatchOne" "tryCatchList" "tryCatch" "private$gmm" "self$WangShaoKim2014" "initialize" "EBMRAlgorithmFast4$new" 
"as.matrix" "solve.default" "solve" "W" "doTryCatch" "tryCatchOne" "tryCatchList" "tryCatch" "func" "genD.default" "genD" "hessian.default" "hessian" "doTryCatch" "tryCatchOne" "tryCatchList" "tryCatch" "private$gmm" "self$WangShaoKim2014" "initialize" "EBMRAlgorithmFast4$new" 
"as.matrix" "solve.default" "solve" "W" "doTryCatch" "tryCatchOne" "tryCatchList" "tryCatch" "func" "genD.default" "genD" "hessian.default" "hessian" "doTryCatch" "tryCatchOne" "tryCatchList" "tryCatch" "private$gmm" "self$WangShaoKim2014" "initialize" "EBMRAlgorithmFast4$new" 
"as.matrix" "solve.default" "solve" "W" "doTryCatch" "tryCatchOne" "tryCatchList" "tryCatch" "func" "genD.default" "genD" "hessian.default" "hessian" "doTryCatch" "tryCatchOne" "tryCatchList" "tryCatch" "private$gmm" "self$WangShaoKim2014" "initialize" "EBMRAlgorithmFast4$new" 
"as.matrix" "solve.default" "solve" "W" "doTryCatch" "tryCatchOne" "tryCatchList" "tryCatch" "func" "genD.default" "genD" "hessian.default" "hessian" "doTryCatch" "tryCatchOne" "tryCatchList" "tryCatch" "private$gmm" "self$WangShaoKim2014" "initialize" "EBMRAlgorithmFast4$new" 
"as.matrix" "solve.default" "solve" "W" "doTryCatch" "tryCatchOne" "tryCatchList" "tryCatch" "func" "genD.default" "genD" "hessian.default" "hessian" "doTryCatch" "tryCatchOne" "tryCatchList" "tryCatch" "private$gmm" "self$WangShaoKim2014" "initialize" "EBMRAlgorithmFast4$new" 
"as.matrix" "solve.default" "solve" "W" "doTryCatch" "tryCatchOne" "tryCatchList" "tryCatch" "func" "genD.default" "genD" "hessian.default" "hessian" "doTryCatch" "tryCatchOne" "tryCatchList" "tryCatch" "private$gmm" "self$WangShaoKim2014" "initialize" "EBMRAlgorithmFast4$new" 
"*" "g" "func" "genD.default" "genD" "hessian.default" "hessian" "doTryCatch" "tryCatchOne" "tryCatchList" "tryCatch" "private$gmm" "self$WangShaoKim2014" "initialize" "EBMRAlgorithmFast4$new" 
"*" "g" "func" "genD.default" "genD" "hessian.default" "hessian" "doTryCatch" "tryCatchOne" "tryCatchList" "tryCatch" "private$gmm" "self$WangShaoKim2014" "initialize" "EBMRAlgorithmFast4$new" 
"g" "func" "genD.default" "genD" "hessian.default" "hessian" "doTryCatch" "tryCatchOne" "tryCatchList" "tryCatch" "private$gmm" "self$WangShaoKim2014" "initialize" "EBMRAlgorithmFast4$new" 
"g" "func" "genD.default" "genD" "hessian.default" "hessian" "doTryCatch" "tryCatchOne" "tryCatchList" "tryCatch" "private$gmm" "self$WangShaoKim2014" "initialize" "EBMRAlgorithmFast4$new" 
"g" "func" "genD.default" "genD" "hessian.default" "hessian" "doTryCatch" "tryCatchOne" "tryCatchList" "tryCatch" "private$gmm" "self$WangShaoKim2014" "initialize" "EBMRAlgorithmFast4$new" 
"/" "g" "func" "genD.default" "genD" "hessian.default" "hessian" "doTryCatch" "tryCatchOne" "tryCatchList" "tryCatch" "private$gmm" "self$WangShaoKim2014" "initialize" "EBMRAlgorithmFast4$new" 
"/" "g" "func" "genD.default" "genD" "hessian.default" "hessian" "doTryCatch" "tryCatchOne" "tryCatchList" "tryCatch" "private$gmm" "self$WangShaoKim2014" "initialize" "EBMRAlgorithmFast4$new" 
"/" "g" "func" "genD.default" "genD" "hessian.default" "hessian" "doTryCatch" "tryCatchOne" "tryCatchList" "tryCatch" "private$gmm" "self$WangShaoKim2014" "initialize" "EBMRAlgorithmFast4$new" 
"/" "g" "func" "genD.default" "genD" "hessian.default" "hessian" "doTryCatch" "tryCatchOne" "tryCatchList" "tryCatch" "private$gmm" "self$WangShaoKim2014" "initialize" "EBMRAlgorithmFast4$new" 
"*" "dg" "t_Gamma_i" "private$gmm" "self$WangShaoKim2014" "initialize" "EBMRAlgorithmFast4$new" 
"as.vector" "ebmr2$EBMR_IPW" 
"as.vector" "ebmr2$EBMR_IPW" 
